{
    "dist": {
        "deciles": [
            1.95124,
            3.16419,
            4.31796,
            5.4763,
            6.70425,
            8.08848,
            9.77602,
            12.0859,
            16.005,
            32.4307
        ],
        "mean_corrected_is_ppp": "(PPP$)",
        "uses": "GQ",
        "FGT2": 0.0,
        "mean_poor50_is_ppp": "(PPP$)",
        "PG": 0.0,
        "HC": 0.0,
        "poverty_uses": "GQ",
        "median_ppp": 555.196079831867,
        "poverty_uses_commentary": "(Beta is invalid.)",
        "mean_corrected": -0.361222,
        "Gini": 42.7876,
        "elasticity": {
            "HC_wrt_mean_C": 0.0,
            "FGT2_wrt_mean_C": 0.0,
            "HC_wrt_Gini": 0.0,
            "PG_wrt_Gini": 0.0,
            "FGT2_wrt_Gini": 0.0,
            "PG_wrt_mean_C": 0.0
        },
        "Watt": "0",
        "median": 200.549,
        "mean_poor50": 117.772,
        "polarization": 37.996,
        "median_is_ppp": "(PPP$)",
        "uses_commentary": "(Beta lorenz curves is invalid)",
        "MLD": 0.319819
    },
    "lorenz": {
        "L": [
            0.005861822,
            0.01775607,
            0.03483644,
            0.05129798,
            0.07215767,
            0.09553379,
            0.1209714,
            0.1500586,
            0.1926372,
            0.2176781,
            0.2547351,
            0.2966465,
            0.3431136,
            0.3945001,
            0.4510633,
            0.5205391,
            0.5887807,
            0.6785142,
            0.7907634,
            1.0
        ],
        "index": [
            1,
            2,
            3,
            4,
            5,
            6,
            7,
            8,
            9,
            10,
            11,
            12,
            13,
            14,
            15,
            16,
            17,
            18,
            19,
            20
        ],
        "p": [
            0.0512,
            0.1003,
            0.1544,
            0.2001,
            0.2513,
            0.3015,
            0.3502,
            0.4001,
            0.4655,
            0.5014,
            0.5502,
            0.6002,
            0.6502,
            0.7006,
            0.7505,
            0.8043,
            0.8501,
            0.9003,
            0.9501,
            1.0
        ]
    },
    "quadratic": {
        "summary": {
            "lorenz_validity": "Valid",
            "Z": {
                "high": 2974.76,
                "low": 103.543
            },
            "sse_up_to_hcindex": 6.49648e-06,
            "poverty_normality": "Normal",
            "sse_fitted": 3.36307e-05
        },
        "inputs": {
            "line_month_ppp": 57.7917,
            "mean_month_ppp": 754.233
        },
        "dist": {
            "deciles": [
                1.95124,
                3.16419,
                4.31796,
                5.4763,
                6.70425,
                8.08848,
                9.77602,
                12.0859,
                16.005,
                32.4307
            ],
            "mean_corrected_is_ppp": "(PPP$)",
            "mean_poor50": 117.772,
            "mean_poor50_is_ppp": "(PPP$)",
            "PG": 0.0,
            "HC": 0.0,
            "median_ppp": 555.196079831867,
            "median": 200.549,
            "Gini": 42.7876,
            "elasticity": {
                "HC_wrt_mean_C": 0.0,
                "FGT2_wrt_mean_C": 0.0,
                "HC_wrt_Gini": 0.0,
                "PG_wrt_Gini": 0.0,
                "FGT2_wrt_Gini": 0.0,
                "PG_wrt_mean_C": 0.0
            },
            "Watt": "0",
            "mean_corrected": 155.873,
            "FGT2": 0.0,
            "polarization": 37.996,
            "median_is_ppp": "(PPP$)",
            "MLD": 0.319819
        },
        "reg": {
            "SSE": 3.035385e-05,
            "SST": 0.1272715,
            "R2": 0.9997615,
            "RMSE": 0.001377358,
            "ymean": 0.1475924,
            "MSE": 1.897115e-06,
            "params": {
                "A": {
                    "coef": 0.933011,
                    "t": 137.928,
                    "se": 0.0067645
                },
                "B": {
                    "coef": -0.846575,
                    "t": -25.4842,
                    "se": 0.03322
                },
                "C": {
                    "t": 13.4653,
                    "coef": 0.163256,
                    "se": 0.012124
                }
            }
        }
    },
    "dataset": {
        "source": "ARG_U1986Y",
        "year": 1986,
        "coverage": "Urban",
        "timespan": "UnDefined",
        "iso3c": "ARG",
        "format": "Grouped",
        "country": "Argentina",
        "measure": "Income"
    },
    "summary": {
        "lorenz_validity": "Valid",
        "Z": {
            "high": 2974.76,
            "low": 103.543
        },
        "sse_up_to_hcindex": 6.49648e-06,
        "poverty_normality": "Normal",
        "sse_fitted": 3.36307e-05
    },
    "inputs": {
        "line_month_ppp": 57.7917,
        "mean_month_ppp": 754.233
    },
    "beta": {
        "implied": {
            "theta": 0.7837369,
            "gamma": 0.9563742,
            "delta": 0.5055781
        },
        "summary": {
            "lorenz_validity": "Invalid",
            "Z": {
                "high": 2700.0,
                "low": 0.0
            },
            "sse_up_to_hcindex": 7.28645e-07,
            "poverty_normality": "Normal",
            "sse_fitted": 0.00011592
        },
        "reg": {
            "SSE": 0.002606986,
            "SST": 4.743475,
            "R2": 0.9994504,
            "RMSE": 0.01276466,
            "ymean": -1.59266,
            "MSE": 0.0001629367,
            "params": {
                "A": {
                    "coef": -0.243682,
                    "t": -22.2753,
                    "se": 0.01094
                },
                "B": {
                    "coef": 0.956374,
                    "t": 157.908,
                    "se": 0.0060565
                },
                "C": {
                    "t": 84.0642,
                    "coef": 0.505578,
                    "se": 0.0060142
                }
            }
        },
        "dist": {
            "PG": 0.423218,
            "HC": 0.708414,
            "elasticity": {
                "HC_wrt_mean_C": -1.62562,
                "FGT2_wrt_mean_C": -0.00473689,
                "HC_wrt_Gini": 19.5902,
                "PG_wrt_Gini": 21.1717,
                "FGT2_wrt_Gini": 26.1589,
                "PG_wrt_mean_C": -0.673873
            },
            "Watt": "0.000229014",
            "FGT2": 0.422218
        },
        "inputs": {
            "line_month_ppp": 57.7917,
            "mean_month_ppp": 754.233
        }
    }
}