{
    "dataset": {
        "source": "ARG_U1991Y",
        "timespan": "UnDefined",
        "coverage": "Urban",
        "year": 1991,
        "iso3c": "ARG",
        "format": "Unit record",
        "country": "Argentina",
        "measure": "Income"
    },
    "lorenz": {
        "L": [
            0.0064517,
            0.01755,
            0.031659,
            0.050892,
            0.070335,
            0.09134,
            0.1138,
            0.1435,
            0.17016,
            0.19929,
            0.234,
            0.27382,
            0.32445,
            0.36303,
            0.4147,
            0.49213,
            0.55108,
            0.63472,
            0.75237,
            1.0
        ],
        "index": [
            0,
            1,
            2,
            3,
            4,
            5,
            6,
            7,
            8,
            9,
            10,
            11,
            12,
            13,
            14,
            15,
            16,
            17,
            18,
            19
        ],
        "p": [
            0.050129,
            0.10043,
            0.15078,
            0.2082,
            0.25807,
            0.30624,
            0.35299,
            0.40882,
            0.45428,
            0.50019,
            0.55093,
            0.60283,
            0.66193,
            0.70256,
            0.75085,
            0.81316,
            0.85255,
            0.90042,
            0.95114,
            1.0
        ]
    },
    "dist": {
        "deciles": [
            1.7454,
            3.0691,
            4.0474,
            5.0186,
            6.0366,
            7.2479,
            8.8945,
            11.519,
            15.82,
            36.602
        ],
        "Gini": 0.467617,
        "Watt": 0.00297255,
        "MLD": 0.446375,
        "FGT2": 0.00553001,
        "PG": 0.00672317,
        "HC": 0.0110414,
        "median_ppp": 370.92
    },
    "sample": {
        "mean_month_lcu": 2466470.0,
        "effective_pop_wealth": 6822020000000.0,
        "month_min": 0.0,
        "mean_month_ppp": 559.794,
        "month_max": 44701200.0,
        "month_max_is_ppp": "",
        "month_min_is_ppp": "",
        "N": 759,
        "effective_pop_wealth_is_ppp": "",
        "effective_pop_N": 7657080.0
    },
    "inputs": {
        "line_month_lcu": 254632.0,
        "line_day_ppp": 1.9,
        "ppp": 2.76838,
        "line_month_ppp": 57.7917
    }
}