{
    "dist": {
        "deciles": [
            2.29596,
            3.23571,
            4.18615,
            5.18729,
            6.29059,
            7.57512,
            9.18515,
            11.4447,
            15.3778,
            35.2215
        ],
        "mean_corrected_is_ppp": "(PPP$)",
        "uses": "GQ",
        "FGT2": 1.89408,
        "mean_poor50_is_ppp": "(PPP$)",
        "PG": 4.82196,
        "HC": 17.9017,
        "poverty_uses": "GQ",
        "median_ppp": 111.991774973006,
        "poverty_uses_commentary": "(Both are valid and normal, but GQ fits better.)",
        "mean_corrected": -0.0054413,
        "Gini": 44.4186,
        "elasticity": {
            "HC_wrt_mean_C": -2.10663,
            "FGT2_wrt_mean_C": -3.09161,
            "HC_wrt_Gini": 3.81512,
            "PG_wrt_Gini": 7.72344,
            "FGT2_wrt_Gini": 11.2209,
            "PG_wrt_mean_C": -2.71254
        },
        "Watt": "0.062361",
        "median": 0.609381,
        "mean_poor50": 0.374721,
        "polarization": 38.2662,
        "median_is_ppp": "(PPP$)",
        "uses_commentary": "(Both are valid, but GQ fits better)",
        "MLD": 0.335479
    },
    "inputs": {
        "line_month_ppp": 57.7917,
        "mean_month_ppp": 162.453
    },
    "quadratic": {
        "summary": {
            "lorenz_validity": "Valid",
            "Z": {
                "high": 657.588,
                "low": 33.7287
            },
            "sse_up_to_hcindex": 4.88647e-06,
            "poverty_normality": "Normal",
            "sse_fitted": 1.55173e-05
        },
        "inputs": {
            "line_month_ppp": 57.7917,
            "mean_month_ppp": 162.453
        },
        "dist": {
            "deciles": [
                2.29596,
                3.23571,
                4.18615,
                5.18729,
                6.29059,
                7.57512,
                9.18515,
                11.4447,
                15.3778,
                35.2215
            ],
            "mean_corrected_is_ppp": "(PPP$)",
            "mean_poor50": 0.374721,
            "mean_poor50_is_ppp": "(PPP$)",
            "PG": 4.48324,
            "HC": 18.4279,
            "median_ppp": 111.991774973006,
            "median": 0.609381,
            "Gini": 44.4186,
            "elasticity": {
                "HC_wrt_mean_C": -2.04695,
                "FGT2_wrt_mean_C": -4.16155,
                "HC_wrt_Gini": 3.70705,
                "PG_wrt_Gini": 8.44396,
                "FGT2_wrt_Gini": 13.1586,
                "PG_wrt_mean_C": -3.11039
            },
            "Watt": "0.057793",
            "mean_corrected": 0.491314,
            "FGT2": 1.45523,
            "polarization": 38.2662,
            "median_is_ppp": "(PPP$)",
            "MLD": 0.335479
        },
        "reg": {
            "SSE": 2.100372e-05,
            "SST": 0.05715651,
            "R2": 0.9996325,
            "RMSE": 0.001870995,
            "ymean": 0.1525607,
            "MSE": 3.500621e-06,
            "params": {
                "A": {
                    "coef": 0.764374,
                    "t": 55.985,
                    "se": 0.013653
                },
                "B": {
                    "coef": -0.593426,
                    "t": -7.14761,
                    "se": 0.083024
                },
                "C": {
                    "t": 8.58375,
                    "coef": 0.260592,
                    "se": 0.030359
                }
            }
        }
    },
    "dataset": {
        "source": "ARM_N1996Y",
        "year": 1996,
        "coverage": "National",
        "timespan": "UnDefined",
        "iso3c": "ARM",
        "format": "Grouped",
        "country": "Armenia",
        "measure": "Income"
    },
    "summary": {
        "lorenz_validity": "Valid",
        "Z": {
            "high": 657.588,
            "low": 33.7287
        },
        "sse_up_to_hcindex": 1.04317e-06,
        "poverty_normality": "Normal",
        "sse_fitted": 1.55173e-05
    },
    "lorenz": {
        "L": [
            0.02077132,
            0.05500393,
            0.09828333,
            0.1501844,
            0.2123238,
            0.2870495,
            0.3780975,
            0.4935057,
            0.650058,
            1.0
        ],
        "index": [
            1,
            2,
            3,
            4,
            5,
            6,
            7,
            8,
            9,
            10
        ],
        "p": [
            0.1,
            0.2,
            0.3,
            0.4,
            0.5,
            0.6,
            0.7,
            0.8,
            0.9,
            1.0
        ]
    },
    "beta": {
        "implied": {
            "gamma": 0.9653192,
            "theta": 0.7596427,
            "delta": 0.4347353
        },
        "summary": {
            "lorenz_validity": "Valid",
            "Z": {
                "high": 616.932,
                "low": 15.2133
            },
            "sse_up_to_hcindex": 1.04317e-06,
            "poverty_normality": "Normal",
            "sse_fitted": 2.6891e-05
        },
        "inputs": {
            "line_month_ppp": 57.7917,
            "mean_month_ppp": 162.453
        },
        "dist": {
            "deciles": [
                2.14045,
                3.2798,
                4.23168,
                5.22777,
                6.33631,
                7.63414,
                9.25169,
                11.4758,
                15.2048,
                35.2176
            ],
            "mean_corrected_is_ppp": "(PPP$)",
            "mean_poor50": 0.37508,
            "mean_poor50_is_ppp": "(PPP$)",
            "PG": 4.82196,
            "HC": 17.9017,
            "median_ppp": 112.832221769066,
            "median": 0.613954,
            "Gini": 44.505,
            "elasticity": {
                "HC_wrt_mean_C": -2.10663,
                "FGT2_wrt_mean_C": -3.09161,
                "HC_wrt_Gini": 3.81512,
                "PG_wrt_Gini": 7.72344,
                "FGT2_wrt_Gini": 11.2209,
                "PG_wrt_mean_C": -2.71254
            },
            "Watt": "0.062361",
            "mean_corrected": 0.490551,
            "FGT2": 1.89408,
            "polarization": -123.958,
            "median_is_ppp": "(PPP$)",
            "MLD": 0.343123
        },
        "reg": {
            "SSE": 0.0004407341,
            "SST": 1.707329,
            "R2": 0.9997419,
            "RMSE": 0.008570629,
            "ymean": -1.507179,
            "MSE": 7.345569e-05,
            "params": {
                "A": {
                    "coef": -0.274907,
                    "t": -20.2401,
                    "se": 0.013582
                },
                "B": {
                    "coef": 0.965319,
                    "t": 122.881,
                    "se": 0.0078557
                },
                "C": {
                    "t": 55.34,
                    "coef": 0.434735,
                    "se": 0.0078557
                }
            }
        }
    }
}