{
    "dataset": {
        "source": "AUS_N2003Y",
        "timespan": "UnDefined",
        "coverage": "National",
        "year": 2003,
        "iso3c": "AUS",
        "format": "Unit record",
        "country": "Australia",
        "measure": "Income"
    },
    "lorenz": {
        "L": [
            0.0063572,
            0.02404,
            0.045694,
            0.070814,
            0.097327,
            0.12636,
            0.15825,
            0.1923,
            0.22854,
            0.26805,
            0.31066,
            0.35699,
            0.40726,
            0.46234,
            0.5225,
            0.58913,
            0.66344,
            0.74785,
            0.84752,
            1.0
        ],
        "index": [
            0,
            1,
            2,
            3,
            4,
            5,
            6,
            7,
            8,
            9,
            10,
            11,
            12,
            13,
            14,
            15,
            16,
            17,
            18,
            19
        ],
        "p": [
            0.05024,
            0.10042,
            0.15015,
            0.20104,
            0.25033,
            0.30006,
            0.35044,
            0.40074,
            0.45006,
            0.50015,
            0.5502,
            0.6002,
            0.65021,
            0.70029,
            0.7501,
            0.80016,
            0.85009,
            0.90009,
            0.95,
            1.0
        ]
    },
    "dist": {
        "deciles": [
            2.3893,
            4.6409,
            5.603,
            6.547,
            7.6136,
            8.8861,
            10.522,
            12.689,
            15.878,
            25.231
        ],
        "Gini": 0.340083,
        "Watt": 0.00507353,
        "MLD": 0.247862,
        "FGT2": 0.507389,
        "PG": 0.0497662,
        "HC": 0.0135699,
        "median_ppp": 981.724
    },
    "sample": {
        "mean_month_lcu": 1462.86,
        "effective_pop_wealth": 95823.4,
        "month_min": -509.063,
        "mean_month_ppp": 1204.26,
        "month_max": 6525.49,
        "month_max_is_ppp": "(PPP$)",
        "month_min_is_ppp": "(PPP$)",
        "N": 299,
        "effective_pop_wealth_is_ppp": "(PPP$)",
        "effective_pop_N": 100.001
    },
    "inputs": {
        "line_month_lcu": 70.2022,
        "line_day_ppp": 1.9,
        "ppp": 1.52664,
        "line_month_ppp": 57.7917
    }
}