{
    "dataset": {
        "source": "AUS_N2010Y",
        "timespan": "UnDefined",
        "coverage": "National",
        "year": 2010,
        "iso3c": "AUS",
        "format": "Unit record",
        "country": "Australia",
        "measure": "Income"
    },
    "lorenz": {
        "L": [
            0.0094613,
            0.025859,
            0.047388,
            0.07095,
            0.099188,
            0.12572,
            0.15639,
            0.18928,
            0.22486,
            0.26342,
            0.30545,
            0.35069,
            0.39996,
            0.45396,
            0.51316,
            0.57872,
            0.65164,
            0.73493,
            0.83541,
            1.0
        ],
        "index": [
            0,
            1,
            2,
            3,
            4,
            5,
            6,
            7,
            8,
            9,
            10,
            11,
            12,
            13,
            14,
            15,
            16,
            17,
            18,
            19
        ],
        "p": [
            0.053317,
            0.10014,
            0.15073,
            0.20004,
            0.25365,
            0.30003,
            0.35011,
            0.40011,
            0.45004,
            0.50006,
            0.55023,
            0.60012,
            0.6501,
            0.7001,
            0.75007,
            0.80021,
            0.85009,
            0.90012,
            0.95015,
            1.0
        ]
    },
    "dist": {
        "deciles": [
            2.5812,
            4.5119,
            5.4775,
            6.3499,
            7.417,
            8.7207,
            10.328,
            12.459,
            15.629,
            26.526
        ],
        "Gini": 0.349363,
        "Watt": 0.00217587,
        "MLD": 0.237684,
        "FGT2": 0.130533,
        "PG": 0.0257314,
        "HC": 0.00670966,
        "median_ppp": 1329.87
    },
    "sample": {
        "mean_month_lcu": 2447.04,
        "effective_pop_wealth": 160297.0,
        "month_min": -241.724,
        "mean_month_ppp": 1655.85,
        "month_max": 12183.0,
        "month_max_is_ppp": "(PPP$)",
        "month_min_is_ppp": "(PPP$)",
        "N": 300,
        "effective_pop_wealth_is_ppp": "(PPP$)",
        "effective_pop_N": 100.005
    },
    "inputs": {
        "line_month_lcu": 85.4055,
        "line_day_ppp": 1.9,
        "ppp": 1.52664,
        "line_month_ppp": 57.7917
    }
}