{
    "dataset": {
        "source": "AUS_N1981Y",
        "timespan": "UnDefined",
        "coverage": "National",
        "year": 1981,
        "iso3c": "AUS",
        "format": "Unit record",
        "country": "Australia",
        "measure": "Income"
    },
    "lorenz": {
        "L": [
            0.0095961,
            0.027815,
            0.050478,
            0.076726,
            0.10568,
            0.13665,
            0.17005,
            0.20588,
            0.24368,
            0.28698,
            0.32793,
            0.37474,
            0.42567,
            0.48152,
            0.54169,
            0.60847,
            0.68273,
            0.76677,
            0.8651,
            1.0
        ],
        "index": [
            0,
            1,
            2,
            3,
            4,
            5,
            6,
            7,
            8,
            9,
            10,
            11,
            12,
            13,
            14,
            15,
            16,
            17,
            18,
            19
        ],
        "p": [
            0.050021,
            0.10015,
            0.15002,
            0.20005,
            0.25024,
            0.30015,
            0.35001,
            0.40023,
            0.45016,
            0.50347,
            0.55021,
            0.60007,
            0.65003,
            0.70032,
            0.75004,
            0.80011,
            0.85003,
            0.90004,
            0.95012,
            1.0
        ]
    },
    "dist": {
        "deciles": [
            2.7759,
            4.8938,
            5.9857,
            6.9159,
            7.8447,
            9.0515,
            10.649,
            12.716,
            15.838,
            23.33
        ],
        "Gini": 0.31325,
        "Watt": 0.00908305,
        "MLD": 0.185651,
        "FGT2": 0.00329924,
        "PG": 0.00485225,
        "HC": 0.0100002,
        "median_ppp": 878.833
    },
    "sample": {
        "mean_month_lcu": 462.793,
        "effective_pop_wealth": 30313.9,
        "month_min": 2.60179,
        "mean_month_ppp": 1041.65,
        "month_max": 1336.63,
        "month_max_is_ppp": "(PPP$)",
        "month_min_is_ppp": "(PPP$)",
        "N": 300,
        "effective_pop_wealth_is_ppp": "(PPP$)",
        "effective_pop_N": 99.998
    },
    "inputs": {
        "line_month_lcu": 25.6762,
        "line_day_ppp": 1.9,
        "ppp": 1.52664,
        "line_month_ppp": 57.7917
    }
}