{
    "dataset": {
        "source": "AUS_N1989Y",
        "timespan": "UnDefined",
        "coverage": "National",
        "year": 1989,
        "iso3c": "AUS",
        "format": "Unit record",
        "country": "Australia",
        "measure": "Income"
    },
    "lorenz": {
        "L": [
            0.0088682,
            0.026333,
            0.047925,
            0.07267,
            0.10013,
            0.12984,
            0.16198,
            0.19641,
            0.23322,
            0.27294,
            0.3161,
            0.36266,
            0.41312,
            0.46805,
            0.52807,
            0.59428,
            0.66856,
            0.75311,
            0.85229,
            1.0
        ],
        "index": [
            0,
            1,
            2,
            3,
            4,
            5,
            6,
            7,
            8,
            9,
            10,
            11,
            12,
            13,
            14,
            15,
            16,
            17,
            18,
            19
        ],
        "p": [
            0.050032,
            0.10006,
            0.15014,
            0.20006,
            0.25009,
            0.30002,
            0.35002,
            0.40009,
            0.45004,
            0.50009,
            0.55016,
            0.60011,
            0.65005,
            0.70003,
            0.7501,
            0.80007,
            0.85011,
            0.90004,
            0.95009,
            1.0
        ]
    },
    "dist": {
        "deciles": [
            2.6311,
            4.6332,
            5.7182,
            6.6526,
            7.6523,
            8.9688,
            10.546,
            12.617,
            15.886,
            24.696
        ],
        "Gini": 0.331524,
        "Watt": 0.0101849,
        "MLD": 0.20656,
        "FGT2": 0.0033891,
        "PG": 0.00445885,
        "HC": 0.0067602,
        "median_ppp": 912.44
    },
    "sample": {
        "mean_month_lcu": 911.767,
        "effective_pop_wealth": 59722.0,
        "month_min": 2.53825,
        "mean_month_ppp": 1107.18,
        "month_max": 3847.8,
        "month_max_is_ppp": "(PPP$)",
        "month_min_is_ppp": "(PPP$)",
        "N": 300,
        "effective_pop_wealth_is_ppp": "(PPP$)",
        "effective_pop_N": 99.997
    },
    "inputs": {
        "line_month_lcu": 47.5918,
        "line_day_ppp": 1.9,
        "ppp": 1.52664,
        "line_month_ppp": 57.7917
    }
}