{
    "dist": {
        "deciles": [
            4.12656,
            5.58973,
            6.67922,
            7.6121,
            8.49529,
            9.40947,
            10.4512,
            11.7993,
            13.9715,
            21.8656
        ],
        "mean_corrected_is_ppp": "(PPP$)",
        "uses": "GQ",
        "FGT2": 3.83713,
        "mean_poor50_is_ppp": "(PPP$)",
        "PG": 10.4647,
        "HC": 40.825,
        "poverty_uses": "GQ",
        "median_ppp": 63.572402071378,
        "poverty_uses_commentary": "(Both are valid and normal, but GQ fits better.)",
        "mean_corrected": -0.0402428,
        "Gini": 25.8765,
        "elasticity": {
            "HC_wrt_mean_C": -2.27151,
            "FGT2_wrt_mean_C": -3.45444,
            "HC_wrt_Gini": 0.523356,
            "PG_wrt_Gini": 1.89884,
            "FGT2_wrt_Gini": 3.2567,
            "PG_wrt_mean_C": -2.90121
        },
        "Watt": "0.137231",
        "median": 2.55833,
        "mean_poor50": 1.86017,
        "polarization": 20.3966,
        "median_is_ppp": "(PPP$)",
        "uses_commentary": "(Both are valid, but GQ fits better)",
        "MLD": 0.112144
    },
    "inputs": {
        "line_month_ppp": 57.7917,
        "mean_month_ppp": 71.1069
    },
    "quadratic": {
        "summary": {
            "lorenz_validity": "Valid",
            "Z": {
                "high": 178.763,
                "low": 26.5934
            },
            "sse_up_to_hcindex": 4.97312e-06,
            "poverty_normality": "Normal",
            "sse_fitted": 8.33111e-06
        },
        "inputs": {
            "line_month_ppp": 57.7917,
            "mean_month_ppp": 71.1069
        },
        "dist": {
            "deciles": [
                4.12656,
                5.58973,
                6.67922,
                7.6121,
                8.49529,
                9.40947,
                10.4512,
                11.7993,
                13.9715,
                21.8656
            ],
            "mean_corrected_is_ppp": "(PPP$)",
            "mean_poor50": 1.81312,
            "mean_poor50_is_ppp": "(PPP$)",
            "PG": 10.4647,
            "HC": 40.825,
            "median_ppp": 63.572402071378,
            "median": 2.49362,
            "Gini": 25.8765,
            "elasticity": {
                "HC_wrt_mean_C": -2.27151,
                "FGT2_wrt_mean_C": -3.45444,
                "HC_wrt_Gini": 0.523356,
                "PG_wrt_Gini": 1.89884,
                "FGT2_wrt_Gini": 3.2567,
                "PG_wrt_mean_C": -2.90121
            },
            "Watt": "0.137231",
            "mean_corrected": 2.06742,
            "FGT2": 3.83713,
            "polarization": 20.3966,
            "median_is_ppp": "(PPP$)",
            "MLD": 0.112144
        },
        "reg": {
            "SSE": 1.93969e-06,
            "SST": 0.08765907,
            "R2": 0.9999779,
            "RMSE": 0.0004404191,
            "ymean": 0.1276252,
            "MSE": 1.93969e-07,
            "params": {
                "A": {
                    "coef": 0.935057,
                    "t": 201.827,
                    "se": 0.004633
                },
                "B": {
                    "coef": -1.63063,
                    "t": -144.681,
                    "se": 0.011271
                },
                "C": {
                    "t": 16.2931,
                    "coef": 0.140257,
                    "se": 0.0086083
                }
            }
        }
    },
    "dataset": {
        "source": "BGD_N1983X",
        "year": 1983,
        "coverage": "National",
        "timespan": "UnDefined",
        "iso3c": "BGD",
        "format": "Grouped",
        "country": "Bangladesh",
        "measure": "Consumption"
    },
    "summary": {
        "lorenz_validity": "Valid",
        "Z": {
            "high": 178.763,
            "low": 26.5934
        },
        "sse_up_to_hcindex": 4.97312e-06,
        "poverty_normality": "Normal",
        "sse_fitted": 8.33111e-06
    },
    "lorenz": {
        "L": [
            0.003696292,
            0.01745711,
            0.03680176,
            0.07394661,
            0.126773,
            0.2788243,
            0.4350927,
            0.5671941,
            0.6813415,
            0.7621023,
            0.8153525,
            0.8784013,
            0.917698,
            1.0
        ],
        "index": [
            1,
            2,
            3,
            4,
            5,
            6,
            7,
            8,
            9,
            10,
            11,
            12,
            13,
            14
        ],
        "p": [
            0.0149,
            0.0508,
            0.0924,
            0.1605,
            0.2448,
            0.4463,
            0.617,
            0.739,
            0.8302,
            0.887,
            0.9205,
            0.9555,
            0.9738,
            1.0
        ]
    },
    "beta": {
        "implied": {
            "gamma": 0.8974747,
            "theta": 0.4951871,
            "delta": 0.5866207
        },
        "summary": {
            "lorenz_validity": "Valid",
            "Z": {
                "high": 166.123,
                "low": 11.0243
            },
            "sse_up_to_hcindex": 5.79422e-06,
            "poverty_normality": "Normal",
            "sse_fitted": 1.09472e-05
        },
        "inputs": {
            "line_month_ppp": 57.7917,
            "mean_month_ppp": 71.1069
        },
        "dist": {
            "deciles": [
                4.10543,
                5.64721,
                6.61314,
                7.50968,
                8.42295,
                9.41107,
                10.5479,
                11.975,
                14.0973,
                21.6703
            ],
            "mean_corrected_is_ppp": "(PPP$)",
            "mean_poor50": 1.80171,
            "mean_poor50_is_ppp": "(PPP$)",
            "PG": 10.6428,
            "HC": 41.848,
            "median_ppp": 63.2814140091541,
            "median": 2.48221,
            "Gini": 25.996,
            "elasticity": {
                "HC_wrt_mean_C": -2.11521,
                "FGT2_wrt_mean_C": -3.40007,
                "HC_wrt_Gini": 0.487346,
                "PG_wrt_Gini": 1.90594,
                "FGT2_wrt_Gini": 3.24418,
                "PG_wrt_mean_C": -2.93203
            },
            "Watt": "0.136358",
            "mean_corrected": 2.06409,
            "FGT2": 3.94175,
            "polarization": -148.33,
            "median_is_ppp": "(PPP$)",
            "MLD": 0.116595
        },
        "reg": {
            "SSE": 0.0009332043,
            "SST": 7.488945,
            "R2": 0.9998754,
            "RMSE": 0.00966025,
            "ymean": -2.484545,
            "MSE": 9.332043e-05,
            "params": {
                "A": {
                    "coef": -0.70282,
                    "t": -85.5303,
                    "se": 0.0082172
                },
                "B": {
                    "coef": 0.897475,
                    "t": 274.515,
                    "se": 0.0032693
                },
                "C": {
                    "t": 167.585,
                    "coef": 0.586621,
                    "se": 0.0035004
                }
            }
        }
    }
}