{
    "dist": {
        "deciles": [
            3.46831,
            4.85655,
            5.98783,
            7.0094,
            8.01144,
            9.07548,
            10.312,
            11.9382,
            14.5984,
            24.7424
        ],
        "mean_corrected_is_ppp": "(PPP$)",
        "uses": "GQ",
        "FGT2": 0.0,
        "mean_poor50_is_ppp": "(PPP$)",
        "PG": 0.0,
        "HC": 0.0,
        "poverty_uses": "GQ",
        "median_ppp": 517.166555952533,
        "poverty_uses_commentary": "(Beta is invalid.)",
        "mean_corrected": -1.30707,
        "Gini": 30.7143,
        "elasticity": {
            "HC_wrt_mean_C": 0.0,
            "FGT2_wrt_mean_C": 0.0,
            "HC_wrt_Gini": 0.0,
            "PG_wrt_Gini": 0.0,
            "FGT2_wrt_Gini": 0.0,
            "PG_wrt_mean_C": 0.0
        },
        "Watt": "0",
        "median": 675.975,
        "mean_poor50": 465.155,
        "polarization": 24.9099,
        "median_is_ppp": "(PPP$)",
        "uses_commentary": "(Beta lorenz curves is invalid)",
        "MLD": 0.157924
    },
    "lorenz": {
        "L": [
            0.03299417,
            0.08345176,
            0.1440021,
            0.2137484,
            0.2932148,
            0.3834941,
            0.4866577,
            0.6067037,
            0.7535227,
            1.0
        ],
        "index": [
            1,
            2,
            3,
            4,
            5,
            6,
            7,
            8,
            9,
            10
        ],
        "p": [
            0.1,
            0.2,
            0.3,
            0.4,
            0.5,
            0.6,
            0.7,
            0.8,
            0.9,
            1.0
        ]
    },
    "quadratic": {
        "summary": {
            "lorenz_validity": "Valid",
            "Z": {
                "high": 1785.1,
                "low": 164.261
            },
            "sse_up_to_hcindex": 2.85255e-06,
            "poverty_normality": "Normal",
            "sse_fitted": 5.52133e-06
        },
        "inputs": {
            "line_month_ppp": 57.7917,
            "mean_month_ppp": 606.601
        },
        "dist": {
            "deciles": [
                3.46831,
                4.85655,
                5.98783,
                7.0094,
                8.01144,
                9.07548,
                10.312,
                11.9382,
                14.5984,
                24.7424
            ],
            "mean_corrected_is_ppp": "(PPP$)",
            "mean_poor50": 465.155,
            "mean_poor50_is_ppp": "(PPP$)",
            "PG": 0.0,
            "HC": 0.0,
            "median_ppp": 517.166555952533,
            "median": 675.975,
            "Gini": 30.7143,
            "elasticity": {
                "HC_wrt_mean_C": 0.0,
                "FGT2_wrt_mean_C": 0.0,
                "HC_wrt_Gini": 0.0,
                "PG_wrt_Gini": 0.0,
                "FGT2_wrt_Gini": 0.0,
                "PG_wrt_mean_C": 0.0
            },
            "Watt": "0",
            "mean_corrected": 549.347,
            "FGT2": 0.0,
            "polarization": 24.9099,
            "median_is_ppp": "(PPP$)",
            "MLD": 0.157924
        },
        "reg": {
            "SSE": 2.598908e-06,
            "SST": 0.04711136,
            "R2": 0.9999448,
            "RMSE": 0.0006581424,
            "ymean": 0.1686164,
            "MSE": 4.331514e-07,
            "params": {
                "A": {
                    "coef": 0.916325,
                    "t": 144.658,
                    "se": 0.0063344
                },
                "B": {
                    "coef": -1.45092,
                    "t": -66.3116,
                    "se": 0.02188
                },
                "C": {
                    "t": 11.6079,
                    "coef": 0.165469,
                    "se": 0.014255
                }
            }
        }
    },
    "dataset": {
        "source": "BGR_N1992Y",
        "year": 1992,
        "coverage": "National",
        "timespan": "UnDefined",
        "iso3c": "BGR",
        "format": "Grouped",
        "country": "Bulgaria",
        "measure": "Income"
    },
    "summary": {
        "lorenz_validity": "Valid",
        "Z": {
            "high": 1785.1,
            "low": 164.261
        },
        "sse_up_to_hcindex": 2.85255e-06,
        "poverty_normality": "Normal",
        "sse_fitted": 5.52133e-06
    },
    "inputs": {
        "line_month_ppp": 57.7917,
        "mean_month_ppp": 606.601
    },
    "beta": {
        "implied": {
            "theta": 0.5614356,
            "gamma": 0.900177,
            "delta": 0.5403641
        },
        "summary": {
            "lorenz_validity": "Invalid",
            "Z": {
                "high": 1656.69,
                "low": 0.355905
            },
            "sse_up_to_hcindex": 6.97602e-08,
            "poverty_normality": "Normal",
            "sse_fitted": 2.90115e-06
        },
        "reg": {
            "SSE": 0.000107056,
            "SST": 1.16388,
            "R2": 0.999908,
            "RMSE": 0.004224058,
            "ymean": -1.845165,
            "MSE": 1.784266e-05,
            "params": {
                "A": {
                    "coef": -0.577258,
                    "t": -86.2342,
                    "se": 0.0066941
                },
                "B": {
                    "coef": 0.900177,
                    "t": 232.501,
                    "se": 0.0038717
                },
                "C": {
                    "t": 139.567,
                    "coef": 0.540364,
                    "se": 0.0038717
                }
            }
        },
        "dist": {
            "PG": 0.282468,
            "HC": 0.283468,
            "elasticity": {
                "HC_wrt_mean_C": -1.02164,
                "FGT2_wrt_mean_C": -0.0071056,
                "HC_wrt_Gini": 9.70182,
                "PG_wrt_Gini": 10.53,
                "FGT2_wrt_Gini": 21.0602,
                "PG_wrt_mean_C": -0.00354022
            },
            "Watt": "Invalid",
            "FGT2": 0.281468
        },
        "inputs": {
            "line_month_ppp": 57.7917,
            "mean_month_ppp": 606.601
        }
    }
}