{
    "dist": {
        "deciles": [
            4.47422,
            6.01329,
            6.99151,
            7.89338,
            8.7987,
            9.75744,
            10.8285,
            12.1188,
            13.921,
            19.2031
        ],
        "mean_corrected_is_ppp": "(PPP$)",
        "uses": "Beta",
        "FGT2": 0.0790799,
        "mean_poor50_is_ppp": "(PPP$)",
        "PG": 0.0800799,
        "HC": 0.154383,
        "poverty_uses": "Beta",
        "median_ppp": 291.203590308763,
        "poverty_uses_commentary": "(Both are valid and normal, but Beta fits better.)",
        "mean_corrected": -0.000545722,
        "Gini": 22.7645,
        "elasticity": {
            "HC_wrt_mean_C": -2.13238,
            "FGT2_wrt_mean_C": -0.0252909,
            "HC_wrt_Gini": 9.46475,
            "PG_wrt_Gini": 9.55699,
            "FGT2_wrt_Gini": 10.9894,
            "PG_wrt_mean_C": -0.927867
        },
        "Watt": "0.000326162",
        "median": 0.158916,
        "mean_poor50": 0.117222,
        "polarization": -148.214,
        "median_is_ppp": "(PPP$)",
        "uses_commentary": "(Both are valid, but Beta fits better)",
        "MLD": 0.0881609
    },
    "inputs": {
        "line_month_ppp": 57.7917,
        "mean_month_ppp": 314.304
    },
    "quadratic": {
        "summary": {
            "lorenz_validity": "Valid",
            "Z": {
                "high": 672.859,
                "low": 117.834
            },
            "sse_up_to_hcindex": 1.49033e-06,
            "poverty_normality": "Normal",
            "sse_fitted": 2.18265e-06
        },
        "inputs": {
            "line_month_ppp": 57.7917,
            "mean_month_ppp": 314.304
        },
        "dist": {
            "deciles": [
                4.50464,
                5.91233,
                6.99497,
                7.93591,
                8.83157,
                9.75682,
                10.8003,
                12.1181,
                14.1187,
                19.0267
            ],
            "mean_corrected_is_ppp": "(PPP$)",
            "mean_poor50": 0.117251,
            "mean_poor50_is_ppp": "(PPP$)",
            "PG": 0.0,
            "HC": 0.0,
            "median_ppp": 291.76667359675,
            "median": 0.159223,
            "Gini": 22.6782,
            "elasticity": {
                "HC_wrt_mean_C": 0.0,
                "FGT2_wrt_mean_C": 0.0,
                "HC_wrt_Gini": 0.0,
                "PG_wrt_Gini": 0.0,
                "FGT2_wrt_Gini": 0.0,
                "PG_wrt_mean_C": 0.0
            },
            "Watt": "0",
            "mean_corrected": 0.132625,
            "FGT2": 0.0,
            "polarization": 19.3107,
            "median_is_ppp": "(PPP$)",
            "MLD": 0.0845007
        },
        "reg": {
            "SSE": 7.296438e-07,
            "SST": 0.03361126,
            "R2": 0.9999783,
            "RMSE": 0.0008541919,
            "ymean": 0.1395707,
            "MSE": 7.296438e-07,
            "params": {
                "A": {
                    "coef": 1.02071,
                    "t": 46.9995,
                    "se": 0.021717
                },
                "B": {
                    "coef": -1.69504,
                    "t": -43.3064,
                    "se": 0.039141
                },
                "C": {
                    "t": 4.27767,
                    "coef": 0.183239,
                    "se": 0.042836
                }
            }
        }
    },
    "dataset": {
        "source": "BLR_N1988Y",
        "year": 1988,
        "coverage": "National",
        "timespan": "UnDefined",
        "iso3c": "BLR",
        "format": "Grouped",
        "country": "Belarus",
        "measure": "Income"
    },
    "summary": {
        "lorenz_validity": "Valid",
        "Z": {
            "high": 656.499,
            "low": 49.7541
        },
        "sse_up_to_hcindex": 3.05199e-10,
        "poverty_normality": "Normal",
        "sse_fitted": 6.15149e-08
    },
    "lorenz": {
        "L": [
            0.01921383,
            0.09150588,
            0.386118,
            0.6752862,
            1.0
        ],
        "index": [
            1,
            2,
            3,
            4,
            5
        ],
        "p": [
            0.05,
            0.179,
            0.547,
            0.805,
            1.0
        ]
    },
    "beta": {
        "implied": {
            "gamma": 0.8965383,
            "theta": 0.4670164,
            "delta": 0.6643735
        },
        "summary": {
            "lorenz_validity": "Valid",
            "Z": {
                "high": 656.499,
                "low": 49.7541
            },
            "sse_up_to_hcindex": 3.05199e-10,
            "poverty_normality": "Normal",
            "sse_fitted": 6.15149e-08
        },
        "inputs": {
            "line_month_ppp": 57.7917,
            "mean_month_ppp": 314.304
        },
        "dist": {
            "deciles": [
                4.47422,
                6.01329,
                6.99151,
                7.89338,
                8.7987,
                9.75744,
                10.8285,
                12.1188,
                13.921,
                19.2031
            ],
            "mean_corrected_is_ppp": "(PPP$)",
            "mean_poor50": 0.117222,
            "mean_poor50_is_ppp": "(PPP$)",
            "PG": 0.0800799,
            "HC": 0.154383,
            "median_ppp": 291.203590308763,
            "median": 0.158916,
            "Gini": 22.7645,
            "elasticity": {
                "HC_wrt_mean_C": -2.13238,
                "FGT2_wrt_mean_C": -0.0252909,
                "HC_wrt_Gini": 9.46475,
                "PG_wrt_Gini": 9.55699,
                "FGT2_wrt_Gini": 10.9894,
                "PG_wrt_mean_C": -0.927867
            },
            "Watt": "0.000326162",
            "mean_corrected": 0.132476,
            "FGT2": 0.0790799,
            "polarization": -148.214,
            "median_is_ppp": "(PPP$)",
            "MLD": 0.0881609
        },
        "reg": {
            "SSE": 4.108167e-06,
            "SST": 1.616608,
            "R2": 0.9999975,
            "RMSE": 0.002026861,
            "ymean": -2.446596,
            "MSE": 4.108167e-06,
            "params": {
                "A": {
                    "coef": -0.761391,
                    "t": -151.94,
                    "se": 0.0050111
                },
                "B": {
                    "coef": 0.896538,
                    "t": 451.239,
                    "se": 0.0019868
                },
                "C": {
                    "t": 192.508,
                    "coef": 0.664373,
                    "se": 0.0034511
                }
            }
        }
    }
}