{
    "dataset": {
        "source": "BLZ_N1997Y",
        "timespan": "UnDefined",
        "coverage": "National",
        "year": 1997,
        "iso3c": "BLZ",
        "format": "Unit record",
        "country": "Belize",
        "measure": "Income"
    },
    "lorenz": {
        "L": [
            0.0012079,
            0.0064391,
            0.015462,
            0.026703,
            0.040831,
            0.059007,
            0.071342,
            0.093709,
            0.11218,
            0.13546,
            0.1623,
            0.19626,
            0.22609,
            0.26518,
            0.30831,
            0.36057,
            0.41971,
            0.49766,
            0.60594,
            1.0
        ],
        "index": [
            0,
            1,
            2,
            3,
            4,
            5,
            6,
            7,
            8,
            9,
            10,
            11,
            12,
            13,
            14,
            15,
            16,
            17,
            18,
            19
        ],
        "p": [
            0.050212,
            0.10029,
            0.15063,
            0.201,
            0.25445,
            0.31432,
            0.35088,
            0.40897,
            0.45207,
            0.50065,
            0.5506,
            0.60644,
            0.65026,
            0.70067,
            0.7503,
            0.80204,
            0.85019,
            0.9004,
            0.95071,
            1.0
        ]
    },
    "dist": {
        "deciles": [
            0.64089,
            2.0071,
            2.8179,
            3.5596,
            4.4896,
            5.7197,
            7.2307,
            9.3854,
            13.853,
            50.296
        ],
        "Gini": 0.604253,
        "Watt": 0.147379,
        "MLD": 0.752575,
        "FGT2": 0.0551719,
        "PG": 0.0783048,
        "HC": 0.164498,
        "median_ppp": 136.282
    },
    "sample": {
        "mean_month_lcu": 252.526,
        "effective_pop_wealth": 33225800.0,
        "month_min": 0.0,
        "mean_month_ppp": 271.705,
        "month_max": 84554.4,
        "month_max_is_ppp": "(PPP$)",
        "month_min_is_ppp": "(PPP$)",
        "N": 754,
        "effective_pop_wealth_is_ppp": "(PPP$)",
        "effective_pop_N": 155601.0
    },
    "inputs": {
        "line_month_lcu": 53.7121,
        "line_day_ppp": 1.9,
        "ppp": 1.18261,
        "line_month_ppp": 57.7917
    }
}