{
    "dataset": {
        "source": "BLZ_N1995X",
        "timespan": "UnDefined",
        "coverage": "National",
        "year": 1995,
        "iso3c": "BLZ",
        "format": "Unit record",
        "country": "Belize",
        "measure": "Consumption"
    },
    "lorenz": {
        "L": [
            0.0027636,
            0.0075158,
            0.014466,
            0.023571,
            0.035084,
            0.049454,
            0.064882,
            0.083094,
            0.10485,
            0.13083,
            0.16023,
            0.19401,
            0.23399,
            0.27848,
            0.33222,
            0.39245,
            0.46733,
            0.55933,
            0.68753,
            1.0
        ],
        "index": [
            0,
            1,
            2,
            3,
            4,
            5,
            6,
            7,
            8,
            9,
            10,
            11,
            12,
            13,
            14,
            15,
            16,
            17,
            18,
            19
        ],
        "p": [
            0.052411,
            0.10011,
            0.15053,
            0.20043,
            0.25016,
            0.30253,
            0.35159,
            0.4015,
            0.45055,
            0.50079,
            0.55055,
            0.60001,
            0.65191,
            0.70156,
            0.75349,
            0.80148,
            0.85106,
            0.90026,
            0.95028,
            1.0
        ]
    },
    "dist": {
        "deciles": [
            0.75051,
            1.5987,
            2.5268,
            3.3789,
            4.7877,
            6.357,
            8.3085,
            11.352,
            16.825,
            44.116
        ],
        "Gini": 0.575543,
        "Watt": 0.0742445,
        "MLD": 0.648752,
        "FGT2": 0.0249882,
        "PG": 0.0463639,
        "HC": 0.122868,
        "median_ppp": 231.467
    },
    "sample": {
        "mean_month_lcu": 360.029,
        "effective_pop_wealth": 8265720.0,
        "month_min": 2.11388,
        "mean_month_ppp": 423.932,
        "month_max": 4908.43,
        "month_max_is_ppp": "(PPP$)",
        "month_min_is_ppp": "(PPP$)",
        "N": 785,
        "effective_pop_wealth_is_ppp": "(PPP$)",
        "effective_pop_N": 27151.0
    },
    "inputs": {
        "line_month_lcu": 49.0801,
        "line_day_ppp": 1.9,
        "ppp": 1.18261,
        "line_month_ppp": 57.7917
    }
}