{
    "dist": {
        "deciles": [
            1.43443,
            2.16152,
            2.97481,
            3.9092,
            5.0201,
            6.40304,
            8.24309,
            10.9685,
            15.9544,
            42.9309
        ],
        "mean_corrected_is_ppp": "(PPP$)",
        "uses": "GQ",
        "FGT2": 9.55046,
        "mean_poor50_is_ppp": "(PPP$)",
        "PG": 17.8695,
        "HC": 42.5592,
        "poverty_uses": "GQ",
        "median_ppp": 69.2610847103631,
        "poverty_uses_commentary": "(Beta is invalid.)",
        "mean_corrected": -0.225324,
        "Gini": 54.2121,
        "elasticity": {
            "HC_wrt_mean_C": -0.955494,
            "FGT2_wrt_mean_C": -1.74213,
            "HC_wrt_Gini": 1.06944,
            "PG_wrt_Gini": 3.66568,
            "FGT2_wrt_Gini": 6.18838,
            "PG_wrt_mean_C": -1.38167
        },
        "Watt": "0.271204",
        "median": 15.6062,
        "mean_poor50": 8.55497,
        "polarization": 52.2988,
        "median_is_ppp": "(PPP$)",
        "uses_commentary": "(Beta lorenz curves is invalid)",
        "MLD": 0.522773
    },
    "lorenz": {
        "L": [
            0.01394014,
            0.07340794,
            0.2317806,
            0.3639148,
            0.4665049,
            0.5316002,
            0.7200398,
            1.0
        ],
        "index": [
            1,
            2,
            3,
            4,
            5,
            6,
            7,
            8
        ],
        "p": [
            0.1084892,
            0.320168,
            0.6144386,
            0.7618238,
            0.8415158,
            0.8809119,
            0.9557044,
            1.0
        ]
    },
    "quadratic": {
        "summary": {
            "lorenz_validity": "Valid",
            "Z": {
                "high": 608.082,
                "low": 17.4719
            },
            "sse_up_to_hcindex": 8.6958e-06,
            "poverty_normality": "Normal",
            "sse_fitted": 0.000105407
        },
        "inputs": {
            "line_month_ppp": 57.7917,
            "mean_month_ppp": 122.475
        },
        "dist": {
            "deciles": [
                1.43443,
                2.16152,
                2.97481,
                3.9092,
                5.0201,
                6.40304,
                8.24309,
                10.9685,
                15.9544,
                42.9309
            ],
            "mean_corrected_is_ppp": "(PPP$)",
            "mean_poor50": 8.55497,
            "mean_poor50_is_ppp": "(PPP$)",
            "PG": 17.8695,
            "HC": 42.5592,
            "median_ppp": 69.2610847103631,
            "median": 15.6062,
            "Gini": 54.2121,
            "elasticity": {
                "HC_wrt_mean_C": -0.955494,
                "FGT2_wrt_mean_C": -1.74213,
                "HC_wrt_Gini": 1.06944,
                "PG_wrt_Gini": 3.66568,
                "FGT2_wrt_Gini": 6.18838,
                "PG_wrt_mean_C": -1.38167
            },
            "Watt": "0.271204",
            "mean_corrected": 12.6359,
            "FGT2": 9.55046,
            "polarization": 52.2988,
            "median_is_ppp": "(PPP$)",
            "MLD": 0.522773
        },
        "reg": {
            "SSE": 8.579255e-05,
            "SST": 0.05212063,
            "R2": 0.998354,
            "RMSE": 0.004631213,
            "ymean": 0.1701095,
            "MSE": 2.144814e-05,
            "params": {
                "A": {
                    "coef": 0.757413,
                    "t": 22.9286,
                    "se": 0.033034
                },
                "B": {
                    "coef": 0.438294,
                    "t": 1.8848,
                    "se": 0.23254
                },
                "C": {
                    "t": 4.64175,
                    "coef": 0.269535,
                    "se": 0.058068
                }
            }
        }
    },
    "dataset": {
        "source": "BWA_N1985X",
        "year": 1985,
        "coverage": "National",
        "timespan": "UnDefined",
        "iso3c": "BWA",
        "format": "Grouped",
        "country": "Botswana",
        "measure": "Consumption"
    },
    "summary": {
        "lorenz_validity": "Valid",
        "Z": {
            "high": 608.082,
            "low": 17.4719
        },
        "sse_up_to_hcindex": 8.6958e-06,
        "poverty_normality": "Normal",
        "sse_fitted": 0.000105407
    },
    "inputs": {
        "line_month_ppp": 57.7917,
        "mean_month_ppp": 122.475
    },
    "beta": {
        "implied": {
            "theta": 0.9679085,
            "gamma": 1.031111,
            "delta": 0.4297673
        },
        "summary": {
            "lorenz_validity": "Invalid",
            "Z": {
                "high": 560.12,
                "low": 27.9638
            },
            "sse_up_to_hcindex": 8.47036e-05,
            "poverty_normality": "Normal",
            "sse_fitted": 0.000279145
        },
        "reg": {
            "SSE": 0.003056143,
            "SST": 1.573577,
            "R2": 0.9980578,
            "RMSE": 0.0276412,
            "ymean": -1.30258,
            "MSE": 0.0007640357,
            "params": {
                "A": {
                    "coef": -0.0326177,
                    "t": -0.762074,
                    "se": 0.042801
                },
                "B": {
                    "coef": 1.03111,
                    "t": 40.822,
                    "se": 0.025259
                },
                "C": {
                    "t": 22.5066,
                    "coef": 0.429767,
                    "se": 0.019095
                }
            }
        },
        "dist": {
            "PG": 19.3524,
            "HC": 42.6479,
            "elasticity": {
                "HC_wrt_mean_C": -0.833748,
                "FGT2_wrt_mean_C": -1.56018,
                "HC_wrt_Gini": 0.933174,
                "PG_wrt_Gini": 3.46656,
                "FGT2_wrt_Gini": 5.98474,
                "PG_wrt_mean_C": -1.20376
            },
            "Watt": "0.294085",
            "FGT2": 10.8716
        },
        "inputs": {
            "line_month_ppp": 57.7917,
            "mean_month_ppp": 122.475
        }
    }
}