{
    "dist": {
        "deciles": [
            0.693415,
            1.29719,
            2.02078,
            2.90898,
            4.03423,
            5.5232,
            7.62381,
            10.9137,
            17.2514,
            47.7333
        ],
        "mean_corrected_is_ppp": "(PPP$)",
        "uses": "GQ",
        "FGT2": 46.0724,
        "mean_poor50_is_ppp": "(PPP$)",
        "PG": 58.8452,
        "HC": 84.2696,
        "poverty_uses": "GQ",
        "median_ppp": 16.742537593986,
        "poverty_uses_commentary": "(Beta is invalid and abnormal.)",
        "mean_corrected": -0.00373317,
        "Gini": 61.3307,
        "elasticity": {
            "HC_wrt_mean_C": -0.231471,
            "FGT2_wrt_mean_C": -0.554464,
            "HC_wrt_Gini": -0.0888933,
            "PG_wrt_Gini": 0.450038,
            "FGT2_wrt_Gini": 1.01899,
            "PG_wrt_mean_C": -0.432057
        },
        "Watt": "1.34828",
        "median": 0.0625027,
        "mean_poor50": 0.0291155,
        "polarization": 71.2696,
        "median_is_ppp": "(PPP$)",
        "uses_commentary": "(Beta lorenz curves is invalid)",
        "MLD": 0.740922
    },
    "lorenz": {
        "L": [
            0.006125191,
            0.02011738,
            0.04109367,
            0.06977747,
            0.1087658,
            0.1634648,
            0.2405802,
            0.352659,
            0.5215558,
            1.0
        ],
        "index": [
            1,
            2,
            3,
            4,
            5,
            6,
            7,
            8,
            9,
            10
        ],
        "p": [
            0.1,
            0.2,
            0.3,
            0.4,
            0.5,
            0.6,
            0.7,
            0.8,
            0.9,
            1.0
        ]
    },
    "quadratic": {
        "summary": {
            "lorenz_validity": "Valid",
            "Z": {
                "high": 213.43,
                "low": 5.52605
            },
            "sse_up_to_hcindex": 1.20246e-05,
            "poverty_normality": "Normal",
            "sse_fitted": 1.20246e-05
        },
        "inputs": {
            "line_month_ppp": 57.7917,
            "mean_month_ppp": 35.5976
        },
        "dist": {
            "deciles": [
                0.693415,
                1.29719,
                2.02078,
                2.90898,
                4.03423,
                5.5232,
                7.62381,
                10.9137,
                17.2514,
                47.7333
            ],
            "mean_corrected_is_ppp": "(PPP$)",
            "mean_poor50": 0.0291155,
            "mean_poor50_is_ppp": "(PPP$)",
            "PG": 58.8452,
            "HC": 84.2696,
            "median_ppp": 16.742537593986,
            "median": 0.0625027,
            "Gini": 61.3307,
            "elasticity": {
                "HC_wrt_mean_C": -0.231471,
                "FGT2_wrt_mean_C": -0.554464,
                "HC_wrt_Gini": -0.0888933,
                "PG_wrt_Gini": 0.450038,
                "FGT2_wrt_Gini": 1.01899,
                "PG_wrt_mean_C": -0.432057
            },
            "Watt": "1.34828",
            "mean_corrected": 0.0513882,
            "FGT2": 46.0724,
            "polarization": 71.2696,
            "median_is_ppp": "(PPP$)",
            "MLD": 0.740922
        },
        "reg": {
            "SSE": 7.269076e-05,
            "SST": 0.06546978,
            "R2": 0.9988897,
            "RMSE": 0.003480679,
            "ymean": 0.1138135,
            "MSE": 1.211513e-05,
            "params": {
                "A": {
                    "coef": 1.01454,
                    "t": 40.5077,
                    "se": 0.025046
                },
                "B": {
                    "coef": 2.12631,
                    "t": 8.36156,
                    "se": 0.2543
                },
                "C": {
                    "t": 6.20796,
                    "coef": 0.183154,
                    "se": 0.029503
                }
            }
        }
    },
    "dataset": {
        "source": "CAF_N1992X",
        "year": 1992,
        "coverage": "National",
        "timespan": "UnDefined",
        "iso3c": "CAF",
        "format": "Grouped",
        "country": "Central African Republic",
        "measure": "Consumption"
    },
    "summary": {
        "lorenz_validity": "Valid",
        "Z": {
            "high": 213.43,
            "low": 5.52605
        },
        "sse_up_to_hcindex": 1.20246e-05,
        "poverty_normality": "Normal",
        "sse_fitted": 1.20246e-05
    },
    "inputs": {
        "line_month_ppp": 57.7917,
        "mean_month_ppp": 35.5976
    },
    "beta": {
        "implied": {
            "theta": 1.051689,
            "gamma": 1.036893,
            "delta": 0.3915526
        },
        "summary": {
            "lorenz_validity": "Invalid",
            "Z": {
                "high": 178.357,
                "low": 9.53492
            },
            "sse_up_to_hcindex": 0.00010359,
            "poverty_normality": "Abnormal",
            "sse_fitted": 0.00010359
        },
        "reg": {
            "SSE": 0.0009346524,
            "SST": 2.248688,
            "R2": 0.9995844,
            "RMSE": 0.012481,
            "ymean": -1.206863,
            "MSE": 0.0001557754,
            "params": {
                "A": {
                    "coef": 0.0503977,
                    "t": 2.54801,
                    "se": 0.019779
                },
                "B": {
                    "coef": 1.03689,
                    "t": 90.6383,
                    "se": 0.01144
                },
                "C": {
                    "t": 34.2269,
                    "coef": 0.391553,
                    "se": 0.01144
                }
            }
        },
        "inputs": {
            "mean_month_ppp": 35.5976
        }
    }
}