{
    "dataset": {
        "source": "CAN_N1994Y",
        "timespan": "UnDefined",
        "coverage": "National",
        "year": 1994,
        "iso3c": "CAN",
        "format": "Unit record",
        "country": "Canada",
        "measure": "Income"
    },
    "lorenz": {
        "L": [
            0.010178,
            0.027924,
            0.051495,
            0.07532,
            0.10575,
            0.13493,
            0.17105,
            0.20762,
            0.24397,
            0.28835,
            0.33002,
            0.37765,
            0.43196,
            0.48687,
            0.54271,
            0.60817,
            0.68093,
            0.76326,
            0.85986,
            1.0
        ],
        "index": [
            0,
            1,
            2,
            3,
            4,
            5,
            6,
            7,
            8,
            9,
            10,
            11,
            12,
            13,
            14,
            15,
            16,
            17,
            18,
            19
        ],
        "p": [
            0.050017,
            0.10002,
            0.15333,
            0.20001,
            0.25334,
            0.30001,
            0.35331,
            0.40334,
            0.45003,
            0.50333,
            0.55003,
            0.60002,
            0.65336,
            0.70333,
            0.75009,
            0.80002,
            0.85001,
            0.90001,
            0.95,
            1.0
        ]
    },
    "dist": {
        "deciles": [
            2.7915,
            4.7401,
            5.9606,
            7.0257,
            8.0394,
            9.2056,
            10.558,
            12.493,
            15.511,
            23.675
        ],
        "Gini": 0.313903,
        "Watt": 0.0,
        "MLD": 0.185398,
        "FGT2": 0.0652924,
        "PG": 0.014767,
        "HC": 0.0033398,
        "median_ppp": 1158.0
    },
    "sample": {
        "mean_month_lcu": 1232.42,
        "effective_pop_wealth": 95944.9,
        "month_min": -141.369,
        "mean_month_ppp": 1341.91,
        "month_max": 5217.37,
        "month_max_is_ppp": "(PPP$)",
        "month_min_is_ppp": "(PPP$)",
        "N": 300,
        "effective_pop_wealth_is_ppp": "(PPP$)",
        "effective_pop_N": 100.006
    },
    "inputs": {
        "line_month_lcu": 53.0762,
        "line_day_ppp": 1.9,
        "ppp": 1.28458,
        "line_month_ppp": 57.7917
    }
}