{
    "dataset": {
        "source": "CAN_N2010Y",
        "timespan": "UnDefined",
        "coverage": "National",
        "year": 2010,
        "iso3c": "CAN",
        "format": "Unit record",
        "country": "Canada",
        "measure": "Income"
    },
    "lorenz": {
        "L": [
            0.010079,
            0.026773,
            0.048592,
            0.072644,
            0.097885,
            0.12756,
            0.16,
            0.19495,
            0.23264,
            0.2758,
            0.31926,
            0.36283,
            0.41273,
            0.47082,
            0.53016,
            0.59025,
            0.66643,
            0.74811,
            0.83874,
            1.0
        ],
        "index": [
            0,
            1,
            2,
            3,
            4,
            5,
            6,
            7,
            8,
            9,
            10,
            11,
            12,
            13,
            14,
            15,
            16,
            17,
            18,
            19
        ],
        "p": [
            0.050282,
            0.10005,
            0.15334,
            0.20343,
            0.25006,
            0.30001,
            0.3501,
            0.40007,
            0.45009,
            0.50335,
            0.55333,
            0.60007,
            0.65002,
            0.7034,
            0.75349,
            0.80001,
            0.85332,
            0.90341,
            0.95011,
            1.0
        ]
    },
    "dist": {
        "deciles": [
            2.6755,
            4.4242,
            5.6557,
            6.7345,
            7.8181,
            8.9683,
            10.436,
            12.311,
            15.232,
            25.745
        ],
        "Gini": 0.336794,
        "Watt": 0.0,
        "MLD": 0.215165,
        "FGT2": 0.0120903,
        "PG": 0.00642103,
        "HC": 0.00341014,
        "median_ppp": 1426.86
    },
    "sample": {
        "mean_month_lcu": 2122.95,
        "effective_pop_wealth": 165257.0,
        "month_min": -49.5818,
        "mean_month_ppp": 1700.76,
        "month_max": 13894.3,
        "month_max_is_ppp": "(PPP$)",
        "month_min_is_ppp": "(PPP$)",
        "N": 300,
        "effective_pop_wealth_is_ppp": "(PPP$)",
        "effective_pop_N": 99.996
    },
    "inputs": {
        "line_month_lcu": 72.1375,
        "line_day_ppp": 1.9,
        "ppp": 1.28458,
        "line_month_ppp": 57.7917
    }
}