{
    "dataset": {
        "source": "CAN_N2007Y",
        "timespan": "UnDefined",
        "coverage": "National",
        "year": 2007,
        "iso3c": "CAN",
        "format": "Unit record",
        "country": "Canada",
        "measure": "Income"
    },
    "lorenz": {
        "L": [
            0.010173,
            0.026978,
            0.047643,
            0.071526,
            0.098373,
            0.12786,
            0.15996,
            0.19461,
            0.23189,
            0.27191,
            0.31493,
            0.36103,
            0.41072,
            0.46458,
            0.52304,
            0.58725,
            0.65869,
            0.73942,
            0.83641,
            1.0
        ],
        "index": [
            0,
            1,
            2,
            3,
            4,
            5,
            6,
            7,
            8,
            9,
            10,
            11,
            12,
            13,
            14,
            15,
            16,
            17,
            18,
            19
        ],
        "p": [
            0.050152,
            0.10002,
            0.15005,
            0.20001,
            0.25003,
            0.3001,
            0.35008,
            0.40002,
            0.45008,
            0.50006,
            0.55014,
            0.60003,
            0.65003,
            0.70011,
            0.75003,
            0.80001,
            0.85002,
            0.90001,
            0.95002,
            1.0
        ]
    },
    "dist": {
        "deciles": [
            2.697,
            4.4553,
            5.6279,
            6.6796,
            7.7271,
            8.9138,
            10.345,
            12.277,
            15.217,
            26.06
        ],
        "Gini": 0.338976,
        "Watt": 0.0,
        "MLD": 0.216134,
        "FGT2": 0.00791443,
        "PG": 0.00514919,
        "HC": 0.0033501,
        "median_ppp": 1377.99
    },
    "sample": {
        "mean_month_lcu": 1988.02,
        "effective_pop_wealth": 154755.0,
        "month_min": -28.8584,
        "mean_month_ppp": 1664.36,
        "month_max": 14505.7,
        "month_max_is_ppp": "(PPP$)",
        "month_min_is_ppp": "(PPP$)",
        "N": 300,
        "effective_pop_wealth_is_ppp": "(PPP$)",
        "effective_pop_N": 99.997
    },
    "inputs": {
        "line_month_lcu": 69.0303,
        "line_day_ppp": 1.9,
        "ppp": 1.28458,
        "line_month_ppp": 57.7917
    }
}