{
    "dataset": {
        "source": "CAN_N2004Y",
        "timespan": "UnDefined",
        "coverage": "National",
        "year": 2004,
        "iso3c": "CAN",
        "format": "Unit record",
        "country": "Canada",
        "measure": "Income"
    },
    "lorenz": {
        "L": [
            0.0091843,
            0.025369,
            0.045457,
            0.06898,
            0.095657,
            0.12529,
            0.15766,
            0.19261,
            0.23036,
            0.27099,
            0.31464,
            0.36127,
            0.41163,
            0.46624,
            0.52543,
            0.59032,
            0.66235,
            0.74373,
            0.84063,
            1.0
        ],
        "index": [
            0,
            1,
            2,
            3,
            4,
            5,
            6,
            7,
            8,
            9,
            10,
            11,
            12,
            13,
            14,
            15,
            16,
            17,
            18,
            19
        ],
        "p": [
            0.050048,
            0.10009,
            0.1501,
            0.20012,
            0.25006,
            0.30012,
            0.35018,
            0.40014,
            0.45006,
            0.50003,
            0.55009,
            0.60006,
            0.65005,
            0.70016,
            0.75009,
            0.80004,
            0.85011,
            0.90003,
            0.95005,
            1.0
        ]
    },
    "dist": {
        "deciles": [
            2.5341,
            4.3583,
            5.6302,
            6.7286,
            7.8463,
            9.0238,
            10.486,
            12.42,
            15.342,
            25.631
        ],
        "Gini": 0.338755,
        "Watt": 0.0,
        "MLD": 0.218308,
        "FGT2": 0.0247593,
        "PG": 0.00913425,
        "HC": 0.00336983,
        "median_ppp": 1269.94
    },
    "sample": {
        "mean_month_lcu": 1700.3,
        "effective_pop_wealth": 132369.0,
        "month_min": -86.3213,
        "mean_month_ppp": 1515.86,
        "month_max": 10551.6,
        "month_max_is_ppp": "(PPP$)",
        "month_min_is_ppp": "(PPP$)",
        "N": 300,
        "effective_pop_wealth_is_ppp": "(PPP$)",
        "effective_pop_N": 100.005
    },
    "inputs": {
        "line_month_lcu": 64.8236,
        "line_day_ppp": 1.9,
        "ppp": 1.28458,
        "line_month_ppp": 57.7917
    }
}