{
    "dataset": {
        "source": "CAN_N1981Y",
        "timespan": "UnDefined",
        "coverage": "National",
        "year": 1981,
        "iso3c": "CAN",
        "format": "Unit record",
        "country": "Canada",
        "measure": "Income"
    },
    "lorenz": {
        "L": [
            0.0084066,
            0.025207,
            0.04651,
            0.07142,
            0.099495,
            0.13029,
            0.1634,
            0.19837,
            0.23654,
            0.27751,
            0.32144,
            0.3683,
            0.42244,
            0.4743,
            0.53433,
            0.60005,
            0.679,
            0.75684,
            0.85535,
            1.0
        ],
        "index": [
            0,
            1,
            2,
            3,
            4,
            5,
            6,
            7,
            8,
            9,
            10,
            11,
            12,
            13,
            14,
            15,
            16,
            17,
            18,
            19
        ],
        "p": [
            0.050047,
            0.10002,
            0.15002,
            0.20003,
            0.25006,
            0.30033,
            0.35048,
            0.40001,
            0.45012,
            0.50018,
            0.55015,
            0.60003,
            0.65333,
            0.70032,
            0.75029,
            0.8,
            0.85341,
            0.90011,
            0.95004,
            1.0
        ]
    },
    "dist": {
        "deciles": [
            2.5199,
            4.6207,
            5.8683,
            6.8277,
            7.8996,
            9.0902,
            10.568,
            12.61,
            15.662,
            24.333
        ],
        "Gini": 0.326036,
        "Watt": 0.00112512,
        "MLD": 0.20443,
        "FGT2": 0.0767864,
        "PG": 0.0181178,
        "HC": 0.00680959,
        "median_ppp": 1075.97
    },
    "sample": {
        "mean_month_lcu": 674.967,
        "effective_pop_wealth": 52546.8,
        "month_min": -82.4166,
        "mean_month_ppp": 1271.74,
        "month_max": 2767.09,
        "month_max_is_ppp": "(PPP$)",
        "month_min_is_ppp": "(PPP$)",
        "N": 300,
        "effective_pop_wealth_is_ppp": "(PPP$)",
        "effective_pop_N": 100.006
    },
    "inputs": {
        "line_month_lcu": 30.6726,
        "line_day_ppp": 1.9,
        "ppp": 1.28458,
        "line_month_ppp": 57.7917
    }
}