{
    "dataset": {
        "source": "CAN_N1998Y",
        "timespan": "UnDefined",
        "coverage": "National",
        "year": 1998,
        "iso3c": "CAN",
        "format": "Unit record",
        "country": "Canada",
        "measure": "Income"
    },
    "lorenz": {
        "L": [
            0.0072719,
            0.023892,
            0.044442,
            0.068493,
            0.097716,
            0.12603,
            0.15897,
            0.19449,
            0.23275,
            0.27385,
            0.31761,
            0.36467,
            0.41517,
            0.46977,
            0.52893,
            0.59319,
            0.66484,
            0.74574,
            0.84203,
            1.0
        ],
        "index": [
            0,
            1,
            2,
            3,
            4,
            5,
            6,
            7,
            8,
            9,
            10,
            11,
            12,
            13,
            14,
            15,
            16,
            17,
            18,
            19
        ],
        "p": [
            0.050071,
            0.1001,
            0.15,
            0.20001,
            0.25344,
            0.30014,
            0.3501,
            0.4,
            0.45002,
            0.50017,
            0.55015,
            0.60017,
            0.65005,
            0.70008,
            0.75012,
            0.80001,
            0.85005,
            0.90003,
            0.95005,
            1.0
        ]
    },
    "dist": {
        "deciles": [
            2.3858,
            4.4629,
            5.7457,
            6.8541,
            7.923,
            9.0801,
            10.517,
            12.35,
            15.252,
            25.431
        ],
        "Gini": 0.335893,
        "Watt": 0.00150798,
        "MLD": 0.215117,
        "FGT2": 0.789061,
        "PG": 0.0544824,
        "HC": 0.00677007,
        "median_ppp": 1168.41
    },
    "sample": {
        "mean_month_lcu": 1352.55,
        "effective_pop_wealth": 105290.0,
        "month_min": -607.302,
        "mean_month_ppp": 1382.76,
        "month_max": 8738.65,
        "month_max_is_ppp": "(PPP$)",
        "month_min_is_ppp": "(PPP$)",
        "N": 300,
        "effective_pop_wealth_is_ppp": "(PPP$)",
        "effective_pop_N": 99.999
    },
    "inputs": {
        "line_month_lcu": 56.5291,
        "line_day_ppp": 1.9,
        "ppp": 1.28458,
        "line_month_ppp": 57.7917
    }
}