{
    "dataset": {
        "source": "CAN_N2000Y",
        "timespan": "UnDefined",
        "coverage": "National",
        "year": 2000,
        "iso3c": "CAN",
        "format": "Unit record",
        "country": "Canada",
        "measure": "Income"
    },
    "lorenz": {
        "L": [
            0.0084907,
            0.024857,
            0.045267,
            0.069234,
            0.096424,
            0.12631,
            0.15888,
            0.19426,
            0.23243,
            0.27354,
            0.3174,
            0.36419,
            0.41438,
            0.46884,
            0.52787,
            0.59232,
            0.66852,
            0.74378,
            0.83966,
            1.0
        ],
        "index": [
            0,
            1,
            2,
            3,
            4,
            5,
            6,
            7,
            8,
            9,
            10,
            11,
            12,
            13,
            14,
            15,
            16,
            17,
            18,
            19
        ],
        "p": [
            0.050039,
            0.10006,
            0.15013,
            0.20011,
            0.25012,
            0.30006,
            0.35005,
            0.40012,
            0.45007,
            0.50012,
            0.55012,
            0.60001,
            0.65003,
            0.70003,
            0.75006,
            0.80002,
            0.85333,
            0.90002,
            0.95,
            1.0
        ]
    },
    "dist": {
        "deciles": [
            2.4838,
            4.4346,
            5.7089,
            6.7898,
            7.9276,
            9.0735,
            10.463,
            12.348,
            15.146,
            25.625
        ],
        "Gini": 0.336464,
        "Watt": 0.000681304,
        "MLD": 0.216367,
        "FGT2": 0.210239,
        "PG": 0.0273834,
        "HC": 0.00671987,
        "median_ppp": 1186.55
    },
    "sample": {
        "mean_month_lcu": 1435.12,
        "effective_pop_wealth": 111721.0,
        "month_min": -315.005,
        "mean_month_ppp": 1403.97,
        "month_max": 9320.24,
        "month_max_is_ppp": "(PPP$)",
        "month_min_is_ppp": "(PPP$)",
        "N": 300,
        "effective_pop_wealth_is_ppp": "(PPP$)",
        "effective_pop_N": 100.002
    },
    "inputs": {
        "line_month_lcu": 59.0737,
        "line_day_ppp": 1.9,
        "ppp": 1.28458,
        "line_month_ppp": 57.7917
    }
}