{
    "dataset": {
        "source": "CAN_N1991Y",
        "timespan": "UnDefined",
        "coverage": "National",
        "year": 1991,
        "iso3c": "CAN",
        "format": "Unit record",
        "country": "Canada",
        "measure": "Income"
    },
    "lorenz": {
        "L": [
            0.010649,
            0.028273,
            0.050539,
            0.077995,
            0.10484,
            0.13629,
            0.17041,
            0.20962,
            0.2461,
            0.2905,
            0.33181,
            0.38255,
            0.43043,
            0.48963,
            0.54942,
            0.61039,
            0.68228,
            0.76384,
            0.85899,
            1.0
        ],
        "index": [
            0,
            1,
            2,
            3,
            4,
            5,
            6,
            7,
            8,
            9,
            10,
            11,
            12,
            13,
            14,
            15,
            16,
            17,
            18,
            19
        ],
        "p": [
            0.05054,
            0.10006,
            0.15003,
            0.20336,
            0.25008,
            0.30002,
            0.35001,
            0.40356,
            0.45022,
            0.50363,
            0.55002,
            0.60329,
            0.65003,
            0.70358,
            0.75333,
            0.80001,
            0.85002,
            0.90025,
            0.95015,
            1.0
        ]
    },
    "dist": {
        "deciles": [
            2.8252,
            4.8013,
            6.0014,
            7.0732,
            8.0474,
            9.1936,
            10.625,
            12.47,
            15.305,
            23.657
        ],
        "Gini": 0.311463,
        "Watt": 0.0,
        "MLD": 0.183693,
        "FGT2": 0.0222322,
        "PG": 0.00861717,
        "HC": 0.00334,
        "median_ppp": 1129.13
    },
    "sample": {
        "mean_month_lcu": 1168.4,
        "effective_pop_wealth": 90955.2,
        "month_min": -63.0336,
        "mean_month_ppp": 1317.57,
        "month_max": 5196.42,
        "month_max_is_ppp": "(PPP$)",
        "month_min_is_ppp": "(PPP$)",
        "N": 300,
        "effective_pop_wealth_is_ppp": "(PPP$)",
        "effective_pop_N": 100.0
    },
    "inputs": {
        "line_month_lcu": 51.2484,
        "line_day_ppp": 1.9,
        "ppp": 1.28458,
        "line_month_ppp": 57.7917
    }
}