{
    "dist": {
        "deciles": [
            3.38613,
            4.39096,
            5.33691,
            6.27941,
            7.27285,
            8.38791,
            9.74307,
            11.5946,
            14.7382,
            28.87
        ],
        "mean_corrected_is_ppp": "(PPP$)",
        "uses": "GQ",
        "FGT2": 8.41867,
        "mean_poor50_is_ppp": "(PPP$)",
        "PG": 19.0815,
        "HC": 56.3795,
        "poverty_uses": "GQ",
        "median_ppp": 52.7614111432255,
        "poverty_uses_commentary": "(Both are valid and normal, but GQ fits better.)",
        "mean_corrected": -0.270555,
        "Gini": 35.3894,
        "elasticity": {
            "HC_wrt_mean_C": -1.22731,
            "FGT2_wrt_mean_C": -2.53314,
            "HC_wrt_Gini": 0.208723,
            "PG_wrt_Gini": 1.50249,
            "FGT2_wrt_Gini": 2.77093,
            "PG_wrt_mean_C": -1.95467
        },
        "Watt": "0.264094",
        "median": 14.2748,
        "mean_poor50": 9.75713,
        "polarization": 28.9084,
        "median_is_ppp": "(PPP$)",
        "uses_commentary": "(Both are valid, but GQ fits better)",
        "MLD": 0.207272
    },
    "inputs": {
        "line_month_ppp": 57.7917,
        "mean_month_ppp": 67.62
    },
    "quadratic": {
        "summary": {
            "lorenz_validity": "Valid",
            "Z": {
                "high": 226.598,
                "low": 23.3294
            },
            "sse_up_to_hcindex": 8.78478e-06,
            "poverty_normality": "Normal",
            "sse_fitted": 2.27278e-05
        },
        "inputs": {
            "line_month_ppp": 57.7917,
            "mean_month_ppp": 67.62
        },
        "dist": {
            "deciles": [
                3.38613,
                4.39096,
                5.33691,
                6.27941,
                7.27285,
                8.38791,
                9.74307,
                11.5946,
                14.7382,
                28.87
            ],
            "mean_corrected_is_ppp": "(PPP$)",
            "mean_poor50": 9.75713,
            "mean_poor50_is_ppp": "(PPP$)",
            "PG": 19.0815,
            "HC": 56.3795,
            "median_ppp": 52.7614111432255,
            "median": 14.2748,
            "Gini": 35.3894,
            "elasticity": {
                "HC_wrt_mean_C": -1.22731,
                "FGT2_wrt_mean_C": -2.53314,
                "HC_wrt_Gini": 0.208723,
                "PG_wrt_Gini": 1.50249,
                "FGT2_wrt_Gini": 2.77093,
                "PG_wrt_mean_C": -1.95467
            },
            "Watt": "0.264094",
            "mean_corrected": 11.8204,
            "FGT2": 8.41867,
            "polarization": 28.9084,
            "median_is_ppp": "(PPP$)",
            "MLD": 0.207272
        },
        "reg": {
            "SSE": 1.177513e-05,
            "SST": 0.1424767,
            "R2": 0.9999174,
            "RMSE": 0.000886007,
            "ymean": 0.1291862,
            "MSE": 7.850084e-07,
            "params": {
                "A": {
                    "coef": 0.774043,
                    "t": 82.4501,
                    "se": 0.009388
                },
                "B": {
                    "coef": -1.07971,
                    "t": -40.0061,
                    "se": 0.026989
                },
                "C": {
                    "t": 18.7633,
                    "coef": 0.27639,
                    "se": 0.01473
                }
            }
        }
    },
    "dataset": {
        "source": "CHN_R1999X",
        "year": 1999,
        "coverage": "Rural",
        "timespan": "UnDefined",
        "iso3c": "CHN",
        "format": "Grouped",
        "country": "China",
        "measure": "Consumption"
    },
    "summary": {
        "lorenz_validity": "Valid",
        "Z": {
            "high": 226.598,
            "low": 23.3294
        },
        "sse_up_to_hcindex": 8.78478e-06,
        "poverty_normality": "Normal",
        "sse_fitted": 2.27278e-05
    },
    "lorenz": {
        "L": [
            3.068419e-05,
            0.000451099,
            0.002825467,
            0.01023096,
            0.02528234,
            0.08212611,
            0.1643474,
            0.2565718,
            0.3033504,
            0.388931,
            0.4658492,
            0.5553267,
            0.6662091,
            0.7408725,
            0.7945068,
            0.8323744,
            0.8614053,
            0.884028,
            1.0
        ],
        "index": [
            1,
            2,
            3,
            4,
            5,
            6,
            7,
            8,
            9,
            10,
            11,
            12,
            13,
            14,
            15,
            16,
            17,
            18,
            19
        ],
        "p": [
            0.0002799944,
            0.002779944,
            0.01321974,
            0.03883922,
            0.08176836,
            0.2089758,
            0.3531829,
            0.4857803,
            0.5448891,
            0.6416072,
            0.7176756,
            0.7944341,
            0.8730225,
            0.9162317,
            0.9424612,
            0.9584808,
            0.9693006,
            0.9768405,
            1.0
        ]
    },
    "beta": {
        "implied": {
            "gamma": 0.9596255,
            "theta": 0.6518201,
            "delta": 0.5043659
        },
        "summary": {
            "lorenz_validity": "Valid",
            "Z": {
                "high": 209.299,
                "low": 15.7755
            },
            "sse_up_to_hcindex": 4.59158e-05,
            "poverty_normality": "Normal",
            "sse_fitted": 0.000111326
        },
        "inputs": {
            "line_month_ppp": 57.7917,
            "mean_month_ppp": 67.62
        },
        "dist": {
            "deciles": [
                3.21697,
                4.3522,
                5.28207,
                6.2384,
                7.2826,
                8.47829,
                9.92873,
                11.8542,
                14.9226,
                28.4439
            ],
            "mean_corrected_is_ppp": "(PPP$)",
            "mean_poor50": 9.64955,
            "mean_poor50_is_ppp": "(PPP$)",
            "PG": 19.3752,
            "HC": 55.6021,
            "median_ppp": 53.0725541885479,
            "median": 14.359,
            "Gini": 35.5771,
            "elasticity": {
                "HC_wrt_mean_C": -1.17372,
                "FGT2_wrt_mean_C": -2.40574,
                "HC_wrt_Gini": 0.199608,
                "PG_wrt_Gini": 1.48804,
                "FGT2_wrt_Gini": 2.74926,
                "PG_wrt_mean_C": -1.86976
            },
            "Watt": "0.26448",
            "mean_corrected": 11.7861,
            "FGT2": 8.79544,
            "polarization": -138.172,
            "median_is_ppp": "(PPP$)",
            "MLD": 0.211993
        },
        "reg": {
            "SSE": 0.004600518,
            "SST": 60.11043,
            "R2": 0.9999235,
            "RMSE": 0.01751289,
            "ymean": -2.670367,
            "MSE": 0.0003067012,
            "params": {
                "A": {
                    "coef": -0.427987,
                    "t": -43.8721,
                    "se": 0.0097553
                },
                "B": {
                    "coef": 0.959626,
                    "t": 397.858,
                    "se": 0.002412
                },
                "C": {
                    "t": 117.458,
                    "coef": 0.504366,
                    "se": 0.004294
                }
            }
        }
    }
}