{
    "dist": {
        "deciles": [
            3.01563,
            4.21871,
            5.29641,
            6.33243,
            7.39527,
            8.56301,
            9.9577,
            11.8353,
            14.9797,
            28.4058
        ],
        "mean_corrected_is_ppp": "(PPP$)",
        "uses": "GQ",
        "FGT2": 0.126846,
        "mean_poor50_is_ppp": "(PPP$)",
        "PG": 0.213757,
        "HC": 0.743693,
        "poverty_uses": "GQ",
        "median_ppp": 244.337635451096,
        "poverty_uses_commentary": "(Both are valid and normal, but GQ fits better.)",
        "mean_corrected": -0.270555,
        "Gini": 35.7445,
        "elasticity": {
            "HC_wrt_mean_C": -3.48134,
            "FGT2_wrt_mean_C": -1.37034,
            "HC_wrt_Gini": 15.0241,
            "PG_wrt_Gini": 16.0146,
            "FGT2_wrt_Gini": 16.545,
            "PG_wrt_mean_C": -2.47915
        },
        "Watt": "0.00209805",
        "median": 66.1067,
        "mean_poor50": 43.6487,
        "polarization": 29.517,
        "median_is_ppp": "(PPP$)",
        "uses_commentary": "(Both are valid, but GQ fits better)",
        "MLD": 0.21403
    },
    "inputs": {
        "line_month_ppp": 57.7917,
        "mean_month_ppp": 307.197
    },
    "quadratic": {
        "summary": {
            "lorenz_validity": "Valid",
            "Z": {
                "high": 1035.16,
                "low": 76.4092
            },
            "sse_up_to_hcindex": 2.16502e-06,
            "poverty_normality": "Normal",
            "sse_fitted": 7.95267e-06
        },
        "inputs": {
            "line_month_ppp": 57.7917,
            "mean_month_ppp": 307.197
        },
        "dist": {
            "deciles": [
                3.01563,
                4.21871,
                5.29641,
                6.33243,
                7.39527,
                8.56301,
                9.9577,
                11.8353,
                14.9797,
                28.4058
            ],
            "mean_corrected_is_ppp": "(PPP$)",
            "mean_poor50": 43.6487,
            "mean_poor50_is_ppp": "(PPP$)",
            "PG": 0.0,
            "HC": 0.0,
            "median_ppp": 244.337635451096,
            "median": 66.1067,
            "Gini": 35.7445,
            "elasticity": {
                "HC_wrt_mean_C": 0.0,
                "FGT2_wrt_mean_C": 0.0,
                "HC_wrt_Gini": 0.0,
                "PG_wrt_Gini": 0.0,
                "FGT2_wrt_Gini": 0.0,
                "PG_wrt_mean_C": 0.0
            },
            "Watt": "0",
            "mean_corrected": 53.4051,
            "FGT2": 0.0,
            "polarization": 29.517,
            "median_is_ppp": "(PPP$)",
            "MLD": 0.21403
        },
        "reg": {
            "SSE": 4.72273e-06,
            "SST": 0.1060796,
            "R2": 0.9999555,
            "RMSE": 0.0005432961,
            "ymean": 0.1646517,
            "MSE": 2.951706e-07,
            "params": {
                "A": {
                    "coef": 0.857554,
                    "t": 255.549,
                    "se": 0.0033557
                },
                "B": {
                    "coef": -1.1849,
                    "t": -88.9859,
                    "se": 0.013316
                },
                "C": {
                    "t": 29.4872,
                    "coef": 0.205788,
                    "se": 0.0069789
                }
            }
        }
    },
    "dataset": {
        "source": "CHN_U2010X",
        "year": 2010,
        "coverage": "Urban",
        "timespan": "UnDefined",
        "iso3c": "CHN",
        "format": "Grouped",
        "country": "China",
        "measure": "Consumption"
    },
    "summary": {
        "lorenz_validity": "Valid",
        "Z": {
            "high": 1035.16,
            "low": 76.4092
        },
        "sse_up_to_hcindex": 5.04341e-08,
        "poverty_normality": "Normal",
        "sse_fitted": 7.95267e-06
    },
    "lorenz": {
        "L": [
            0.0153684,
            0.0362446,
            0.06032144,
            0.08717408,
            0.1164101,
            0.1472537,
            0.1807331,
            0.2162206,
            0.2529479,
            0.2932211,
            0.33567,
            0.3803396,
            0.4285677,
            0.4796786,
            0.5341666,
            0.5943273,
            0.6618777,
            0.7385839,
            0.8317883,
            1.0
        ],
        "index": [
            1,
            2,
            3,
            4,
            5,
            6,
            7,
            8,
            9,
            10,
            11,
            12,
            13,
            14,
            15,
            16,
            17,
            18,
            19,
            20
        ],
        "p": [
            0.06093906,
            0.1188811,
            0.1748252,
            0.2297702,
            0.2837163,
            0.3356643,
            0.3876124,
            0.4385614,
            0.4875125,
            0.5374625,
            0.5864136,
            0.6343656,
            0.6823177,
            0.7292707,
            0.7752248,
            0.8211788,
            0.8671329,
            0.9120879,
            0.956044,
            1.0
        ]
    },
    "beta": {
        "implied": {
            "gamma": 0.9413891,
            "theta": 0.6522131,
            "delta": 0.5113787
        },
        "summary": {
            "lorenz_validity": "Valid",
            "Z": {
                "high": 957.551,
                "low": 28.7416
            },
            "sse_up_to_hcindex": 5.04341e-08,
            "poverty_normality": "Normal",
            "sse_fitted": 2.64166e-05
        },
        "inputs": {
            "line_month_ppp": 57.7917,
            "mean_month_ppp": 307.197
        },
        "dist": {
            "deciles": [
                2.92704,
                4.28418,
                5.29258,
                6.29675,
                7.3728,
                8.58919,
                10.0504,
                11.9746,
                15.0182,
                28.1943
            ],
            "mean_corrected_is_ppp": "(PPP$)",
            "mean_poor50": 43.5073,
            "mean_poor50_is_ppp": "(PPP$)",
            "PG": 0.213757,
            "HC": 0.743693,
            "median_ppp": 244.248328817618,
            "median": 66.0825,
            "Gini": 35.7919,
            "elasticity": {
                "HC_wrt_mean_C": -3.48134,
                "FGT2_wrt_mean_C": -1.37034,
                "HC_wrt_Gini": 15.0241,
                "PG_wrt_Gini": 16.0146,
                "FGT2_wrt_Gini": 16.545,
                "PG_wrt_mean_C": -2.47915
            },
            "Watt": "0.00209805",
            "mean_corrected": 53.3657,
            "FGT2": 0.126846,
            "polarization": -132.494,
            "median_is_ppp": "(PPP$)",
            "MLD": 0.219208
        },
        "reg": {
            "SSE": 0.0008112491,
            "SST": 3.728265,
            "R2": 0.9997824,
            "RMSE": 0.007120609,
            "ymean": -1.733271,
            "MSE": 5.070307e-05,
            "params": {
                "A": {
                    "coef": -0.427384,
                    "t": -69.3166,
                    "se": 0.0061657
                },
                "B": {
                    "coef": 0.941389,
                    "t": 260.303,
                    "se": 0.0036165
                },
                "C": {
                    "t": 158.052,
                    "coef": 0.511379,
                    "se": 0.0032355
                }
            }
        }
    }
}