{
    "dist": {
        "deciles": [
            3.78654,
            5.05689,
            6.13088,
            7.123,
            8.11082,
            9.17015,
            10.4083,
            12.0384,
            14.6836,
            23.4914
        ],
        "mean_corrected_is_ppp": "(PPP$)",
        "uses": "GQ",
        "FGT2": 0.864924,
        "mean_poor50_is_ppp": "(PPP$)",
        "PG": 2.73114,
        "HC": 13.8543,
        "poverty_uses": "GQ",
        "median_ppp": 99.8134614507336,
        "poverty_uses_commentary": "(Both are valid and normal, but GQ fits better.)",
        "mean_corrected": -0.270555,
        "Gini": 29.0892,
        "elasticity": {
            "HC_wrt_mean_C": -3.36897,
            "FGT2_wrt_mean_C": -4.31532,
            "HC_wrt_Gini": 3.3801,
            "PG_wrt_Gini": 6.08949,
            "FGT2_wrt_Gini": 8.33618,
            "PG_wrt_mean_C": -4.07274
        },
        "Watt": "0.0332158",
        "median": 27.005,
        "mean_poor50": 18.9243,
        "polarization": 24.3453,
        "median_is_ppp": "(PPP$)",
        "uses_commentary": "(Both are valid, but GQ fits better)",
        "MLD": 0.139021
    },
    "inputs": {
        "line_month_ppp": 57.7917,
        "mean_month_ppp": 115.774
    },
    "quadratic": {
        "summary": {
            "lorenz_validity": "Valid",
            "Z": {
                "high": 321.126,
                "low": 39.3743
            },
            "sse_up_to_hcindex": 3.20949e-06,
            "poverty_normality": "Normal",
            "sse_fitted": 6.76482e-06
        },
        "inputs": {
            "line_month_ppp": 57.7917,
            "mean_month_ppp": 115.774
        },
        "dist": {
            "deciles": [
                3.78654,
                5.05689,
                6.13088,
                7.123,
                8.11082,
                9.17015,
                10.4083,
                12.0384,
                14.6836,
                23.4914
            ],
            "mean_corrected_is_ppp": "(PPP$)",
            "mean_poor50": 18.9243,
            "mean_poor50_is_ppp": "(PPP$)",
            "PG": 2.6404,
            "HC": 14.3651,
            "median_ppp": 99.8134614507336,
            "median": 27.005,
            "Gini": 29.0892,
            "elasticity": {
                "HC_wrt_mean_C": -3.01242,
                "FGT2_wrt_mean_C": -5.92318,
                "HC_wrt_Gini": 3.02237,
                "PG_wrt_Gini": 6.45846,
                "FGT2_wrt_Gini": 9.94934,
                "PG_wrt_mean_C": -4.44049
            },
            "Watt": "0.0312821",
            "mean_corrected": 22.2116,
            "FGT2": 0.666501,
            "polarization": 24.3453,
            "median_is_ppp": "(PPP$)",
            "MLD": 0.139021
        },
        "reg": {
            "SSE": 3.550546e-06,
            "SST": 0.09897833,
            "R2": 0.9999641,
            "RMSE": 0.0004710723,
            "ymean": 0.1680887,
            "MSE": 2.219091e-07,
            "params": {
                "A": {
                    "coef": 0.920291,
                    "t": 269.186,
                    "se": 0.0034188
                },
                "B": {
                    "coef": -1.43631,
                    "t": -121.343,
                    "se": 0.011837
                },
                "C": {
                    "t": 25.6152,
                    "coef": 0.211287,
                    "se": 0.0082485
                }
            }
        }
    },
    "dataset": {
        "source": "CHN_U1996X",
        "year": 1996,
        "coverage": "Urban",
        "timespan": "UnDefined",
        "iso3c": "CHN",
        "format": "Grouped",
        "country": "China",
        "measure": "Consumption"
    },
    "summary": {
        "lorenz_validity": "Valid",
        "Z": {
            "high": 321.126,
            "low": 39.3743
        },
        "sse_up_to_hcindex": 2.28191e-07,
        "poverty_normality": "Normal",
        "sse_fitted": 6.76482e-06
    },
    "lorenz": {
        "L": [
            0.01951108,
            0.04403329,
            0.07180219,
            0.1028102,
            0.1345223,
            0.1695544,
            0.205905,
            0.2442346,
            0.2847113,
            0.3270149,
            0.3717578,
            0.4189883,
            0.468678,
            0.5218147,
            0.5781879,
            0.6388751,
            0.7053987,
            0.7803955,
            0.8671542,
            1.0
        ],
        "index": [
            1,
            2,
            3,
            4,
            5,
            6,
            7,
            8,
            9,
            10,
            11,
            12,
            13,
            14,
            15,
            16,
            17,
            18,
            19,
            20
        ],
        "p": [
            0.05991198,
            0.1156231,
            0.170034,
            0.2246449,
            0.2757552,
            0.3282657,
            0.3791758,
            0.4294859,
            0.4794959,
            0.5287057,
            0.5776155,
            0.6260252,
            0.6737347,
            0.7214443,
            0.7685537,
            0.8153631,
            0.8618724,
            0.9084817,
            0.9540908,
            1.0
        ]
    },
    "beta": {
        "implied": {
            "gamma": 0.9305565,
            "theta": 0.5703583,
            "delta": 0.5892997
        },
        "summary": {
            "lorenz_validity": "Valid",
            "Z": {
                "high": 296.052,
                "low": 20.6223
            },
            "sse_up_to_hcindex": 2.28191e-07,
            "poverty_normality": "Normal",
            "sse_fitted": 2.73318e-05
        },
        "inputs": {
            "line_month_ppp": 57.7917,
            "mean_month_ppp": 115.774
        },
        "dist": {
            "deciles": [
                3.71035,
                5.10538,
                6.10793,
                7.08321,
                8.10356,
                9.2263,
                10.532,
                12.1812,
                14.6372,
                23.3128
            ],
            "mean_corrected_is_ppp": "(PPP$)",
            "mean_poor50": 18.8631,
            "mean_poor50_is_ppp": "(PPP$)",
            "PG": 2.73114,
            "HC": 13.8543,
            "median_ppp": 100.057973232576,
            "median": 27.0711,
            "Gini": 29.1428,
            "elasticity": {
                "HC_wrt_mean_C": -3.36897,
                "FGT2_wrt_mean_C": -4.31532,
                "HC_wrt_Gini": 3.3801,
                "PG_wrt_Gini": 6.08949,
                "FGT2_wrt_Gini": 8.33618,
                "PG_wrt_mean_C": -4.07274
            },
            "Watt": "0.0332158",
            "mean_corrected": 22.1948,
            "FGT2": 0.864924,
            "polarization": -141.358,
            "median_is_ppp": "(PPP$)",
            "MLD": 0.142957
        },
        "reg": {
            "SSE": 0.001344561,
            "SST": 3.476022,
            "R2": 0.9996132,
            "RMSE": 0.009167064,
            "ymean": -1.939055,
            "MSE": 8.403506e-05,
            "params": {
                "A": {
                    "coef": -0.561491,
                    "t": -70.3756,
                    "se": 0.0079785
                },
                "B": {
                    "coef": 0.930557,
                    "t": 200.885,
                    "se": 0.0046323
                },
                "C": {
                    "t": 139.001,
                    "coef": 0.5893,
                    "se": 0.0042395
                }
            }
        }
    }
}