{
    "dist": {
        "deciles": [
            2.96517,
            4.39437,
            5.42445,
            6.43782,
            7.51448,
            8.72269,
            10.1637,
            12.0464,
            14.9942,
            27.3367
        ],
        "mean_corrected_is_ppp": "(PPP$)",
        "uses": "Beta",
        "FGT2": 0.304787,
        "mean_poor50_is_ppp": "(PPP$)",
        "PG": 0.647498,
        "HC": 2.6877,
        "poverty_uses": "Beta",
        "median_ppp": 176.338638180643,
        "poverty_uses_commentary": "(Both are valid and normal, but Beta fits better.)",
        "mean_corrected": -0.270555,
        "Gini": 34.7987,
        "elasticity": {
            "HC_wrt_mean_C": -3.75305,
            "FGT2_wrt_mean_C": -2.24885,
            "HC_wrt_Gini": 10.4021,
            "PG_wrt_Gini": 12.5048,
            "FGT2_wrt_Gini": 13.7763,
            "PG_wrt_mean_C": -3.15091
        },
        "Watt": "0.00772744",
        "median": 47.7092,
        "mean_poor50": 31.5342,
        "polarization": -133.327,
        "median_is_ppp": "(PPP$)",
        "uses_commentary": "(Both are valid, but Beta fits better)",
        "MLD": 0.208943
    },
    "inputs": {
        "line_month_ppp": 57.7917,
        "mean_month_ppp": 217.969
    },
    "quadratic": {
        "summary": {
            "lorenz_validity": "Valid",
            "Z": {
                "high": 712.428,
                "low": 54.21
            },
            "sse_up_to_hcindex": 1.17665e-06,
            "poverty_normality": "Normal",
            "sse_fitted": 5.83874e-06
        },
        "inputs": {
            "line_month_ppp": 57.7917,
            "mean_month_ppp": 217.969
        },
        "dist": {
            "deciles": [
                3.0229,
                4.30742,
                5.428,
                6.48575,
                7.55633,
                8.72033,
                10.0987,
                11.9403,
                15.0002,
                27.4401
            ],
            "mean_corrected_is_ppp": "(PPP$)",
            "mean_poor50": 31.6098,
            "mean_poor50_is_ppp": "(PPP$)",
            "PG": 0.159307,
            "HC": 2.34744,
            "median_ppp": 176.878740666174,
            "median": 47.8554,
            "Gini": 34.7359,
            "elasticity": {
                "HC_wrt_mean_C": -7.5261,
                "FGT2_wrt_mean_C": -19.9831,
                "HC_wrt_Gini": 20.8596,
                "PG_wrt_Gini": 41.841,
                "FGT2_wrt_Gini": 62.9291,
                "PG_wrt_mean_C": -13.7353
            },
            "Watt": "0.00170525",
            "mean_corrected": 38.4879,
            "FGT2": 0.0144936,
            "polarization": 28.7456,
            "median_is_ppp": "(PPP$)",
            "MLD": 0.202612
        },
        "reg": {
            "SSE": 2.748496e-06,
            "SST": 0.1059573,
            "R2": 0.9999741,
            "RMSE": 0.0004144647,
            "ymean": 0.164199,
            "MSE": 1.71781e-07,
            "params": {
                "A": {
                    "coef": 0.889762,
                    "t": 351.757,
                    "se": 0.0025295
                },
                "B": {
                    "coef": -1.26031,
                    "t": -129.549,
                    "se": 0.0097284
                },
                "C": {
                    "t": 35.2894,
                    "coef": 0.186696,
                    "se": 0.0052904
                }
            }
        }
    },
    "dataset": {
        "source": "CHN_U2005X",
        "year": 2005,
        "coverage": "Urban",
        "timespan": "UnDefined",
        "iso3c": "CHN",
        "format": "Grouped",
        "country": "China",
        "measure": "Consumption"
    },
    "summary": {
        "lorenz_validity": "Valid",
        "Z": {
            "high": 658.462,
            "low": 17.4527
        },
        "sse_up_to_hcindex": 2.96207e-10,
        "poverty_normality": "Normal",
        "sse_fitted": 3.23206e-06
    },
    "lorenz": {
        "L": [
            0.01553312,
            0.03604868,
            0.06020811,
            0.08686188,
            0.1161167,
            0.1473583,
            0.1806805,
            0.2165543,
            0.2545671,
            0.2950893,
            0.3382495,
            0.3838555,
            0.4328036,
            0.4846885,
            0.5413151,
            0.6026931,
            0.6699637,
            0.7462879,
            0.8372002,
            1.0
        ],
        "index": [
            1,
            2,
            3,
            4,
            5,
            6,
            7,
            8,
            9,
            10,
            11,
            12,
            13,
            14,
            15,
            16,
            17,
            18,
            19,
            20
        ],
        "p": [
            0.06050605,
            0.1168117,
            0.1724172,
            0.2262226,
            0.279528,
            0.3315332,
            0.3826383,
            0.4334433,
            0.4834483,
            0.5329533,
            0.5820582,
            0.630363,
            0.6784678,
            0.7256726,
            0.7729773,
            0.819682,
            0.8657866,
            0.9113911,
            0.9558956,
            1.0
        ]
    },
    "beta": {
        "implied": {
            "gamma": 0.9345035,
            "theta": 0.6393437,
            "delta": 0.5240071
        },
        "summary": {
            "lorenz_validity": "Valid",
            "Z": {
                "high": 658.462,
                "low": 17.4527
            },
            "sse_up_to_hcindex": 2.96207e-10,
            "poverty_normality": "Normal",
            "sse_fitted": 3.23206e-06
        },
        "inputs": {
            "line_month_ppp": 57.7917,
            "mean_month_ppp": 217.969
        },
        "dist": {
            "deciles": [
                2.96517,
                4.39437,
                5.42445,
                6.43782,
                7.51448,
                8.72269,
                10.1637,
                12.0464,
                14.9942,
                27.3367
            ],
            "mean_corrected_is_ppp": "(PPP$)",
            "mean_poor50": 31.5342,
            "mean_poor50_is_ppp": "(PPP$)",
            "PG": 0.647498,
            "HC": 2.6877,
            "median_ppp": 176.338638180643,
            "median": 47.7092,
            "Gini": 34.7987,
            "elasticity": {
                "HC_wrt_mean_C": -3.75305,
                "FGT2_wrt_mean_C": -2.24885,
                "HC_wrt_Gini": 10.4021,
                "PG_wrt_Gini": 12.5048,
                "FGT2_wrt_Gini": 13.7763,
                "PG_wrt_mean_C": -3.15091
            },
            "Watt": "0.00772744",
            "mean_corrected": 38.4509,
            "FGT2": 0.304787,
            "polarization": -133.327,
            "median_is_ppp": "(PPP$)",
            "MLD": 0.208943
        },
        "reg": {
            "SSE": 0.0001094969,
            "SST": 3.661843,
            "R2": 0.9999701,
            "RMSE": 0.00261602,
            "ymean": -1.763679,
            "MSE": 6.843559e-06,
            "params": {
                "A": {
                    "coef": -0.447313,
                    "t": -197.655,
                    "se": 0.0022631
                },
                "B": {
                    "coef": 0.934504,
                    "t": 706.862,
                    "se": 0.001322
                },
                "C": {
                    "t": 440.263,
                    "coef": 0.524007,
                    "se": 0.0011902
                }
            }
        }
    }
}