{
    "dist": {
        "deciles": [
            4.13299,
            5.65841,
            6.79051,
            7.75683,
            8.66837,
            9.60746,
            10.6703,
            12.0298,
            14.1663,
            20.5191
        ],
        "mean_corrected_is_ppp": "(PPP$)",
        "uses": "GQ",
        "FGT2": 29.7855,
        "mean_poor50_is_ppp": "(PPP$)",
        "PG": 50.4882,
        "HC": 95.5939,
        "poverty_uses": "GQ",
        "median_ppp": 26.6494786220706,
        "poverty_uses_commentary": "(Both are valid and normal, but GQ fits better.)",
        "mean_corrected": -0.270555,
        "Gini": 24.7292,
        "elasticity": {
            "HC_wrt_mean_C": -0.178297,
            "FGT2_wrt_mean_C": -1.39012,
            "HC_wrt_Gini": -0.0882093,
            "PG_wrt_Gini": 0.0632783,
            "FGT2_wrt_Gini": 0.322797,
            "PG_wrt_mean_C": -0.89339
        },
        "Watt": "0.808019",
        "median": 7.21014,
        "mean_poor50": 5.21529,
        "polarization": 20.2851,
        "median_is_ppp": "(PPP$)",
        "uses_commentary": "(Both are valid, but GQ fits better)",
        "MLD": 0.101958
    },
    "inputs": {
        "line_month_ppp": 57.7917,
        "mean_month_ppp": 29.2002
    },
    "quadratic": {
        "summary": {
            "lorenz_validity": "Valid",
            "Z": {
                "high": 65.7508,
                "low": 13.172
            },
            "sse_up_to_hcindex": 6.89739e-06,
            "poverty_normality": "Normal",
            "sse_fitted": 6.89739e-06
        },
        "inputs": {
            "line_month_ppp": 57.7917,
            "mean_month_ppp": 29.2002
        },
        "dist": {
            "deciles": [
                4.13299,
                5.65841,
                6.79051,
                7.75683,
                8.66837,
                9.60746,
                10.6703,
                12.0298,
                14.1663,
                20.5191
            ],
            "mean_corrected_is_ppp": "(PPP$)",
            "mean_poor50": 5.21529,
            "mean_poor50_is_ppp": "(PPP$)",
            "PG": 50.4882,
            "HC": 95.5939,
            "median_ppp": 26.6494786220706,
            "median": 7.21014,
            "Gini": 24.7292,
            "elasticity": {
                "HC_wrt_mean_C": -0.178297,
                "FGT2_wrt_mean_C": -1.39012,
                "HC_wrt_Gini": -0.0882093,
                "PG_wrt_Gini": 0.0632783,
                "FGT2_wrt_Gini": 0.322797,
                "PG_wrt_mean_C": -0.89339
            },
            "Watt": "0.808019",
            "mean_corrected": 5.94659,
            "FGT2": 29.7855,
            "polarization": 20.2851,
            "median_is_ppp": "(PPP$)",
            "MLD": 0.101958
        },
        "reg": {
            "SSE": 1.538583e-06,
            "SST": 0.07618188,
            "R2": 0.9999798,
            "RMSE": 0.0005063897,
            "ymean": 0.1113759,
            "MSE": 2.564305e-07,
            "params": {
                "A": {
                    "coef": 0.990234,
                    "t": 133.969,
                    "se": 0.0073915
                },
                "B": {
                    "coef": -1.67187,
                    "t": -97.8635,
                    "se": 0.017084
                },
                "C": {
                    "t": 9.94743,
                    "coef": 0.144149,
                    "se": 0.014491
                }
            }
        }
    },
    "dataset": {
        "source": "CHN_R1981Y",
        "year": 1981,
        "coverage": "Rural",
        "timespan": "UnDefined",
        "iso3c": "CHN",
        "format": "Grouped",
        "country": "China",
        "measure": "Income"
    },
    "summary": {
        "lorenz_validity": "Valid",
        "Z": {
            "high": 65.7508,
            "low": 13.172
        },
        "sse_up_to_hcindex": 6.89739e-06,
        "poverty_normality": "Normal",
        "sse_fitted": 6.89739e-06
    },
    "lorenz": {
        "L": [
            0.001325334,
            0.006091885,
            0.0177909,
            0.1058677,
            0.2878122,
            0.4837554,
            0.6475833,
            0.843377,
            0.9267943,
            1.0
        ],
        "index": [
            1,
            2,
            3,
            4,
            5,
            6,
            7,
            8,
            9,
            10
        ],
        "p": [
            0.0061,
            0.0215,
            0.0514,
            0.2112,
            0.4524,
            0.6562,
            0.7953,
            0.9287,
            0.9727,
            1.0
        ]
    },
    "beta": {
        "implied": {
            "gamma": 0.9139403,
            "theta": 0.515005,
            "delta": 0.6611583
        },
        "summary": {
            "lorenz_validity": "Valid",
            "Z": {
                "high": 60.906,
                "low": 8.32926
            },
            "sse_up_to_hcindex": 1.41441e-05,
            "poverty_normality": "Normal",
            "sse_fitted": 1.41441e-05
        },
        "inputs": {
            "line_month_ppp": 57.7917,
            "mean_month_ppp": 29.2002
        },
        "dist": {
            "deciles": [
                4.14377,
                5.64868,
                6.67073,
                7.63522,
                8.617,
                9.66673,
                10.8478,
                12.2786,
                14.286,
                20.2055
            ],
            "mean_corrected_is_ppp": "(PPP$)",
            "mean_poor50": 5.1692,
            "mean_poor50_is_ppp": "(PPP$)",
            "PG": 50.487,
            "HC": 96.5354,
            "median_ppp": 26.648586555601,
            "median": 7.2099,
            "Gini": 24.847,
            "elasticity": {
                "HC_wrt_mean_C": -0.170401,
                "FGT2_wrt_mean_C": -1.3932,
                "HC_wrt_Gini": -0.084303,
                "PG_wrt_Gini": 0.05403,
                "FGT2_wrt_Gini": 0.321272,
                "PG_wrt_mean_C": -0.912083
            },
            "Watt": "0.7922",
            "mean_corrected": 5.93728,
            "FGT2": 29.7578,
            "polarization": -150.897,
            "median_is_ppp": "(PPP$)",
            "MLD": 0.104303
        },
        "reg": {
            "SSE": 0.001673077,
            "SST": 11.96537,
            "R2": 0.9998602,
            "RMSE": 0.01669869,
            "ymean": -2.908646,
            "MSE": 0.0002788462,
            "params": {
                "A": {
                    "coef": -0.663579,
                    "t": -43.7602,
                    "se": 0.015164
                },
                "B": {
                    "coef": 0.91394,
                    "t": 195.772,
                    "se": 0.0046684
                },
                "C": {
                    "t": 97.9789,
                    "coef": 0.661158,
                    "se": 0.006748
                }
            }
        }
    }
}