{
    "dist": {
        "deciles": [
            4.11464,
            5.52657,
            6.63045,
            7.60114,
            8.53471,
            9.50963,
            10.6241,
            12.0603,
            14.3295,
            21.069
        ],
        "mean_corrected_is_ppp": "(PPP$)",
        "uses": "GQ",
        "FGT2": 2.6934,
        "mean_poor50_is_ppp": "(PPP$)",
        "PG": 7.65244,
        "HC": 32.1594,
        "poverty_uses": "GQ",
        "median_ppp": 71.6454655518265,
        "poverty_uses_commentary": "(Both are valid and normal, but GQ fits better.)",
        "mean_corrected": -0.270555,
        "Gini": 25.5946,
        "elasticity": {
            "HC_wrt_mean_C": -2.39878,
            "FGT2_wrt_mean_C": -3.68235,
            "HC_wrt_Gini": 0.902369,
            "PG_wrt_Gini": 2.58089,
            "FGT2_wrt_Gini": 4.13758,
            "PG_wrt_mean_C": -3.20251
        },
        "Watt": "0.0961189",
        "median": 19.384,
        "mean_poor50": 13.9467,
        "polarization": 21.2919,
        "median_is_ppp": "(PPP$)",
        "uses_commentary": "(Both are valid, but GQ fits better)",
        "MLD": 0.108117
    },
    "inputs": {
        "line_month_ppp": 57.7917,
        "mean_month_ppp": 79.5316
    },
    "quadratic": {
        "summary": {
            "lorenz_validity": "Valid",
            "Z": {
                "high": 192.022,
                "low": 29.782
            },
            "sse_up_to_hcindex": 1.18586e-06,
            "poverty_normality": "Normal",
            "sse_fitted": 3.94783e-06
        },
        "inputs": {
            "line_month_ppp": 57.7917,
            "mean_month_ppp": 79.5316
        },
        "dist": {
            "deciles": [
                4.11464,
                5.52657,
                6.63045,
                7.60114,
                8.53471,
                9.50963,
                10.6241,
                12.0603,
                14.3295,
                21.069
            ],
            "mean_corrected_is_ppp": "(PPP$)",
            "mean_poor50": 13.9467,
            "mean_poor50_is_ppp": "(PPP$)",
            "PG": 7.62091,
            "HC": 31.4378,
            "median_ppp": 71.6454655518265,
            "median": 19.384,
            "Gini": 25.5946,
            "elasticity": {
                "HC_wrt_mean_C": -2.42489,
                "FGT2_wrt_mean_C": -3.82904,
                "HC_wrt_Gini": 0.912188,
                "PG_wrt_Gini": 2.55181,
                "FGT2_wrt_Gini": 4.19276,
                "PG_wrt_mean_C": -3.12521
            },
            "Watt": "0.0980735",
            "mean_corrected": 16.0103,
            "FGT2": 2.61481,
            "polarization": 21.2919,
            "median_is_ppp": "(PPP$)",
            "MLD": 0.108117
        },
        "reg": {
            "SSE": 8.695384e-07,
            "SST": 0.09359195,
            "R2": 0.9999907,
            "RMSE": 0.0002331226,
            "ymean": 0.1706145,
            "MSE": 5.434615e-08,
            "params": {
                "A": {
                    "coef": 0.973442,
                    "t": 519.826,
                    "se": 0.0018726
                },
                "B": {
                    "coef": -1.6087,
                    "t": -299.561,
                    "se": 0.0053702
                },
                "C": {
                    "t": 38.5606,
                    "coef": 0.173306,
                    "se": 0.0044944
                }
            }
        }
    },
    "dataset": {
        "source": "CHN_U1990X",
        "year": 1990,
        "coverage": "Urban",
        "timespan": "UnDefined",
        "iso3c": "CHN",
        "format": "Grouped",
        "country": "China",
        "measure": "Consumption"
    },
    "summary": {
        "lorenz_validity": "Valid",
        "Z": {
            "high": 192.022,
            "low": 29.782
        },
        "sse_up_to_hcindex": 5.4861e-07,
        "poverty_normality": "Normal",
        "sse_fitted": 3.94783e-06
    },
    "lorenz": {
        "L": [
            0.02364681,
            0.05292775,
            0.08485855,
            0.1182973,
            0.154175,
            0.1925607,
            0.232488,
            0.273373,
            0.3166986,
            0.3624846,
            0.4094452,
            0.4577482,
            0.508582,
            0.5629189,
            0.6195431,
            0.6796554,
            0.7457581,
            0.8147527,
            0.8923039,
            1.0
        ],
        "index": [
            1,
            2,
            3,
            4,
            5,
            6,
            7,
            8,
            9,
            10,
            11,
            12,
            13,
            14,
            15,
            16,
            17,
            18,
            19,
            20
        ],
        "p": [
            0.06428429,
            0.1237772,
            0.1804751,
            0.2342783,
            0.2874825,
            0.3404871,
            0.3920942,
            0.4419046,
            0.4919146,
            0.5420244,
            0.590537,
            0.6378519,
            0.6850669,
            0.7325814,
            0.7790976,
            0.825015,
            0.8715312,
            0.9153524,
            0.9580755,
            1.0
        ]
    },
    "beta": {
        "implied": {
            "gamma": 0.9120353,
            "theta": 0.5160727,
            "delta": 0.6317939
        },
        "summary": {
            "lorenz_validity": "Valid",
            "Z": {
                "high": 179.861,
                "low": 14.8911
            },
            "sse_up_to_hcindex": 5.4861e-07,
            "poverty_normality": "Normal",
            "sse_fitted": 1.12957e-05
        },
        "inputs": {
            "line_month_ppp": 57.7917,
            "mean_month_ppp": 79.5316
        },
        "dist": {
            "deciles": [
                4.08757,
                5.58486,
                6.58839,
                7.53553,
                8.5037,
                9.54642,
                10.7321,
                12.1907,
                14.2865,
                20.9442
            ],
            "mean_corrected_is_ppp": "(PPP$)",
            "mean_poor50": 13.9004,
            "mean_poor50_is_ppp": "(PPP$)",
            "PG": 7.65244,
            "HC": 32.1594,
            "median_ppp": 71.6416630334295,
            "median": 19.383,
            "Gini": 25.6454,
            "elasticity": {
                "HC_wrt_mean_C": -2.39878,
                "FGT2_wrt_mean_C": -3.68235,
                "HC_wrt_Gini": 0.902369,
                "PG_wrt_Gini": 2.58089,
                "FGT2_wrt_Gini": 4.13758,
                "PG_wrt_mean_C": -3.20251
            },
            "Watt": "0.0961189",
            "mean_corrected": 15.9993,
            "FGT2": 2.6934,
            "polarization": -146.221,
            "median_is_ppp": "(PPP$)",
            "MLD": 0.111387
        },
        "reg": {
            "SSE": 0.0007637226,
            "SST": 3.106725,
            "R2": 0.9997542,
            "RMSE": 0.006908883,
            "ymean": -2.059985,
            "MSE": 4.773266e-05,
            "params": {
                "A": {
                    "coef": -0.661508,
                    "t": -110.367,
                    "se": 0.0059937
                },
                "B": {
                    "coef": 0.912035,
                    "t": 255.04,
                    "se": 0.0035761
                },
                "C": {
                    "t": 203.904,
                    "coef": 0.631794,
                    "se": 0.0030985
                }
            }
        }
    }
}