{
    "dist": {
        "deciles": [
            3.81056,
            5.15764,
            6.25376,
            7.24222,
            8.21031,
            9.23635,
            10.4255,
            11.9823,
            14.5039,
            23.1774
        ],
        "mean_corrected_is_ppp": "(PPP$)",
        "uses": "GQ",
        "FGT2": 1.56557,
        "mean_poor50_is_ppp": "(PPP$)",
        "PG": 4.57155,
        "HC": 20.8573,
        "poverty_uses": "GQ",
        "median_ppp": 86.2331148541663,
        "poverty_uses_commentary": "(Both are valid and normal, but GQ fits better.)",
        "mean_corrected": -0.270555,
        "Gini": 28.4664,
        "elasticity": {
            "HC_wrt_mean_C": -2.87266,
            "FGT2_wrt_mean_C": -3.84013,
            "HC_wrt_Gini": 2.05055,
            "PG_wrt_Gini": 4.25673,
            "FGT2_wrt_Gini": 6.16878,
            "PG_wrt_mean_C": -3.56242
        },
        "Watt": "0.0571997",
        "median": 23.3308,
        "mean_poor50": 16.4396,
        "polarization": 23.3955,
        "median_is_ppp": "(PPP$)",
        "uses_commentary": "(Both are valid, but GQ fits better)",
        "MLD": 0.134044
    },
    "inputs": {
        "line_month_ppp": 57.7917,
        "mean_month_ppp": 99.0443
    },
    "quadratic": {
        "summary": {
            "lorenz_validity": "Valid",
            "Z": {
                "high": 269.481,
                "low": 33.7909
            },
            "sse_up_to_hcindex": 1.49066e-06,
            "poverty_normality": "Normal",
            "sse_fitted": 4.36989e-06
        },
        "inputs": {
            "line_month_ppp": 57.7917,
            "mean_month_ppp": 99.0443
        },
        "dist": {
            "deciles": [
                3.81056,
                5.15764,
                6.25376,
                7.24222,
                8.21031,
                9.23635,
                10.4255,
                11.9823,
                14.5039,
                23.1774
            ],
            "mean_corrected_is_ppp": "(PPP$)",
            "mean_poor50": 16.4396,
            "mean_poor50_is_ppp": "(PPP$)",
            "PG": 4.63846,
            "HC": 20.9496,
            "median_ppp": 86.2331148541663,
            "median": 23.3308,
            "Gini": 28.4664,
            "elasticity": {
                "HC_wrt_mean_C": -2.60076,
                "FGT2_wrt_mean_C": -4.48006,
                "HC_wrt_Gini": 1.85647,
                "PG_wrt_Gini": 4.22395,
                "FGT2_wrt_Gini": 6.62557,
                "PG_wrt_mean_C": -3.51649
            },
            "Watt": "0.0573407",
            "mean_corrected": 19.1688,
            "FGT2": 1.43161,
            "polarization": 23.3955,
            "median_is_ppp": "(PPP$)",
            "MLD": 0.134044
        },
        "reg": {
            "SSE": 1.436026e-06,
            "SST": 0.09812631,
            "R2": 0.9999854,
            "RMSE": 0.0002995858,
            "ymean": 0.1686011,
            "MSE": 8.975163e-08,
            "params": {
                "A": {
                    "coef": 0.928122,
                    "t": 420.673,
                    "se": 0.0022063
                },
                "B": {
                    "coef": -1.49976,
                    "t": -211.857,
                    "se": 0.0070791
                },
                "C": {
                    "t": 35.9796,
                    "coef": 0.182647,
                    "se": 0.0050764
                }
            }
        }
    },
    "dataset": {
        "source": "CHN_U1993X",
        "year": 1993,
        "coverage": "Urban",
        "timespan": "UnDefined",
        "iso3c": "CHN",
        "format": "Grouped",
        "country": "China",
        "measure": "Consumption"
    },
    "summary": {
        "lorenz_validity": "Valid",
        "Z": {
            "high": 269.481,
            "low": 33.7909
        },
        "sse_up_to_hcindex": 2.54227e-08,
        "poverty_normality": "Normal",
        "sse_fitted": 4.36989e-06
    },
    "lorenz": {
        "L": [
            0.0199077,
            0.04500237,
            0.07353022,
            0.1041737,
            0.136995,
            0.1724892,
            0.2092198,
            0.2488905,
            0.2901737,
            0.3335713,
            0.3788513,
            0.4270191,
            0.4779515,
            0.530672,
            0.5868359,
            0.6473081,
            0.7124021,
            0.7843674,
            0.8680917,
            1.0
        ],
        "index": [
            1,
            2,
            3,
            4,
            5,
            6,
            7,
            8,
            9,
            10,
            11,
            12,
            13,
            14,
            15,
            16,
            17,
            18,
            19,
            20
        ],
        "p": [
            0.05987784,
            0.1155502,
            0.1706218,
            0.2239912,
            0.2765595,
            0.3290277,
            0.3795935,
            0.43076,
            0.4809252,
            0.5306899,
            0.5795534,
            0.6284169,
            0.6768799,
            0.7239411,
            0.7709022,
            0.8178632,
            0.8641234,
            0.9096826,
            0.9544408,
            1.0
        ]
    },
    "beta": {
        "implied": {
            "gamma": 0.9181194,
            "theta": 0.5484932,
            "delta": 0.5807125
        },
        "summary": {
            "lorenz_validity": "Valid",
            "Z": {
                "high": 249.577,
                "low": 15.3413
            },
            "sse_up_to_hcindex": 2.54227e-08,
            "poverty_normality": "Normal",
            "sse_fitted": 5.88874e-06
        },
        "inputs": {
            "line_month_ppp": 57.7917,
            "mean_month_ppp": 99.0443
        },
        "dist": {
            "deciles": [
                3.77012,
                5.23586,
                6.23177,
                7.18365,
                8.17074,
                9.25212,
                10.5081,
                12.0969,
                14.4756,
                23.0752
            ],
            "mean_corrected_is_ppp": "(PPP$)",
            "mean_poor50": 16.3955,
            "mean_poor50_is_ppp": "(PPP$)",
            "PG": 4.57155,
            "HC": 20.8573,
            "median_ppp": 86.0727448069163,
            "median": 23.2874,
            "Gini": 28.5246,
            "elasticity": {
                "HC_wrt_mean_C": -2.87266,
                "FGT2_wrt_mean_C": -3.84013,
                "HC_wrt_Gini": 2.05055,
                "PG_wrt_Gini": 4.25673,
                "FGT2_wrt_Gini": 6.16878,
                "PG_wrt_mean_C": -3.56242
            },
            "Watt": "0.0571997",
            "mean_corrected": 19.1532,
            "FGT2": 1.56557,
            "polarization": -143.134,
            "median_is_ppp": "(PPP$)",
            "MLD": 0.138322
        },
        "reg": {
            "SSE": 0.0003477663,
            "SST": 3.386232,
            "R2": 0.9998973,
            "RMSE": 0.004662123,
            "ymean": -1.960192,
            "MSE": 2.173539e-05,
            "params": {
                "A": {
                    "coef": -0.60058,
                    "t": -148.191,
                    "se": 0.0040527
                },
                "B": {
                    "coef": 0.918119,
                    "t": 390.078,
                    "se": 0.0023537
                },
                "C": {
                    "t": 270.645,
                    "coef": 0.580712,
                    "se": 0.0021457
                }
            }
        }
    }
}