{
    "dataset": {
        "source": "CIV_N1995X",
        "timespan": "UnDefined",
        "coverage": "National",
        "year": 1995,
        "iso3c": "CIV",
        "format": "Unit record",
        "country": "Cote d'Ivoire",
        "measure": "Consumption"
    },
    "lorenz": {
        "L": [
            0.0114,
            0.027385,
            0.045848,
            0.065842,
            0.088998,
            0.11315,
            0.13935,
            0.16816,
            0.1986,
            0.23324,
            0.27238,
            0.31353,
            0.36006,
            0.40859,
            0.46358,
            0.52621,
            0.59387,
            0.67254,
            0.78686,
            1.0
        ],
        "index": [
            0,
            1,
            2,
            3,
            4,
            5,
            6,
            7,
            8,
            9,
            10,
            11,
            12,
            13,
            14,
            15,
            16,
            17,
            18,
            19
        ],
        "p": [
            0.050782,
            0.10099,
            0.1514,
            0.20006,
            0.25113,
            0.30065,
            0.3508,
            0.40103,
            0.45018,
            0.50057,
            0.55136,
            0.60075,
            0.65188,
            0.70034,
            0.75013,
            0.8015,
            0.8508,
            0.90024,
            0.95099,
            1.0
        ]
    },
    "dist": {
        "deciles": [
            2.7068,
            3.8748,
            4.7018,
            5.4735,
            6.5279,
            8.0051,
            9.5347,
            11.613,
            14.778,
            32.784
        ],
        "Gini": 0.405638,
        "Watt": 0.0597118,
        "MLD": 0.271667,
        "FGT2": 0.0169349,
        "PG": 0.0466596,
        "HC": 0.191108,
        "median_ppp": 99.0064
    },
    "sample": {
        "mean_month_lcu": 19668.1,
        "effective_pop_wealth": 1186440000.0,
        "month_min": 5.28762,
        "mean_month_ppp": 134.707,
        "month_max": 954.432,
        "month_max_is_ppp": "(PPP$)",
        "month_min_is_ppp": "(PPP$)",
        "N": 1000,
        "effective_pop_wealth_is_ppp": "(PPP$)",
        "effective_pop_N": 14217400.0
    },
    "inputs": {
        "line_month_lcu": 8437.97,
        "line_day_ppp": 1.9,
        "ppp": 235.688,
        "line_month_ppp": 57.7917
    }
}