{
    "dist": {
        "deciles": [
            0.926454,
            1.67828,
            2.51024,
            3.45671,
            4.57171,
            5.94789,
            7.76394,
            10.4317,
            15.2662,
            47.4469
        ],
        "mean_corrected_is_ppp": "(PPP$)",
        "uses": "GQ",
        "FGT2": 1.70847,
        "mean_poor50_is_ppp": "(PPP$)",
        "PG": 3.15286,
        "HC": 8.42708,
        "poverty_uses": "GQ",
        "median_ppp": 272.787074436985,
        "poverty_uses_commentary": "(Both are valid and normal, but GQ fits better.)",
        "mean_corrected": -0.000835454,
        "Gini": 59.1267,
        "elasticity": {
            "HC_wrt_mean_C": -1.52423,
            "FGT2_wrt_mean_C": -1.69085,
            "HC_wrt_Gini": 12.2969,
            "PG_wrt_Gini": 22.5635,
            "FGT2_wrt_Gini": 31.7765,
            "PG_wrt_mean_C": -1.67284
        },
        "Watt": "0.0421433",
        "median": 0.227901,
        "mean_poor50": 0.115085,
        "polarization": 56.0423,
        "median_is_ppp": "(PPP$)",
        "uses_commentary": "(Both are valid, but GQ fits better)",
        "MLD": 0.661815
    },
    "inputs": {
        "line_month_ppp": 57.7917,
        "mean_month_ppp": 524.034
    },
    "quadratic": {
        "summary": {
            "lorenz_validity": "Valid",
            "Z": {
                "high": 2468.99,
                "low": 34.287
            },
            "sse_up_to_hcindex": 5.71928e-06,
            "poverty_normality": "Normal",
            "sse_fitted": 6.22286e-05
        },
        "inputs": {
            "line_month_ppp": 57.7917,
            "mean_month_ppp": 524.034
        },
        "dist": {
            "deciles": [
                0.926454,
                1.67828,
                2.51024,
                3.45671,
                4.57171,
                5.94789,
                7.76394,
                10.4317,
                15.2662,
                47.4469
            ],
            "mean_corrected_is_ppp": "(PPP$)",
            "mean_poor50": 0.115085,
            "mean_poor50_is_ppp": "(PPP$)",
            "PG": 1.81545,
            "HC": 7.45981,
            "median_ppp": 272.787074436985,
            "median": 0.227901,
            "Gini": 59.1267,
            "elasticity": {
                "HC_wrt_mean_C": -2.01476,
                "FGT2_wrt_mean_C": -4.19281,
                "HC_wrt_Gini": 16.2544,
                "PG_wrt_Gini": 34.1506,
                "FGT2_wrt_Gini": 51.9614,
                "PG_wrt_mean_C": -3.10908
            },
            "Watt": "0.024235",
            "mean_corrected": 0.178946,
            "FGT2": 0.586308,
            "polarization": 56.0423,
            "median_is_ppp": "(PPP$)",
            "MLD": 0.661815
        },
        "reg": {
            "SSE": 0.0001167354,
            "SST": 0.06477397,
            "R2": 0.9981978,
            "RMSE": 0.004410884,
            "ymean": 0.1230259,
            "MSE": 1.94559e-05,
            "params": {
                "A": {
                    "coef": 0.777734,
                    "t": 34.046,
                    "se": 0.022844
                },
                "B": {
                    "coef": 0.408633,
                    "t": 1.8786,
                    "se": 0.21752
                },
                "C": {
                    "t": 3.50815,
                    "coef": 0.132406,
                    "se": 0.037742
                }
            }
        }
    },
    "dataset": {
        "source": "COL_U1980Y",
        "year": 1980,
        "coverage": "Urban",
        "timespan": "UnDefined",
        "iso3c": "COL",
        "format": "Grouped",
        "country": "Colombia",
        "measure": "Income"
    },
    "summary": {
        "lorenz_validity": "Valid",
        "Z": {
            "high": 2468.99,
            "low": 34.287
        },
        "sse_up_to_hcindex": 6.1442e-07,
        "poverty_normality": "Normal",
        "sse_fitted": 6.22286e-05
    },
    "lorenz": {
        "L": [
            0.00687304,
            0.02506478,
            0.05176599,
            0.08749489,
            0.1331515,
            0.1909178,
            0.2656484,
            0.3697804,
            0.531106,
            1.0
        ],
        "index": [
            1,
            2,
            3,
            4,
            5,
            6,
            7,
            8,
            9,
            10
        ],
        "p": [
            0.1,
            0.2,
            0.3,
            0.4,
            0.5,
            0.6,
            0.7,
            0.8,
            0.9,
            1.0
        ]
    },
    "beta": {
        "implied": {
            "gamma": 0.9880625,
            "theta": 0.9323264,
            "delta": 0.3518773
        },
        "summary": {
            "lorenz_validity": "Valid",
            "Z": {
                "high": 2525.25,
                "low": 4.17222
            },
            "sse_up_to_hcindex": 6.1442e-07,
            "poverty_normality": "Normal",
            "sse_fitted": 9.92222e-05
        },
        "inputs": {
            "line_month_ppp": 57.7917,
            "mean_month_ppp": 524.034
        },
        "dist": {
            "deciles": [
                0.765689,
                1.66149,
                2.54491,
                3.5276,
                4.66996,
                6.06028,
                7.86329,
                10.4582,
                15.0823,
                47.3662
            ],
            "mean_corrected_is_ppp": "(PPP$)",
            "mean_poor50": 0.115315,
            "mean_poor50_is_ppp": "(PPP$)",
            "PG": 3.15286,
            "HC": 8.42708,
            "median_ppp": 278.461988776411,
            "median": 0.232642,
            "Gini": 59.089,
            "elasticity": {
                "HC_wrt_mean_C": -1.52423,
                "FGT2_wrt_mean_C": -1.69085,
                "HC_wrt_Gini": 12.2969,
                "PG_wrt_Gini": 22.5635,
                "FGT2_wrt_Gini": 31.7765,
                "PG_wrt_mean_C": -1.67284
            },
            "Watt": "0.0421433",
            "mean_corrected": 0.179111,
            "FGT2": 1.70847,
            "polarization": -99.8534,
            "median_is_ppp": "(PPP$)",
            "MLD": 0.675778
        },
        "reg": {
            "SSE": 0.0007444926,
            "SST": 2.124646,
            "R2": 0.9996496,
            "RMSE": 0.01113921,
            "ymean": -1.249433,
            "MSE": 0.0001240821,
            "params": {
                "A": {
                    "coef": -0.0700723,
                    "t": -3.96946,
                    "se": 0.017653
                },
                "B": {
                    "coef": 0.988062,
                    "t": 96.7736,
                    "se": 0.01021
                },
                "C": {
                    "t": 34.4638,
                    "coef": 0.351877,
                    "se": 0.01021
                }
            }
        }
    }
}