{
    "dist": {
        "deciles": [
            1.06546,
            2.28197,
            3.51411,
            4.81216,
            6.24082,
            7.89879,
            9.9639,
            12.8266,
            17.6638,
            33.7324
        ],
        "mean_corrected_is_ppp": "(PPP$)",
        "uses": "GQ",
        "FGT2": 9.94892,
        "mean_poor50_is_ppp": "(PPP$)",
        "PG": 16.3882,
        "HC": 35.5969,
        "poverty_uses": "GQ",
        "median_ppp": 83.0137518571402,
        "poverty_uses_commentary": "(Both are valid and normal, but GQ fits better.)",
        "mean_corrected": -0.00290879,
        "Gini": 47.4948,
        "elasticity": {
            "HC_wrt_mean_C": -1.01314,
            "FGT2_wrt_mean_C": -1.29446,
            "HC_wrt_Gini": 1.05977,
            "PG_wrt_Gini": 3.27208,
            "FGT2_wrt_Gini": 5.44609,
            "PG_wrt_mean_C": -1.17211
        },
        "Watt": "0.282212",
        "median": 0.241469,
        "mean_poor50": 0.123232,
        "polarization": 47.5066,
        "median_is_ppp": "(PPP$)",
        "uses_commentary": "(Both are valid, but GQ fits better)",
        "MLD": 0.437044
    },
    "inputs": {
        "line_month_ppp": 57.7917,
        "mean_month_ppp": 118.243
    },
    "quadratic": {
        "summary": {
            "lorenz_validity": "Valid",
            "Z": {
                "high": 496.174,
                "low": 9.47741
            },
            "sse_up_to_hcindex": 1.27693e-06,
            "poverty_normality": "Normal",
            "sse_fitted": 3.2917e-06
        },
        "inputs": {
            "line_month_ppp": 57.7917,
            "mean_month_ppp": 118.243
        },
        "dist": {
            "deciles": [
                1.06546,
                2.28197,
                3.51411,
                4.81216,
                6.24082,
                7.89879,
                9.9639,
                12.8266,
                17.6638,
                33.7324
            ],
            "mean_corrected_is_ppp": "(PPP$)",
            "mean_poor50": 0.123232,
            "mean_poor50_is_ppp": "(PPP$)",
            "PG": 16.3882,
            "HC": 35.5969,
            "median_ppp": 83.0137518571402,
            "median": 0.241469,
            "Gini": 47.4948,
            "elasticity": {
                "HC_wrt_mean_C": -1.01314,
                "FGT2_wrt_mean_C": -1.29446,
                "HC_wrt_Gini": 1.05977,
                "PG_wrt_Gini": 3.27208,
                "FGT2_wrt_Gini": 5.44609,
                "PG_wrt_mean_C": -1.17211
            },
            "Watt": "0.282212",
            "mean_corrected": 0.180589,
            "FGT2": 9.94892,
            "polarization": 47.5066,
            "median_is_ppp": "(PPP$)",
            "MLD": 0.437044
        },
        "reg": {
            "SSE": 7.489235e-06,
            "SST": 0.06537597,
            "R2": 0.9998854,
            "RMSE": 0.001117231,
            "ymean": 0.1389679,
            "MSE": 1.248206e-06,
            "params": {
                "A": {
                    "coef": 1.2091,
                    "t": 99.7836,
                    "se": 0.012117
                },
                "B": {
                    "coef": -0.375144,
                    "t": -8.37118,
                    "se": 0.044814
                },
                "C": {
                    "t": 8.50862,
                    "coef": 0.0865775,
                    "se": 0.010175
                }
            }
        }
    },
    "dataset": {
        "source": "CRI_N1981Y",
        "year": 1981,
        "coverage": "National",
        "timespan": "UnDefined",
        "iso3c": "CRI",
        "format": "Grouped",
        "country": "Costa Rica",
        "measure": "Income"
    },
    "summary": {
        "lorenz_validity": "Valid",
        "Z": {
            "high": 496.174,
            "low": 9.47741
        },
        "sse_up_to_hcindex": 1.27693e-06,
        "poverty_normality": "Normal",
        "sse_fitted": 3.2917e-06
    },
    "lorenz": {
        "L": [
            0.009754611,
            0.03322664,
            0.06904435,
            0.1172077,
            0.1793934,
            0.2580399,
            0.3569578,
            0.4857491,
            0.6637708,
            1.0
        ],
        "index": [
            1,
            2,
            3,
            4,
            5,
            6,
            7,
            8,
            9,
            10
        ],
        "p": [
            0.1,
            0.2,
            0.3,
            0.4,
            0.5,
            0.6,
            0.7,
            0.8,
            0.9,
            1.0
        ]
    },
    "beta": {
        "implied": {
            "gamma": 0.9939136,
            "theta": 0.9361819,
            "delta": 0.5477792
        },
        "summary": {
            "lorenz_validity": "Valid",
            "Z": {
                "high": 449.938,
                "low": 7.6216
            },
            "sse_up_to_hcindex": 7.24052e-06,
            "poverty_normality": "Normal",
            "sse_fitted": 4.10394e-05
        },
        "inputs": {
            "line_month_ppp": 57.7917,
            "mean_month_ppp": 118.243
        },
        "dist": {
            "deciles": [
                1.03848,
                2.22908,
                3.46161,
                4.80538,
                6.30927,
                8.04643,
                10.1489,
                12.9039,
                17.1732,
                33.8837
            ],
            "mean_corrected_is_ppp": "(PPP$)",
            "mean_poor50": 0.122746,
            "mean_poor50_is_ppp": "(PPP$)",
            "PG": 16.6831,
            "HC": 35.626,
            "median_ppp": 84.3169817520046,
            "median": 0.24526,
            "Gini": 47.6825,
            "elasticity": {
                "HC_wrt_mean_C": -0.964693,
                "FGT2_wrt_mean_C": -1.26452,
                "HC_wrt_Gini": 1.00909,
                "PG_wrt_Gini": 3.23374,
                "FGT2_wrt_Gini": 5.41477,
                "PG_wrt_mean_C": -1.13545
            },
            "Watt": "0.281736",
            "mean_corrected": 0.179943,
            "FGT2": 10.2209,
            "polarization": -102.466,
            "median_is_ppp": "(PPP$)",
            "MLD": 0.445379
        },
        "reg": {
            "SSE": 0.0005360508,
            "SST": 1.527146,
            "R2": 0.999649,
            "RMSE": 0.009452079,
            "ymean": -1.422882,
            "MSE": 8.934179e-05,
            "params": {
                "A": {
                    "coef": -0.0659455,
                    "t": -4.40248,
                    "se": 0.014979
                },
                "B": {
                    "coef": 0.993914,
                    "t": 114.722,
                    "se": 0.0086636
                },
                "C": {
                    "t": 63.2274,
                    "coef": 0.547779,
                    "se": 0.0086636
                }
            }
        }
    }
}