{
    "dist": {
        "deciles": [
            1.53443,
            3.67881,
            5.37177,
            6.86288,
            8.29106,
            9.76763,
            11.4249,
            13.4901,
            16.5249,
            23.0536
        ],
        "mean_corrected_is_ppp": "(PPP$)",
        "uses": "GQ",
        "FGT2": 3.25678,
        "mean_poor50_is_ppp": "(PPP$)",
        "PG": 5.41364,
        "HC": 12.4614,
        "poverty_uses": "GQ",
        "median_ppp": 162.089093939616,
        "poverty_uses_commentary": "(Beta is invalid.)",
        "mean_corrected": -0.00290879,
        "Gini": 34.424,
        "elasticity": {
            "HC_wrt_mean_C": -1.31326,
            "FGT2_wrt_mean_C": -1.32453,
            "HC_wrt_Gini": 2.77397,
            "PG_wrt_Gini": 5.86215,
            "FGT2_wrt_Gini": 9.02232,
            "PG_wrt_mean_C": -1.30186
        },
        "Watt": "0.0951754",
        "median": 0.471483,
        "mean_poor50": 0.269324,
        "polarization": 31.288,
        "median_is_ppp": "(PPP$)",
        "uses_commentary": "(Beta lorenz curves is invalid)",
        "MLD": 0.255445
    },
    "lorenz": {
        "L": [
            0.005264376,
            0.01650618,
            0.03249571,
            0.05290725,
            0.0771062,
            0.105431,
            0.1378236,
            0.1735608,
            0.2134068,
            0.2565006,
            0.3041021,
            0.3553599,
            0.410504,
            0.4701033,
            0.5348286,
            0.6048546,
            0.6827233,
            0.7690422,
            0.8667446,
            1.0
        ],
        "index": [
            1,
            2,
            3,
            4,
            5,
            6,
            7,
            8,
            9,
            10,
            11,
            12,
            13,
            14,
            15,
            16,
            17,
            18,
            19,
            20
        ],
        "p": [
            0.05,
            0.1,
            0.15,
            0.2,
            0.25,
            0.3,
            0.35,
            0.4,
            0.45,
            0.5,
            0.55,
            0.6,
            0.65,
            0.7,
            0.75,
            0.8,
            0.85,
            0.9,
            0.95,
            1.0
        ]
    },
    "quadratic": {
        "summary": {
            "lorenz_validity": "Valid",
            "Z": {
                "high": 467.161,
                "low": 8.03389
            },
            "sse_up_to_hcindex": 3.02117e-06,
            "poverty_normality": "Normal",
            "sse_fitted": 3.04149e-05
        },
        "inputs": {
            "line_month_ppp": 57.7917,
            "mean_month_ppp": 179.863
        },
        "dist": {
            "deciles": [
                1.53443,
                3.67881,
                5.37177,
                6.86288,
                8.29106,
                9.76763,
                11.4249,
                13.4901,
                16.5249,
                23.0536
            ],
            "mean_corrected_is_ppp": "(PPP$)",
            "mean_poor50": 0.269324,
            "mean_poor50_is_ppp": "(PPP$)",
            "PG": 5.41364,
            "HC": 12.4614,
            "median_ppp": 162.089093939616,
            "median": 0.471483,
            "Gini": 34.424,
            "elasticity": {
                "HC_wrt_mean_C": -1.31326,
                "FGT2_wrt_mean_C": -1.32453,
                "HC_wrt_Gini": 2.77397,
                "PG_wrt_Gini": 5.86215,
                "FGT2_wrt_Gini": 9.02232,
                "PG_wrt_mean_C": -1.30186
            },
            "Watt": "0.0951754",
            "mean_corrected": 0.343083,
            "FGT2": 3.25678,
            "polarization": 31.288,
            "median_is_ppp": "(PPP$)",
            "MLD": 0.255445
        },
        "reg": {
            "SSE": 1.824166e-05,
            "SST": 0.1275468,
            "R2": 0.999857,
            "RMSE": 0.001067756,
            "ymean": 0.1483501,
            "MSE": 1.140104e-06,
            "params": {
                "A": {
                    "coef": 1.40938,
                    "t": 86.8011,
                    "se": 0.016237
                },
                "B": {
                    "coef": -1.53358,
                    "t": -94.9086,
                    "se": 0.016158
                },
                "C": {
                    "t": 2.11742,
                    "coef": 0.0172763,
                    "se": 0.0081592
                }
            }
        }
    },
    "dataset": {
        "source": "CRI_N1986Y",
        "year": 1986,
        "coverage": "National",
        "timespan": "UnDefined",
        "iso3c": "CRI",
        "format": "Grouped",
        "country": "Costa Rica",
        "measure": "Income"
    },
    "summary": {
        "lorenz_validity": "Valid",
        "Z": {
            "high": 467.161,
            "low": 8.03389
        },
        "sse_up_to_hcindex": 3.02117e-06,
        "poverty_normality": "Normal",
        "sse_fitted": 3.04149e-05
    },
    "inputs": {
        "line_month_ppp": 57.7917,
        "mean_month_ppp": 179.863
    },
    "beta": {
        "implied": {
            "theta": 0.7743913,
            "gamma": 0.9353188,
            "delta": 0.7291123
        },
        "summary": {
            "lorenz_validity": "Invalid",
            "Z": {
                "high": 455.89,
                "low": 0.0
            },
            "sse_up_to_hcindex": 1.08984e-06,
            "poverty_normality": "Normal",
            "sse_fitted": 1.30958e-05
        },
        "reg": {
            "SSE": 0.0004872285,
            "SST": 3.952568,
            "R2": 0.9998767,
            "RMSE": 0.005518314,
            "ymean": -1.79563,
            "MSE": 3.045178e-05,
            "params": {
                "A": {
                    "coef": -0.255678,
                    "t": -54.2705,
                    "se": 0.0047112
                },
                "B": {
                    "coef": 0.935319,
                    "t": 360.242,
                    "se": 0.0025964
                },
                "C": {
                    "t": 280.82,
                    "coef": 0.729112,
                    "se": 0.0025964
                }
            }
        },
        "dist": {
            "PG": 4.87365,
            "HC": 11.8634,
            "elasticity": {
                "HC_wrt_mean_C": -1.60033,
                "FGT2_wrt_mean_C": -1.06893,
                "HC_wrt_Gini": 3.38033,
                "PG_wrt_Gini": 6.14168,
                "FGT2_wrt_Gini": 8.48241,
                "PG_wrt_mean_C": -1.4342
            },
            "Watt": "0.0567245",
            "FGT2": 3.17613
        },
        "inputs": {
            "line_month_ppp": 57.7917,
            "mean_month_ppp": 179.863
        }
    }
}