{
    "dist": {
        "deciles": [
            1.60879,
            2.70176,
            3.57706,
            4.49247,
            5.52211,
            6.7497,
            8.31985,
            10.5584,
            14.5223,
            41.9477
        ],
        "mean_corrected_is_ppp": "(PPP$)",
        "uses": "Beta",
        "FGT2": 0.739742,
        "mean_poor50_is_ppp": "(PPP$)",
        "PG": 1.49609,
        "HC": 5.27313,
        "poverty_uses": "Beta",
        "median_ppp": 201.659104028053,
        "poverty_uses_commentary": "(GQ is invalid.)",
        "mean_corrected": -0.0482136,
        "Gini": 51.3598,
        "elasticity": {
            "HC_wrt_mean_C": -2.68774,
            "FGT2_wrt_mean_C": -2.04489,
            "HC_wrt_Gini": 12.7023,
            "PG_wrt_Gini": 17.6573,
            "FGT2_wrt_Gini": 21.1162,
            "PG_wrt_mean_C": -2.52461
        },
        "Watt": "0.0168666",
        "median": 9.72271,
        "mean_poor50": 5.71245,
        "polarization": -118.499,
        "median_is_ppp": "(PPP$)",
        "uses_commentary": "(GQ lorenz curves is invalid)",
        "MLD": 0.467037
    },
    "inputs": {
        "line_month_ppp": 57.7917,
        "mean_month_ppp": 330.915
    },
    "quadratic": {
        "summary": {
            "lorenz_validity": "Invalid",
            "Z": {
                "high": 1207.12,
                "low": 45.7339
            },
            "sse_up_to_hcindex": 1.02647e-06,
            "poverty_normality": "Normal",
            "sse_fitted": 9.72289e-06
        },
        "reg": {
            "SSE": 8.589542e-06,
            "SST": 0.06131876,
            "R2": 0.9998599,
            "RMSE": 0.001196491,
            "ymean": 0.1423649,
            "MSE": 1.43159e-06,
            "params": {
                "A": {
                    "coef": 0.695146,
                    "t": 89.9793,
                    "se": 0.0077256
                },
                "B": {
                    "coef": -0.448144,
                    "t": -8.92897,
                    "se": 0.05019
                },
                "C": {
                    "t": 12.3436,
                    "coef": 0.178466,
                    "se": 0.014458
                }
            }
        },
        "dist": {
            "PG": 0.766954,
            "HC": 5.43327,
            "elasticity": {
                "HC_wrt_mean_C": -3.55877,
                "FGT2_wrt_mean_C": -8.61235,
                "HC_wrt_Gini": 16.8188,
                "PG_wrt_Gini": 34.4801,
                "FGT2_wrt_Gini": 52.154,
                "PG_wrt_mean_C": -6.08422
            },
            "Watt": "0.00964384",
            "FGT2": 0.14454
        },
        "inputs": {
            "line_month_ppp": 57.7917,
            "mean_month_ppp": 330.915
        }
    },
    "dataset": {
        "source": "DOM_N1992Y",
        "year": 1992,
        "coverage": "National",
        "timespan": "UnDefined",
        "iso3c": "DOM",
        "format": "Grouped",
        "country": "Dominican Republic",
        "measure": "Income"
    },
    "summary": {
        "lorenz_validity": "Valid",
        "Z": {
            "high": 1413.08,
            "low": 6.12937
        },
        "sse_up_to_hcindex": 1.35406e-09,
        "poverty_normality": "Normal",
        "sse_fitted": 5.35636e-06
    },
    "lorenz": {
        "L": [
            0.01605109,
            0.04340697,
            0.07870211,
            0.1231446,
            0.1788057,
            0.2473248,
            0.3309458,
            0.4337245,
            0.5808595,
            1.0
        ],
        "index": [
            1,
            2,
            3,
            4,
            5,
            6,
            7,
            8,
            9,
            10
        ],
        "p": [
            0.1,
            0.2,
            0.3,
            0.4,
            0.5,
            0.6,
            0.7,
            0.8,
            0.9,
            1.0
        ]
    },
    "beta": {
        "implied": {
            "gamma": 0.9631087,
            "theta": 0.8001316,
            "delta": 0.3546529
        },
        "summary": {
            "lorenz_validity": "Valid",
            "Z": {
                "high": 1413.08,
                "low": 6.12937
            },
            "sse_up_to_hcindex": 1.35406e-09,
            "poverty_normality": "Normal",
            "sse_fitted": 5.35636e-06
        },
        "inputs": {
            "line_month_ppp": 57.7917,
            "mean_month_ppp": 330.915
        },
        "dist": {
            "deciles": [
                1.60879,
                2.70176,
                3.57706,
                4.49247,
                5.52211,
                6.7497,
                8.31985,
                10.5584,
                14.5223,
                41.9477
            ],
            "mean_corrected_is_ppp": "(PPP$)",
            "mean_poor50": 5.71245,
            "mean_poor50_is_ppp": "(PPP$)",
            "PG": 1.49609,
            "HC": 5.27313,
            "median_ppp": 201.659104028053,
            "median": 9.72271,
            "Gini": 51.3598,
            "elasticity": {
                "HC_wrt_mean_C": -2.68774,
                "FGT2_wrt_mean_C": -2.04489,
                "HC_wrt_Gini": 12.7023,
                "PG_wrt_Gini": 17.6573,
                "FGT2_wrt_Gini": 21.1162,
                "PG_wrt_mean_C": -2.52461
            },
            "Watt": "0.0168666",
            "mean_corrected": 7.76037,
            "FGT2": 0.739742,
            "polarization": -118.499,
            "median_is_ppp": "(PPP$)",
            "MLD": 0.467037
        },
        "reg": {
            "SSE": 4.655788e-05,
            "SST": 1.973224,
            "R2": 0.9999764,
            "RMSE": 0.002785614,
            "ymean": -1.38282,
            "MSE": 7.759646e-06,
            "params": {
                "A": {
                    "coef": -0.222979,
                    "t": -50.5106,
                    "se": 0.0044145
                },
                "B": {
                    "coef": 0.963109,
                    "t": 377.208,
                    "se": 0.0025533
                },
                "C": {
                    "t": 138.902,
                    "coef": 0.354653,
                    "se": 0.0025533
                }
            }
        }
    }
}