{
    "dist": {
        "deciles": [
            1.03458,
            2.25029,
            3.42985,
            4.63231,
            5.92285,
            7.39283,
            9.20173,
            11.7009,
            15.9923,
            38.4424
        ],
        "mean_corrected_is_ppp": "(PPP$)",
        "uses": "GQ",
        "FGT2": 5.74916,
        "mean_poor50_is_ppp": "(PPP$)",
        "PG": 9.95925,
        "HC": 23.165,
        "poverty_uses": "GQ",
        "median_ppp": 119.039425057895,
        "poverty_uses_commentary": "(Beta is invalid.)",
        "mean_corrected": -1.82737,
        "Gini": 50.492,
        "elasticity": {
            "HC_wrt_mean_C": -1.17974,
            "FGT2_wrt_mean_C": -1.46459,
            "HC_wrt_Gini": 2.49211,
            "PG_wrt_Gini": 5.91345,
            "FGT2_wrt_Gini": 9.31869,
            "PG_wrt_mean_C": -1.32598
        },
        "Watt": "0.16378",
        "median": 217.529,
        "mean_poor50": 113.53,
        "polarization": 45.2351,
        "median_is_ppp": "(PPP$)",
        "uses_commentary": "(Beta lorenz curves is invalid)",
        "MLD": 0.488552
    },
    "lorenz": {
        "L": [
            0.0008677303,
            0.007616295,
            0.01819485,
            0.03630759,
            0.0492873,
            0.07551077,
            0.09052848,
            0.1260291,
            0.1427227,
            0.1736465,
            0.2082473,
            0.2460544,
            0.2879914,
            0.3564557,
            0.394625,
            0.4548503,
            0.5290075,
            0.6200724,
            0.7352223,
            1.0
        ],
        "index": [
            1,
            2,
            3,
            4,
            5,
            6,
            7,
            8,
            9,
            10,
            11,
            12,
            13,
            14,
            15,
            16,
            17,
            18,
            19,
            20
        ],
        "p": [
            0.05029497,
            0.1028897,
            0.150485,
            0.2127787,
            0.250175,
            0.3161684,
            0.349965,
            0.420158,
            0.450055,
            0.50035,
            0.5510449,
            0.6006399,
            0.650035,
            0.7187281,
            0.7527247,
            0.80012,
            0.850015,
            0.9005099,
            0.950205,
            1.0
        ]
    },
    "quadratic": {
        "summary": {
            "lorenz_validity": "Valid",
            "Z": {
                "high": 775.512,
                "low": 11.405
            },
            "sse_up_to_hcindex": 2.26708e-05,
            "poverty_normality": "Normal",
            "sse_fitted": 7.75249e-05
        },
        "inputs": {
            "line_month_ppp": 57.7917,
            "mean_month_ppp": 179.872
        },
        "dist": {
            "deciles": [
                1.03458,
                2.25029,
                3.42985,
                4.63231,
                5.92285,
                7.39283,
                9.20173,
                11.7009,
                15.9923,
                38.4424
            ],
            "mean_corrected_is_ppp": "(PPP$)",
            "mean_poor50": 113.53,
            "mean_poor50_is_ppp": "(PPP$)",
            "PG": 9.95925,
            "HC": 23.165,
            "median_ppp": 119.039425057895,
            "median": 217.529,
            "Gini": 50.492,
            "elasticity": {
                "HC_wrt_mean_C": -1.17974,
                "FGT2_wrt_mean_C": -1.46459,
                "HC_wrt_Gini": 2.49211,
                "PG_wrt_Gini": 5.91345,
                "FGT2_wrt_Gini": 9.31869,
                "PG_wrt_mean_C": -1.32598
            },
            "Watt": "0.16378",
            "mean_corrected": 162.729,
            "FGT2": 5.74916,
            "polarization": 45.2351,
            "median_is_ppp": "(PPP$)",
            "MLD": 0.488552
        },
        "reg": {
            "SSE": 9.917661e-05,
            "SST": 0.1410985,
            "R2": 0.9992971,
            "RMSE": 0.002489686,
            "ymean": 0.1361779,
            "MSE": 6.198538e-06,
            "params": {
                "A": {
                    "coef": 0.946901,
                    "t": 87.0466,
                    "se": 0.010878
                },
                "B": {
                    "coef": -0.594065,
                    "t": -10.7202,
                    "se": 0.055415
                },
                "C": {
                    "t": 4.06226,
                    "coef": 0.0561566,
                    "se": 0.013824
                }
            }
        }
    },
    "dataset": {
        "source": "ECU_N1987Y",
        "year": 1987,
        "coverage": "National",
        "timespan": "UnDefined",
        "iso3c": "ECU",
        "format": "Grouped",
        "country": "Ecuador",
        "measure": "Income"
    },
    "summary": {
        "lorenz_validity": "Valid",
        "Z": {
            "high": 775.512,
            "low": 11.405
        },
        "sse_up_to_hcindex": 2.26708e-05,
        "poverty_normality": "Normal",
        "sse_fitted": 7.75249e-05
    },
    "inputs": {
        "line_month_ppp": 57.7917,
        "mean_month_ppp": 179.872
    },
    "beta": {
        "implied": {
            "theta": 0.8574058,
            "gamma": 0.9491049,
            "delta": 0.439944
        },
        "summary": {
            "lorenz_validity": "Invalid",
            "Z": {
                "high": 744.967,
                "low": 0.0
            },
            "sse_up_to_hcindex": 5.89245e-06,
            "poverty_normality": "Normal",
            "sse_fitted": 9.55902e-05
        },
        "reg": {
            "SSE": 0.001253169,
            "SST": 5.066145,
            "R2": 0.9997526,
            "RMSE": 0.008850031,
            "ymean": -1.431081,
            "MSE": 7.832305e-05,
            "params": {
                "A": {
                    "coef": -0.153844,
                    "t": -20.3657,
                    "se": 0.0075541
                },
                "B": {
                    "coef": 0.949105,
                    "t": 226.626,
                    "se": 0.004188
                },
                "C": {
                    "t": 105.837,
                    "coef": 0.439944,
                    "se": 0.0041568
                }
            }
        },
        "dist": {
            "PG": 10.3783,
            "HC": 22.5433,
            "elasticity": {
                "HC_wrt_mean_C": -1.24486,
                "FGT2_wrt_mean_C": -0.940015,
                "HC_wrt_Gini": 2.62968,
                "PG_wrt_Gini": 5.58851,
                "FGT2_wrt_Gini": 8.21056,
                "PG_wrt_mean_C": -1.17215
            },
            "Watt": "0.128476",
            "FGT2": 7.06005
        },
        "inputs": {
            "line_month_ppp": 57.7917,
            "mean_month_ppp": 179.872
        }
    }
}