{
    "dist": {
        "deciles": [
            2.99089,
            4.00029,
            4.98028,
            5.97951,
            7.05167,
            8.27199,
            9.77129,
            11.8361,
            15.3541,
            29.7639
        ],
        "mean_corrected_is_ppp": "(PPP$)",
        "uses": "GQ",
        "FGT2": 0.0101772,
        "mean_poor50_is_ppp": "(PPP$)",
        "PG": 0.0275939,
        "HC": 0.15304,
        "poverty_uses": "GQ",
        "median_ppp": 272.077150205001,
        "poverty_uses_commentary": "(Both are valid and normal, but GQ fits better.)",
        "mean_corrected": -1.64321,
        "Gini": 37.6431,
        "elasticity": {
            "HC_wrt_mean_C": -5.60342,
            "FGT2_wrt_mean_C": -3.4227,
            "HC_wrt_Gini": 28.9757,
            "PG_wrt_Gini": 29.6795,
            "FGT2_wrt_Gini": 30.0411,
            "PG_wrt_mean_C": -4.54614
        },
        "Watt": "0.000324864",
        "median": 447.081,
        "mean_poor50": 293.046,
        "polarization": 32.3809,
        "median_is_ppp": "(PPP$)",
        "uses_commentary": "(Both are valid, but GQ fits better)",
        "MLD": 0.234175
    },
    "inputs": {
        "line_month_ppp": 57.7917,
        "mean_month_ppp": 356.636
    },
    "quadratic": {
        "summary": {
            "lorenz_validity": "Valid",
            "Z": {
                "high": 1288.82,
                "low": 92.2334
            },
            "sse_up_to_hcindex": 4.62962e-06,
            "poverty_normality": "Normal",
            "sse_fitted": 6.93511e-05
        },
        "inputs": {
            "line_month_ppp": 57.7917,
            "mean_month_ppp": 356.636
        },
        "dist": {
            "deciles": [
                2.99089,
                4.00029,
                4.98028,
                5.97951,
                7.05167,
                8.27199,
                9.77129,
                11.8361,
                15.3541,
                29.7639
            ],
            "mean_corrected_is_ppp": "(PPP$)",
            "mean_poor50": 293.046,
            "mean_poor50_is_ppp": "(PPP$)",
            "PG": 0.0,
            "HC": 0.0,
            "median_ppp": 272.077150205001,
            "median": 447.081,
            "Gini": 37.6431,
            "elasticity": {
                "HC_wrt_mean_C": 0.0,
                "FGT2_wrt_mean_C": 0.0,
                "HC_wrt_Gini": 0.0,
                "PG_wrt_Gini": 0.0,
                "FGT2_wrt_Gini": 0.0,
                "PG_wrt_mean_C": 0.0
            },
            "Watt": "0",
            "mean_corrected": 365.43,
            "FGT2": 0.0,
            "polarization": 32.3809,
            "median_is_ppp": "(PPP$)",
            "MLD": 0.234175
        },
        "reg": {
            "SSE": 3.983695e-05,
            "SST": 0.1150627,
            "R2": 0.9996538,
            "RMSE": 0.001577913,
            "ymean": 0.1564195,
            "MSE": 2.489809e-06,
            "params": {
                "A": {
                    "coef": 0.808658,
                    "t": 83.4636,
                    "se": 0.0096887
                },
                "B": {
                    "coef": -0.918224,
                    "t": -19.8741,
                    "se": 0.046202
                },
                "C": {
                    "t": 13.0834,
                    "coef": 0.291008,
                    "se": 0.022243
                }
            }
        }
    },
    "dataset": {
        "source": "EST_N1998X",
        "year": 1998,
        "coverage": "National",
        "timespan": "UnDefined",
        "iso3c": "EST",
        "format": "Grouped",
        "country": "Estonia",
        "measure": "Consumption"
    },
    "summary": {
        "lorenz_validity": "Valid",
        "Z": {
            "high": 1288.82,
            "low": 92.2334
        },
        "sse_up_to_hcindex": 6.67224e-07,
        "poverty_normality": "Normal",
        "sse_fitted": 6.93511e-05
    },
    "lorenz": {
        "L": [
            0.01150252,
            0.0280739,
            0.04748915,
            0.06932974,
            0.09361643,
            0.1205008,
            0.1494818,
            0.1809008,
            0.2146384,
            0.2506963,
            0.2897644,
            0.3323877,
            0.3785196,
            0.4288755,
            0.4849448,
            0.5474388,
            0.6186032,
            0.7054609,
            0.8132695,
            1.0
        ],
        "index": [
            1,
            2,
            3,
            4,
            5,
            6,
            7,
            8,
            9,
            10,
            11,
            12,
            13,
            14,
            15,
            16,
            17,
            18,
            19,
            20
        ],
        "p": [
            0.05,
            0.1,
            0.15,
            0.2,
            0.25,
            0.3,
            0.35,
            0.4,
            0.45,
            0.5,
            0.55,
            0.6,
            0.65,
            0.7,
            0.75,
            0.8,
            0.85,
            0.9,
            0.95,
            1.0
        ]
    },
    "beta": {
        "implied": {
            "gamma": 0.9670966,
            "theta": 0.7011618,
            "delta": 0.5152654
        },
        "summary": {
            "lorenz_validity": "Valid",
            "Z": {
                "high": 1162.06,
                "low": 57.4091
            },
            "sse_up_to_hcindex": 6.67224e-07,
            "poverty_normality": "Normal",
            "sse_fitted": 0.000196413
        },
        "inputs": {
            "line_month_ppp": 57.7917,
            "mean_month_ppp": 356.636
        },
        "dist": {
            "deciles": [
                2.83618,
                3.98391,
                4.96913,
                5.99503,
                7.121,
                8.41238,
                9.97742,
                12.0479,
                15.324,
                29.3331
            ],
            "mean_corrected_is_ppp": "(PPP$)",
            "mean_poor50": 291.905,
            "mean_poor50_is_ppp": "(PPP$)",
            "PG": 0.0275939,
            "HC": 0.15304,
            "median_ppp": 275.761363343594,
            "median": 453.135,
            "Gini": 37.6393,
            "elasticity": {
                "HC_wrt_mean_C": -5.60342,
                "FGT2_wrt_mean_C": -3.4227,
                "HC_wrt_Gini": 28.9757,
                "PG_wrt_Gini": 29.6795,
                "FGT2_wrt_Gini": 30.0411,
                "PG_wrt_mean_C": -4.54614
            },
            "Watt": "0.000324864",
            "mean_corrected": 365.452,
            "FGT2": 0.0101772,
            "polarization": -129.563,
            "median_is_ppp": "(PPP$)",
            "MLD": 0.238857
        },
        "reg": {
            "SSE": 0.005211087,
            "SST": 4.924379,
            "R2": 0.9989418,
            "RMSE": 0.01804696,
            "ymean": -1.726516,
            "MSE": 0.0003256929,
            "params": {
                "A": {
                    "coef": -0.355017,
                    "t": -23.0421,
                    "se": 0.015407
                },
                "B": {
                    "coef": 0.967097,
                    "t": 113.895,
                    "se": 0.0084911
                },
                "C": {
                    "t": 60.683,
                    "coef": 0.515265,
                    "se": 0.0084911
                }
            }
        }
    }
}