{
    "dist": {
        "deciles": [
            0.681634,
            1.46656,
            2.34079,
            3.3413,
            4.52652,
            5.9971,
            7.9478,
            10.8289,
            16.0859,
            46.7834
        ],
        "mean_corrected_is_ppp": "(PPP$)",
        "uses": "GQ",
        "FGT2": 11.8172,
        "mean_poor50_is_ppp": "(PPP$)",
        "PG": 18.7108,
        "HC": 38.0172,
        "poverty_uses": "GQ",
        "median_ppp": 81.9820769182957,
        "poverty_uses_commentary": "(Beta is invalid.)",
        "mean_corrected": -0.258182,
        "Gini": 59.5988,
        "elasticity": {
            "HC_wrt_mean_C": -0.849705,
            "FGT2_wrt_mean_C": -1.1667,
            "HC_wrt_Gini": 1.46718,
            "PG_wrt_Gini": 4.50836,
            "FGT2_wrt_Gini": 7.46793,
            "PG_wrt_mean_C": -1.03183
        },
        "Watt": "0.331921",
        "median": 21.1663,
        "mean_poor50": 10.0546,
        "polarization": 60.3074,
        "median_is_ppp": "(PPP$)",
        "uses_commentary": "(Beta lorenz curves is invalid)",
        "MLD": 0.701107
    },
    "lorenz": {
        "L": [
            0.006,
            0.021,
            0.045,
            0.079,
            0.124,
            0.184,
            0.262,
            0.37,
            0.534,
            1.0
        ],
        "index": [
            1,
            2,
            3,
            4,
            5,
            6,
            7,
            8,
            9,
            10
        ],
        "p": [
            0.1,
            0.2,
            0.3,
            0.4,
            0.5,
            0.6,
            0.7,
            0.8,
            0.9,
            1.0
        ]
    },
    "quadratic": {
        "summary": {
            "lorenz_validity": "Valid",
            "Z": {
                "high": 813.66,
                "low": 9.03425
            },
            "sse_up_to_hcindex": 1.39683e-06,
            "poverty_normality": "Normal",
            "sse_fitted": 7.90127e-06
        },
        "inputs": {
            "line_month_ppp": 57.7917,
            "mean_month_ppp": 157.58
        },
        "dist": {
            "deciles": [
                0.681634,
                1.46656,
                2.34079,
                3.3413,
                4.52652,
                5.9971,
                7.9478,
                10.8289,
                16.0859,
                46.7834
            ],
            "mean_corrected_is_ppp": "(PPP$)",
            "mean_poor50": 10.0546,
            "mean_poor50_is_ppp": "(PPP$)",
            "PG": 18.7108,
            "HC": 38.0172,
            "median_ppp": 81.9820769182957,
            "median": 21.1663,
            "Gini": 59.5988,
            "elasticity": {
                "HC_wrt_mean_C": -0.849705,
                "FGT2_wrt_mean_C": -1.1667,
                "HC_wrt_Gini": 1.46718,
                "PG_wrt_Gini": 4.50836,
                "FGT2_wrt_Gini": 7.46793,
                "PG_wrt_mean_C": -1.03183
            },
            "Watt": "0.331921",
            "mean_corrected": 16.437,
            "FGT2": 11.8172,
            "polarization": 60.3074,
            "median_is_ppp": "(PPP$)",
            "MLD": 0.701107
        },
        "reg": {
            "SSE": 1.836174e-05,
            "SST": 0.06686735,
            "R2": 0.9997254,
            "RMSE": 0.001749368,
            "ymean": 0.1195917,
            "MSE": 3.060289e-06,
            "params": {
                "A": {
                    "coef": 0.900946,
                    "t": 86.2248,
                    "se": 0.010449
                },
                "B": {
                    "coef": 0.577554,
                    "t": 6.67999,
                    "se": 0.08646
                },
                "C": {
                    "t": 6.3262,
                    "coef": 0.0798927,
                    "se": 0.012629
                }
            }
        }
    },
    "dataset": {
        "source": "GTM_N1989Y",
        "year": 1989,
        "coverage": "National",
        "timespan": "UnDefined",
        "iso3c": "GTM",
        "format": "Grouped",
        "country": "Guatemala",
        "measure": "Income"
    },
    "summary": {
        "lorenz_validity": "Valid",
        "Z": {
            "high": 813.66,
            "low": 9.03425
        },
        "sse_up_to_hcindex": 1.39683e-06,
        "poverty_normality": "Normal",
        "sse_fitted": 7.90127e-06
    },
    "inputs": {
        "line_month_ppp": 57.7917,
        "mean_month_ppp": 157.58
    },
    "beta": {
        "implied": {
            "theta": 0.9827072,
            "gamma": 1.004013,
            "delta": 0.3796377
        },
        "summary": {
            "lorenz_validity": "Invalid",
            "Z": {
                "high": 770.697,
                "low": 10.469
            },
            "sse_up_to_hcindex": 4.46517e-06,
            "poverty_normality": "Normal",
            "sse_fitted": 3.60286e-05
        },
        "reg": {
            "SSE": 0.0002633113,
            "SST": 2.105779,
            "R2": 0.999875,
            "RMSE": 0.006624592,
            "ymean": -1.235278,
            "MSE": 4.388521e-05,
            "params": {
                "A": {
                    "coef": -0.017444,
                    "t": -1.6616,
                    "se": 0.010498
                },
                "B": {
                    "coef": 1.00401,
                    "t": 165.351,
                    "se": 0.006072
                },
                "C": {
                    "t": 62.5226,
                    "coef": 0.379638,
                    "se": 0.006072
                }
            }
        },
        "dist": {
            "PG": 18.9815,
            "HC": 37.7028,
            "elasticity": {
                "HC_wrt_mean_C": -0.824875,
                "FGT2_wrt_mean_C": -1.11276,
                "HC_wrt_Gini": 1.42431,
                "PG_wrt_Gini": 4.42973,
                "FGT2_wrt_Gini": 7.3748,
                "PG_wrt_mean_C": -0.986296
            },
            "Watt": "0.333012",
            "FGT2": 12.1959
        },
        "inputs": {
            "line_month_ppp": 57.7917,
            "mean_month_ppp": 157.58
        }
    }
}