{
    "dist": {
        "deciles": [
            1.53822,
            2.97552,
            4.24688,
            5.45867,
            6.69432,
            8.04612,
            9.65602,
            11.8206,
            15.4518,
            34.1119
        ],
        "mean_corrected_is_ppp": "(PPP$)",
        "uses": "GQ",
        "FGT2": 2.41759,
        "mean_poor50_is_ppp": "(PPP$)",
        "PG": 4.98407,
        "HC": 13.9994,
        "poverty_uses": "GQ",
        "median_ppp": 148.952029053984,
        "poverty_uses_commentary": "(Beta is invalid.)",
        "mean_corrected": -0.00750406,
        "Gini": 44.552,
        "elasticity": {
            "HC_wrt_mean_C": -1.514,
            "FGT2_wrt_mean_C": -2.12317,
            "HC_wrt_Gini": 3.80112,
            "PG_wrt_Gini": 8.05197,
            "FGT2_wrt_Gini": 12.3518,
            "PG_wrt_mean_C": -1.80882
        },
        "Watt": "0.0724167",
        "median": 1.11774,
        "mean_poor50": 0.636807,
        "polarization": 37.1053,
        "median_is_ppp": "(PPP$)",
        "uses_commentary": "(Beta lorenz curves is invalid)",
        "MLD": 0.366288
    },
    "lorenz": {
        "L": [
            0.01306342,
            0.04471804,
            0.08884896,
            0.1435305,
            0.2091776,
            0.2888098,
            0.385364,
            0.5031421,
            0.6615391,
            1.0
        ],
        "index": [
            1,
            2,
            3,
            4,
            5,
            6,
            7,
            8,
            9,
            10
        ],
        "p": [
            0.1,
            0.2,
            0.3,
            0.4,
            0.5,
            0.6,
            0.7,
            0.8,
            0.9,
            1.0
        ]
    },
    "quadratic": {
        "summary": {
            "lorenz_validity": "Valid",
            "Z": {
                "high": 767.625,
                "low": 19.0704
            },
            "sse_up_to_hcindex": 5.55245e-06,
            "poverty_normality": "Normal",
            "sse_fitted": 1.86923e-05
        },
        "inputs": {
            "line_month_ppp": 57.7917,
            "mean_month_ppp": 202.886
        },
        "dist": {
            "deciles": [
                1.53822,
                2.97552,
                4.24688,
                5.45867,
                6.69432,
                8.04612,
                9.65602,
                11.8206,
                15.4518,
                34.1119
            ],
            "mean_corrected_is_ppp": "(PPP$)",
            "mean_poor50": 0.636807,
            "mean_poor50_is_ppp": "(PPP$)",
            "PG": 4.98407,
            "HC": 13.9994,
            "median_ppp": 148.952029053984,
            "median": 1.11774,
            "Gini": 44.552,
            "elasticity": {
                "HC_wrt_mean_C": -1.514,
                "FGT2_wrt_mean_C": -2.12317,
                "HC_wrt_Gini": 3.80112,
                "PG_wrt_Gini": 8.05197,
                "FGT2_wrt_Gini": 12.3518,
                "PG_wrt_mean_C": -1.80882
            },
            "Watt": "0.0724167",
            "mean_corrected": 0.844179,
            "FGT2": 2.41759,
            "polarization": 37.1053,
            "median_is_ppp": "(PPP$)",
            "MLD": 0.366288
        },
        "reg": {
            "SSE": 1.467653e-05,
            "SST": 0.06211021,
            "R2": 0.9997637,
            "RMSE": 0.001563998,
            "ymean": 0.1490078,
            "MSE": 2.446089e-06,
            "params": {
                "A": {
                    "coef": 0.928734,
                    "t": 85.7027,
                    "se": 0.010837
                },
                "B": {
                    "coef": -1.02145,
                    "t": -21.6997,
                    "se": 0.047072
                },
                "C": {
                    "t": 4.45143,
                    "coef": 0.0709454,
                    "se": 0.015938
                }
            }
        }
    },
    "dataset": {
        "source": "GUY_N1998Y",
        "year": 1998,
        "coverage": "National",
        "timespan": "UnDefined",
        "iso3c": "GUY",
        "format": "Grouped",
        "country": "Guyana",
        "measure": "Income"
    },
    "summary": {
        "lorenz_validity": "Valid",
        "Z": {
            "high": 767.625,
            "low": 19.0704
        },
        "sse_up_to_hcindex": 5.55245e-06,
        "poverty_normality": "Normal",
        "sse_fitted": 1.86923e-05
    },
    "inputs": {
        "line_month_ppp": 57.7917,
        "mean_month_ppp": 202.886
    },
    "beta": {
        "implied": {
            "theta": 0.75381,
            "gamma": 0.918393,
            "delta": 0.4556335
        },
        "summary": {
            "lorenz_validity": "Invalid",
            "Z": {
                "high": 750.572,
                "low": 0.0
            },
            "sse_up_to_hcindex": 5.62631e-08,
            "poverty_normality": "Normal",
            "sse_fitted": 7.80009e-06
        },
        "reg": {
            "SSE": 0.0001164112,
            "SST": 1.426609,
            "R2": 0.9999184,
            "RMSE": 0.004404755,
            "ymean": -1.491978,
            "MSE": 1.940187e-05,
            "params": {
                "A": {
                    "coef": -0.282615,
                    "t": -40.4867,
                    "se": 0.0069804
                },
                "B": {
                    "coef": 0.918393,
                    "t": 227.475,
                    "se": 0.0040373
                },
                "C": {
                    "t": 112.855,
                    "coef": 0.455633,
                    "se": 0.0040373
                }
            }
        },
        "dist": {
            "PG": 5.50116,
            "HC": 12.653,
            "elasticity": {
                "HC_wrt_mean_C": -1.68588,
                "FGT2_wrt_mean_C": -0.663402,
                "HC_wrt_Gini": 4.23266,
                "PG_wrt_Gini": 6.77463,
                "FGT2_wrt_Gini": 8.68687,
                "PG_wrt_mean_C": -1.30006
            },
            "Watt": "0.0539683",
            "FGT2": 4.13092
        },
        "inputs": {
            "line_month_ppp": 57.7917,
            "mean_month_ppp": 202.886
        }
    }
}