{
    "dist": {
        "deciles": [
            4.4472,
            5.56103,
            6.50333,
            7.37457,
            8.243,
            9.17578,
            10.2687,
            11.7134,
            14.0793,
            22.6338
        ],
        "mean_corrected_is_ppp": "(PPP$)",
        "uses": "GQ",
        "FGT2": 8.02489,
        "mean_poor50_is_ppp": "(PPP$)",
        "PG": 19.9541,
        "HC": 65.167,
        "poverty_uses": "GQ",
        "median_ppp": 48.8873183339532,
        "poverty_uses_commentary": "(Both are valid and normal, but GQ fits better.)",
        "mean_corrected": -0.000244383,
        "Gini": 26.4551,
        "elasticity": {
            "HC_wrt_mean_C": -1.29551,
            "FGT2_wrt_mean_C": -2.97304,
            "HC_wrt_Gini": -0.034734,
            "PG_wrt_Gini": 0.912439,
            "FGT2_wrt_Gini": 1.86667,
            "PG_wrt_mean_C": -2.26585
        },
        "Watt": "0.26607",
        "median": 0.0119472,
        "mean_poor50": 0.00883206,
        "polarization": 21.3676,
        "median_is_ppp": "(PPP$)",
        "uses_commentary": "(Both are valid, but GQ fits better)",
        "MLD": 0.114379
    },
    "inputs": {
        "line_month_ppp": 57.7917,
        "mean_month_ppp": 56.2422
    },
    "quadratic": {
        "summary": {
            "lorenz_validity": "Valid",
            "Z": {
                "high": 147.195,
                "low": 25.4082
            },
            "sse_up_to_hcindex": 1.01291e-05,
            "poverty_normality": "Normal",
            "sse_fitted": 6.84537e-05
        },
        "inputs": {
            "line_month_ppp": 57.7917,
            "mean_month_ppp": 56.2422
        },
        "dist": {
            "deciles": [
                4.4472,
                5.56103,
                6.50333,
                7.37457,
                8.243,
                9.17578,
                10.2687,
                11.7134,
                14.0793,
                22.6338
            ],
            "mean_corrected_is_ppp": "(PPP$)",
            "mean_poor50": 0.00883206,
            "mean_poor50_is_ppp": "(PPP$)",
            "PG": 19.9541,
            "HC": 65.167,
            "median_ppp": 48.8873183339532,
            "median": 0.0119472,
            "Gini": 26.4551,
            "elasticity": {
                "HC_wrt_mean_C": -1.29551,
                "FGT2_wrt_mean_C": -2.97304,
                "HC_wrt_Gini": -0.034734,
                "PG_wrt_Gini": 0.912439,
                "FGT2_wrt_Gini": 1.86667,
                "PG_wrt_mean_C": -2.26585
            },
            "Watt": "0.26607",
            "mean_corrected": 0.0101085,
            "FGT2": 8.02489,
            "polarization": 21.3676,
            "median_is_ppp": "(PPP$)",
            "MLD": 0.114379
        },
        "reg": {
            "SSE": 6.441869e-06,
            "SST": 0.2608712,
            "R2": 0.9999753,
            "RMSE": 0.0004352778,
            "ymean": 0.1128456,
            "MSE": 1.894667e-07,
            "params": {
                "A": {
                    "coef": 0.860284,
                    "t": 244.683,
                    "se": 0.0035159
                },
                "B": {
                    "coef": -1.48248,
                    "t": -168.468,
                    "se": 0.0087998
                },
                "C": {
                    "t": 35.6464,
                    "coef": 0.230764,
                    "se": 0.0064737
                }
            }
        }
    },
    "dataset": {
        "source": "IDN_R1990X",
        "year": 1990,
        "coverage": "Rural",
        "timespan": "UnDefined",
        "iso3c": "IDN",
        "format": "Grouped",
        "country": "Indonesia",
        "measure": "Consumption"
    },
    "summary": {
        "lorenz_validity": "Valid",
        "Z": {
            "high": 147.195,
            "low": 25.4082
        },
        "sse_up_to_hcindex": 1.01291e-05,
        "poverty_normality": "Normal",
        "sse_fitted": 6.84537e-05
    },
    "lorenz": {
        "L": [
            0.004858367,
            0.009128967,
            0.01498611,
            0.02351815,
            0.03406568,
            0.04838371,
            0.06406536,
            0.0829472,
            0.1046525,
            0.1300293,
            0.154629,
            0.2115151,
            0.2687131,
            0.3246334,
            0.3811285,
            0.436714,
            0.4857035,
            0.5322236,
            0.5745212,
            0.611918,
            0.677976,
            0.7319731,
            0.7751663,
            0.8118233,
            0.8404925,
            0.8634868,
            0.881811,
            0.899112,
            0.9128327,
            0.9248928,
            0.9431978,
            0.9549181,
            0.9678405,
            0.974895,
            0.9829034,
            0.9875211,
            0.9926776,
            1.0
        ],
        "index": [
            1,
            2,
            3,
            4,
            5,
            6,
            7,
            8,
            9,
            10,
            11,
            12,
            13,
            14,
            15,
            16,
            17,
            18,
            19,
            20,
            21,
            22,
            23,
            24,
            25,
            26,
            27,
            28,
            29,
            30,
            31,
            32,
            33,
            34,
            35,
            36,
            37,
            38
        ],
        "p": [
            0.01497006,
            0.0259481,
            0.03992016,
            0.05888224,
            0.08083832,
            0.1087824,
            0.1377246,
            0.1706587,
            0.2065868,
            0.246507,
            0.2834331,
            0.3632735,
            0.4371257,
            0.503992,
            0.5668663,
            0.6247505,
            0.6726547,
            0.7155689,
            0.752495,
            0.7834331,
            0.8343313,
            0.8722555,
            0.9001996,
            0.9221557,
            0.9381238,
            0.9500998,
            0.9590818,
            0.9670659,
            0.9730539,
            0.9780439,
            0.9850299,
            0.989022,
            0.993014,
            0.99501,
            0.997006,
            0.998004,
            0.999002,
            1.0
        ]
    },
    "beta": {
        "implied": {
            "gamma": 0.9692099,
            "theta": 0.5663457,
            "delta": 0.6289852
        },
        "summary": {
            "lorenz_validity": "Valid",
            "Z": {
                "high": 133.478,
                "low": 22.1026
            },
            "sse_up_to_hcindex": 0.000412364,
            "poverty_normality": "Normal",
            "sse_fitted": 0.000611954
        },
        "inputs": {
            "line_month_ppp": 57.7917,
            "mean_month_ppp": 56.2422
        },
        "dist": {
            "deciles": [
                4.31028,
                5.34597,
                6.25504,
                7.18996,
                8.19292,
                9.30746,
                10.6023,
                12.2187,
                14.5616,
                22.0157
            ],
            "mean_corrected_is_ppp": "(PPP$)",
            "mean_poor50": 0.00860254,
            "mean_poor50_is_ppp": "(PPP$)",
            "PG": 20.5349,
            "HC": 62.7245,
            "median_ppp": 49.0834918495542,
            "median": 0.0119952,
            "Gini": 27.0476,
            "elasticity": {
                "HC_wrt_mean_C": -1.21323,
                "FGT2_wrt_mean_C": -2.74228,
                "HC_wrt_Gini": -0.032528,
                "PG_wrt_Gini": 0.918105,
                "FGT2_wrt_Gini": 1.87285,
                "PG_wrt_mean_C": -2.05453
            },
            "Watt": "0.271417",
            "mean_corrected": 0.010027,
            "FGT2": 8.66034,