{
    "dist": {
        "deciles": [
            3.46198,
            4.43912,
            5.37555,
            6.32089,
            7.32724,
            8.46525,
            9.85579,
            11.7615,
            14.993,
            27.9996
        ],
        "mean_corrected_is_ppp": "(PPP$)",
        "uses": "GQ",
        "FGT2": 4.05592,
        "mean_poor50_is_ppp": "(PPP$)",
        "PG": 10.9442,
        "HC": 39.3496,
        "poverty_uses": "GQ",
        "median_ppp": 67.411974835698,
        "poverty_uses_commentary": "(Both are valid and normal, but GQ fits better.)",
        "mean_corrected": -0.000244383,
        "Gini": 34.6629,
        "elasticity": {
            "HC_wrt_mean_C": -1.72233,
            "FGT2_wrt_mean_C": -3.39664,
            "HC_wrt_Gini": 0.831517,
            "PG_wrt_Gini": 2.73585,
            "FGT2_wrt_Gini": 4.60542,
            "PG_wrt_mean_C": -2.59548
        },
        "Watt": "0.141692",
        "median": 0.0164743,
        "mean_poor50": 0.0112771,
        "polarization": 29.2054,
        "median_is_ppp": "(PPP$)",
        "uses_commentary": "(Both are valid, but GQ fits better)",
        "MLD": 0.196591
    },
    "inputs": {
        "line_month_ppp": 57.7917,
        "mean_month_ppp": 85.6926
    },
    "quadratic": {
        "summary": {
            "lorenz_validity": "Valid",
            "Z": {
                "high": 287.035,
                "low": 29.3341
            },
            "sse_up_to_hcindex": 1.07957e-05,
            "poverty_normality": "Normal",
            "sse_fitted": 3.1432e-05
        },
        "inputs": {
            "line_month_ppp": 57.7917,
            "mean_month_ppp": 85.6926
        },
        "dist": {
            "deciles": [
                3.46198,
                4.43912,
                5.37555,
                6.32089,
                7.32724,
                8.46525,
                9.85579,
                11.7615,
                14.993,
                27.9996
            ],
            "mean_corrected_is_ppp": "(PPP$)",
            "mean_poor50": 0.0112771,
            "mean_poor50_is_ppp": "(PPP$)",
            "PG": 10.9442,
            "HC": 39.3496,
            "median_ppp": 67.411974835698,
            "median": 0.0164743,
            "Gini": 34.6629,
            "elasticity": {
                "HC_wrt_mean_C": -1.72233,
                "FGT2_wrt_mean_C": -3.39664,
                "HC_wrt_Gini": 0.831517,
                "PG_wrt_Gini": 2.73585,
                "FGT2_wrt_Gini": 4.60542,
                "PG_wrt_mean_C": -2.59548
            },
            "Watt": "0.141692",
            "mean_corrected": 0.0136828,
            "FGT2": 4.05592,
            "polarization": 29.2054,
            "median_is_ppp": "(PPP$)",
            "MLD": 0.196591
        },
        "reg": {
            "SSE": 1.86812e-05,
            "SST": 0.3223231,
            "R2": 0.999942,
            "RMSE": 0.000741247,
            "ymean": 0.1203056,
            "MSE": 5.494471e-07,
            "params": {
                "A": {
                    "coef": 0.785476,
                    "t": 174.958,
                    "se": 0.0044895
                },
                "B": {
                    "coef": -1.04085,
                    "t": -62.1612,
                    "se": 0.016744
                },
                "C": {
                    "t": 34.1531,
                    "coef": 0.310933,
                    "se": 0.0091041
                }
            }
        }
    },
    "dataset": {
        "source": "IDN_U1990X",
        "year": 1990,
        "coverage": "Urban",
        "timespan": "UnDefined",
        "iso3c": "IDN",
        "format": "Grouped",
        "country": "Indonesia",
        "measure": "Consumption"
    },
    "summary": {
        "lorenz_validity": "Valid",
        "Z": {
            "high": 287.035,
            "low": 29.3341
        },
        "sse_up_to_hcindex": 1.07957e-05,
        "poverty_normality": "Normal",
        "sse_fitted": 3.1432e-05
    },
    "lorenz": {
        "L": [
            0.0001881815,
            0.0006163525,
            0.001078103,
            0.002076712,
            0.003141794,
            0.004840978,
            0.006640078,
            0.009482125,
            0.01283321,
            0.01773963,
            0.02289838,
            0.03548475,
            0.05133468,
            0.06890073,
            0.08824264,
            0.108989,
            0.130486,
            0.1508688,
            0.1743331,
            0.1990512,
            0.2479415,
            0.2975371,
            0.345569,
            0.3889977,
            0.43265,
            0.4687347,
            0.505972,
            0.5383243,
            0.567452,
            0.5928564,
            0.6510899,
            0.7014012,
            0.7428167,
            0.7763116,
            0.8250779,
            0.8631497,
            0.8892258,
            1.0
        ],
        "index": [
            1,
            2,
            3,
            4,
            5,
            6,
            7,
            8,
            9,
            10,
            11,
            12,
            13,
            14,
            15,
            16,
            17,
            18,
            19,
            20,
            21,
            22,
            23,
            24,
            25,
            26,
            27,
            28,
            29,
            30,
            31,
            32,
            33,
            34,
            35,
            36,
            37,
            38
        ],
        "p": [
            0.001001001,
            0.003003003,
            0.005005005,
            0.009009009,
            0.01301301,
            0.01901902,
            0.02502503,
            0.03403403,
            0.04404404,
            0.05805806,
            0.07207207,
            0.1041041,
            0.1411411,
            0.1791792,
            0.2182182,
            0.2572573,
            0.2952953,
            0.3293293,
            0.3663664,
            0.4034034,
            0.4714715,
            0.5345345,
            0.5905906,
            0.6376376,
            0.6816817,
            0.7157157,
            0.7487487,
            0.7757758,
            0.7987988,
            0.8178178,
            0.8578579,
            0.8888889,
            0.9119119,
            0.9289289,
            0.950951,
            0.965966,
            0.974975,
            1.0
        ]
    },
    "beta": {
        "implied": {
            "gamma": 0.9676324,
            "theta": 0.6562181,
            "delta": 0.5300527
        },
        "summary": {
            "lorenz_validity": "Valid",
            "Z": {
                "high": 258.605,
                "low": 21.7197
            },
            "sse_up_to_hcindex": 4.75773e-05,
            "poverty_normality": "Normal",
            "sse_fitted": 0.000288219
        },
        "inputs": {
            "line_month_ppp": 57.7917,
            "mean_month_ppp": 85.6926
        },
        "dist": {
            "deciles": [
                3.31407,
                4.40207,
                5.34096,
                6.31775,
                7.38708,
                8.60883,
                10.0818,
                12.0163,
                15.044,
                27.4872
            ],
            "mean_corrected_is_ppp": "(PPP$)",
            "mean_poor50": 0.0112089,
            "mean_poor50_is_ppp": "(PPP$)",
            "PG": 11.2767,
            "HC": 39.1638,
            "median_ppp": 68.2653105103882,
            "median": 0.0166829,
            "Gini": 34.6749,
            "elasticity": {
                "HC_wrt_mean_C": -1.63223,
                "FGT2_wrt_mean_C": -3.17359,
                "HC_wrt_Gini": 0.788016,
                "PG_wrt_Gini": 2.6767,
                "FGT2_wrt_Gini": 4.49773,
                "PG_wrt_mean_C": -2.47298
            },
            "Watt": "0.144952",
            "mean_corrected": 0.0136803,