{
    "dist": {
        "deciles": [
            3.35062,
            4.54259,
            5.59847,
            6.60553,
            7.63244,
            8.75516,
            10.0902,
            11.8792,
            14.856,
            26.6898
        ],
        "mean_corrected_is_ppp": "(PPP$)",
        "uses": "GQ",
        "FGT2": 6.33671,
        "mean_poor50_is_ppp": "(PPP$)",
        "PG": 14.7848,
        "HC": 47.1939,
        "poverty_uses": "GQ",
        "median_ppp": 60.1388083810845,
        "poverty_uses_commentary": "(Both are valid and normal, but GQ fits better.)",
        "mean_corrected": -0.000244383,
        "Gini": 33.2934,
        "elasticity": {
            "HC_wrt_mean_C": -1.50247,
            "FGT2_wrt_mean_C": -2.66638,
            "HC_wrt_Gini": 0.411166,
            "PG_wrt_Gini": 1.87354,
            "FGT2_wrt_Gini": 3.277,
            "PG_wrt_mean_C": -2.19207
        },
        "Watt": "0.199111",
        "median": 0.0146969,
        "mean_poor50": 0.00997618,
        "polarization": 27.5322,
        "median_is_ppp": "(PPP$)",
        "uses_commentary": "(Both are valid, but GQ fits better)",
        "MLD": 0.183716
    },
    "inputs": {
        "line_month_ppp": 57.7917,
        "mean_month_ppp": 73.607
    },
    "quadratic": {
        "summary": {
            "lorenz_validity": "Valid",
            "Z": {
                "high": 231.939,
                "low": 23.8145
            },
            "sse_up_to_hcindex": 2.07668e-06,
            "poverty_normality": "Normal",
            "sse_fitted": 5.66375e-06
        },
        "inputs": {
            "line_month_ppp": 57.7917,
            "mean_month_ppp": 73.607
        },
        "dist": {
            "deciles": [
                3.35062,
                4.54259,
                5.59847,
                6.60553,
                7.63244,
                8.75516,
                10.0902,
                11.8792,
                14.856,
                26.6898
            ],
            "mean_corrected_is_ppp": "(PPP$)",
            "mean_poor50": 0.00997618,
            "mean_poor50_is_ppp": "(PPP$)",
            "PG": 14.7406,
            "HC": 47.088,
            "median_ppp": 60.1388083810845,
            "median": 0.0146969,
            "Gini": 33.2934,
            "elasticity": {
                "HC_wrt_mean_C": -1.54716,
                "FGT2_wrt_mean_C": -2.73551,
                "HC_wrt_Gini": 0.423396,
                "PG_wrt_Gini": 1.87419,
                "FGT2_wrt_Gini": 3.29592,
                "PG_wrt_mean_C": -2.19443
            },
            "Watt": "0.201732",
            "mean_corrected": 0.0119994,
            "FGT2": 6.22557,
            "polarization": 27.5322,
            "median_is_ppp": "(PPP$)",
            "MLD": 0.183716
        },
        "reg": {
            "SSE": 2.812463e-06,
            "SST": 0.04841614,
            "R2": 0.9999419,
            "RMSE": 0.0006846487,
            "ymean": 0.1667436,
            "MSE": 4.687439e-07,
            "params": {
                "A": {
                    "coef": 0.863771,
                    "t": 134.763,
                    "se": 0.0064096
                },
                "B": {
                    "coef": -1.2621,
                    "t": -48.1548,
                    "se": 0.026209
                },
                "C": {
                    "t": 14.4878,
                    "coef": 0.219993,
                    "se": 0.015185
                }
            }
        }
    },
    "dataset": {
        "source": "IDN_U1984X",
        "year": 1984,
        "coverage": "Urban",
        "timespan": "UnDefined",
        "iso3c": "IDN",
        "format": "Grouped",
        "country": "Indonesia",
        "measure": "Consumption"
    },
    "summary": {
        "lorenz_validity": "Valid",
        "Z": {
            "high": 231.939,
            "low": 23.8145
        },
        "sse_up_to_hcindex": 1.27824e-06,
        "poverty_normality": "Normal",
        "sse_fitted": 5.66375e-06
    },
    "lorenz": {
        "L": [
            0.0323,
            0.0788,
            0.1354,
            0.2015,
            0.2776,
            0.3646,
            0.4651,
            0.5838,
            0.7347,
            1.0
        ],
        "index": [
            1,
            2,
            3,
            4,
            5,
            6,
            7,
            8,
            9,
            10
        ],
        "p": [
            0.1,
            0.2,
            0.3,
            0.4,
            0.5,
            0.6,
            0.7,
            0.8,
            0.9,
            1.0
        ]
    },
    "beta": {
        "implied": {
            "gamma": 0.9336462,
            "theta": 0.6122498,
            "delta": 0.5229754
        },
        "summary": {
            "lorenz_validity": "Valid",
            "Z": {
                "high": 213.642,
                "low": 11.1378
            },
            "sse_up_to_hcindex": 1.27824e-06,
            "poverty_normality": "Normal",
            "sse_fitted": 7.59359e-06
        },
        "inputs": {
            "line_month_ppp": 57.7917,
            "mean_month_ppp": 73.607
        },
        "dist": {
            "deciles": [
                3.24924,
                4.62646,
                5.61475,
                6.58575,
                7.61676,
                8.77348,
                10.1531,
                11.9562,
                14.7812,
                26.643
            ],
            "mean_corrected_is_ppp": "(PPP$)",
            "mean_poor50": 0.00996298,
            "mean_poor50_is_ppp": "(PPP$)",
            "PG": 14.7848,
            "HC": 47.1939,
            "median_ppp": 60.1209298713266,
            "median": 0.0146925,
            "Gini": 33.3798,
            "elasticity": {
                "HC_wrt_mean_C": -1.50247,
                "FGT2_wrt_mean_C": -2.66638,
                "HC_wrt_Gini": 0.411166,
                "PG_wrt_Gini": 1.87354,
                "FGT2_wrt_Gini": 3.277,
                "PG_wrt_mean_C": -2.19207
            },
            "Watt": "0.199111",
            "mean_corrected": 0.0119838,
            "FGT2": 6.33671,
            "polarization": -138.946,
            "median_is_ppp": "(PPP$)",
            "MLD": 0.189753
        },
        "reg": {
            "SSE": 0.0001912077,
            "SST": 1.32853,
            "R2": 0.9998561,
            "RMSE": 0.00564517,
            "ymean": -1.772675,
            "MSE": 3.186794e-05,
            "params": {
                "A": {
                    "coef": -0.490615,
                    "t": -54.8407,
                    "se": 0.0089462
                },
                "B": {
                    "coef": 0.933646,
                    "t": 180.44,
                    "se": 0.0051743
                },
                "C": {
                    "t": 101.072,
                    "coef": 0.522975,
                    "se": 0.0051743
                }
            }
        }
    }
}