{
    "dist": {
        "deciles": [
            4.27731,
            5.51801,
            6.37232,
            7.19918,
            8.069,
            9.0382,
            10.1877,
            11.6823,
            14.0112,
            23.6448
        ],
        "mean_corrected_is_ppp": "(PPP$)",
        "uses": "Beta",
        "FGT2": 12.7947,
        "mean_poor50_is_ppp": "(PPP$)",
        "PG": 28.0287,
        "HC": 76.7854,
        "poverty_uses": "Beta",
        "median_ppp": 41.1701974515174,
        "poverty_uses_commentary": "(Both are valid and normal, but Beta fits better.)",
        "mean_corrected": -0.000244383,
        "Gini": 27.7292,
        "elasticity": {
            "HC_wrt_mean_C": -0.829142,
            "FGT2_wrt_mean_C": -2.3813,
            "HC_wrt_Gini": -0.136816,
            "PG_wrt_Gini": 0.547952,
            "FGT2_wrt_Gini": 1.27704,
            "PG_wrt_mean_C": -1.73953
        },
        "Watt": "0.383188",
        "median": 0.0100613,
        "mean_poor50": 0.00741434,
        "polarization": -152.241,
        "median_is_ppp": "(PPP$)",
        "uses_commentary": "(Both are valid, but Beta fits better)",
        "MLD": 0.129669
    },
    "inputs": {
        "line_month_ppp": 57.7917,
        "mean_month_ppp": 48.2555
    },
    "quadratic": {
        "summary": {
            "lorenz_validity": "Valid",
            "Z": {
                "high": 131.534,
                "low": 22.2228
            },
            "sse_up_to_hcindex": 2.14852e-06,
            "poverty_normality": "Normal",
            "sse_fitted": 2.75001e-06
        },
        "inputs": {
            "line_month_ppp": 57.7917,
            "mean_month_ppp": 48.2555
        },
        "dist": {
            "deciles": [
                4.37327,
                5.43309,
                6.35151,
                7.21446,
                8.08487,
                9.02853,
                10.1431,
                11.6281,
                14.0855,
                23.6576
            ],
            "mean_corrected_is_ppp": "(PPP$)",
            "mean_poor50": 0.00741938,
            "mean_poor50_is_ppp": "(PPP$)",
            "PG": 28.0902,
            "HC": 77.0602,
            "median_ppp": 41.2008696981944,
            "median": 0.0100688,
            "Gini": 27.6497,
            "elasticity": {
                "HC_wrt_mean_C": -0.797302,
                "FGT2_wrt_mean_C": -2.40157,
                "HC_wrt_Gini": -0.131562,
                "PG_wrt_Gini": 0.547328,
                "FGT2_wrt_Gini": 1.2737,
                "PG_wrt_mean_C": -1.74331
            },
            "Watt": "0.391341",
            "mean_corrected": 0.00853214,
            "FGT2": 12.7637,
            "polarization": 22.1031,
            "median_is_ppp": "(PPP$)",
            "MLD": 0.125428
        },
        "reg": {
            "SSE": 1.187893e-06,
            "SST": 0.04227903,
            "R2": 0.9999719,
            "RMSE": 0.0004449519,
            "ymean": 0.1740089,
            "MSE": 1.979822e-07,
            "params": {
                "A": {
                    "coef": 0.828217,
                    "t": 135.298,
                    "se": 0.0061214
                },
                "B": {
                    "coef": -1.42178,
                    "t": -73.8291,
                    "se": 0.019258
                },
                "C": {
                    "t": 17.4241,
                    "coef": 0.245219,
                    "se": 0.014074
                }
            }
        }
    },
    "dataset": {
        "source": "IDN_R1987X",
        "year": 1987,
        "coverage": "Rural",
        "timespan": "UnDefined",
        "iso3c": "IDN",
        "format": "Grouped",
        "country": "Indonesia",
        "measure": "Consumption"
    },
    "summary": {
        "lorenz_validity": "Valid",
        "Z": {
            "high": 121.805,
            "low": 14.0586
        },
        "sse_up_to_hcindex": 2.08654e-06,
        "poverty_normality": "Normal",
        "sse_fitted": 2.50664e-06
    },
    "lorenz": {
        "L": [
            0.0426,
            0.0981,
            0.1621,
            0.2342,
            0.3146,
            0.4044,
            0.5059,
            0.6225,
            0.7642,
            1.0
        ],
        "index": [
            1,
            2,
            3,
            4,
            5,
            6,
            7,
            8,
            9,
            10
        ],
        "p": [
            0.1,
            0.2,
            0.3,
            0.4,
            0.5,
            0.6,
            0.7,
            0.8,
            0.9,
            1.0
        ]
    },
    "beta": {
        "implied": {
            "gamma": 0.9243346,
            "theta": 0.5083169,
            "delta": 0.5288716
        },
        "summary": {
            "lorenz_validity": "Valid",
            "Z": {
                "high": 121.805,
                "low": 14.0586
            },
            "sse_up_to_hcindex": 2.08654e-06,
            "poverty_normality": "Normal",
            "sse_fitted": 2.50664e-06
        },
        "inputs": {
            "line_month_ppp": 57.7917,
            "mean_month_ppp": 48.2555
        },
        "dist": {
            "deciles": [
                4.27731,
                5.51801,
                6.37232,
                7.19918,
                8.069,
                9.0382,
                10.1877,
                11.6823,
                14.0112,
                23.6448
            ],
            "mean_corrected_is_ppp": "(PPP$)",
            "mean_poor50": 0.00741434,
            "mean_poor50_is_ppp": "(PPP$)",
            "PG": 28.0287,
            "HC": 76.7854,
            "median_ppp": 41.1701974515174,
            "median": 0.0100613,
            "Gini": 27.7292,
            "elasticity": {
                "HC_wrt_mean_C": -0.829142,
                "FGT2_wrt_mean_C": -2.3813,
                "HC_wrt_Gini": -0.136816,
                "PG_wrt_Gini": 0.547952,
                "FGT2_wrt_Gini": 1.27704,
                "PG_wrt_mean_C": -1.73953
            },
            "Watt": "0.383188",
            "mean_corrected": 0.00852276,
            "FGT2": 12.7947,
            "polarization": -152.241,
            "median_is_ppp": "(PPP$)",
            "MLD": 0.129669
        },
        "reg": {
            "SSE": 0.0001001755,
            "SST": 1.278449,
            "R2": 0.9999216,
            "RMSE": 0.004086065,
            "ymean": -1.955704,
            "MSE": 1.669592e-05,
            "params": {
                "A": {
                    "coef": -0.67665,
                    "t": -104.496,
                    "se": 0.0064754
                },
                "B": {
                    "coef": 0.924335,
                    "t": 246.803,
                    "se": 0.0037452
                },
                "C": {
                    "t": 141.212,
                    "coef": 0.528872,
                    "se": 0.0037452
                }
            }
        }
    }
}