{
    "dist": {
        "deciles": [
            3.56616,
            4.70858,
            5.68044,
            6.58272,
            7.48532,
            8.45831,
            9.6032,
            11.1262,
            13.6522,
            29.1369
        ],
        "mean_corrected_is_ppp": "(PPP$)",
        "uses": "GQ",
        "FGT2": 10.1526,
        "mean_poor50_is_ppp": "(PPP$)",
        "PG": 22.6175,
        "HC": 65.8773,
        "poverty_uses": "GQ",
        "median_ppp": 47.3768046994246,
        "poverty_uses_commentary": "(Both are valid and normal, but GQ fits better.)",
        "mean_corrected": -0.0667772,
        "Gini": 34.1957,
        "elasticity": {
            "HC_wrt_mean_C": -1.12985,
            "FGT2_wrt_mean_C": -2.45552,
            "HC_wrt_Gini": 0.0347331,
            "PG_wrt_Gini": 1.08954,
            "FGT2_wrt_Gini": 2.13697,
            "PG_wrt_mean_C": -1.91266
        },
        "Watt": "0.315724",
        "median": 3.16369,
        "mean_poor50": 2.22942,
        "polarization": 24.5378,
        "median_is_ppp": "(PPP$)",
        "uses_commentary": "(Both are valid, but GQ fits better)",
        "MLD": 0.20766
    },
    "inputs": {
        "line_month_ppp": 57.7917,
        "mean_month_ppp": 59.5683
    },
    "quadratic": {
        "summary": {
            "lorenz_validity": "Valid",
            "Z": {
                "high": 167.001,
                "low": 21.3462
            },
            "sse_up_to_hcindex": 5.93266e-06,
            "poverty_normality": "Normal",
            "sse_fitted": 8.03085e-06
        },
        "inputs": {
            "line_month_ppp": 57.7917,
            "mean_month_ppp": 59.5683
        },
        "dist": {
            "deciles": [
                3.56616,
                4.70858,
                5.68044,
                6.58272,
                7.48532,
                8.45831,
                9.6032,
                11.1262,
                13.6522,
                29.1369
            ],
            "mean_corrected_is_ppp": "(PPP$)",
            "mean_poor50": 2.22942,
            "mean_poor50_is_ppp": "(PPP$)",
            "PG": 22.6175,
            "HC": 65.8773,
            "median_ppp": 47.3768046994246,
            "median": 3.16369,
            "Gini": 34.1957,
            "elasticity": {
                "HC_wrt_mean_C": -1.12985,
                "FGT2_wrt_mean_C": -2.45552,
                "HC_wrt_Gini": 0.0347331,
                "PG_wrt_Gini": 1.08954,
                "FGT2_wrt_Gini": 2.13697,
                "PG_wrt_mean_C": -1.91266
            },
            "Watt": "0.315724",
            "mean_corrected": 2.61757,
            "FGT2": 10.1526,
            "polarization": 24.5378,
            "median_is_ppp": "(PPP$)",
            "MLD": 0.20766
        },
        "reg": {
            "SSE": 2.979233e-06,
            "SST": 0.111274,
            "R2": 0.9999732,
            "RMSE": 0.0005458235,
            "ymean": 0.1216747,
            "MSE": 2.979233e-07,
            "params": {
                "A": {
                    "coef": 0.768448,
                    "t": 128.701,
                    "se": 0.0059708
                },
                "B": {
                    "coef": -1.31564,
                    "t": -88.1495,
                    "se": 0.014925
                },
                "C": {
                    "t": 21.6186,
                    "coef": 0.1847,
                    "se": 0.0085436
                }
            }
        }
    },
    "dataset": {
        "source": "IND_R1977X",
        "year": 1977,
        "coverage": "Rural",
        "timespan": "UnDefined",
        "iso3c": "IND",
        "format": "Grouped",
        "country": "India",
        "measure": "Consumption"
    },
    "summary": {
        "lorenz_validity": "Valid",
        "Z": {
            "high": 167.001,
            "low": 21.3462
        },
        "sse_up_to_hcindex": 5.93266e-06,
        "poverty_normality": "Normal",
        "sse_fitted": 8.03085e-06
    },
    "lorenz": {
        "L": [
            0.0001259806,
            0.001003039,
            0.004122891,
            0.0349957,
            0.06901335,
            0.1143933,
            0.2266575,
            0.3449962,
            0.4524221,
            0.5403414,
            0.6666258,
            0.8187927,
            0.8751869,
            1.0
        ],
        "index": [
            1,
            2,
            3,
            4,
            5,
            6,
            7,
            8,
            9,
            10,
            11,
            12,
            13,
            14
        ],
        "p": [
            0.0019,
            0.0065,
            0.0186,
            0.101,
            0.1731,
            0.2564,
            0.4288,
            0.5778,
            0.6924,
            0.7736,
            0.8716,
            0.9598,
            0.9826,
            1.0
        ]
    },
    "beta": {
        "implied": {
            "gamma": 0.9124801,
            "theta": 0.5480213,
            "delta": 0.4061815
        },
        "summary": {
            "lorenz_validity": "Valid",
            "Z": {
                "high": 182.341,
                "low": 9.08972
            },
            "sse_up_to_hcindex": 1.67326e-05,
            "poverty_normality": "Normal",
            "sse_fitted": 7.30747e-05
        },
        "inputs": {
            "line_month_ppp": 57.7917,
            "mean_month_ppp": 59.5683
        },
        "dist": {
            "deciles": [
                3.57709,
                4.89798,
                5.72108,
                6.50309,
                7.33021,
                8.2716,
                9.429,
                11.0179,
                13.7148,
                29.5372
            ],
            "mean_corrected_is_ppp": "(PPP$)",
            "mean_poor50": 2.22991,
            "mean_poor50_is_ppp": "(PPP$)",
            "PG": 22.9251,
            "HC": 67.1392,
            "median_ppp": 46.3159281921416,
            "median": 3.09285,
            "Gini": 34.3268,
            "elasticity": {
                "HC_wrt_mean_C": -1.03287,
                "FGT2_wrt_mean_C": -2.52062,
                "HC_wrt_Gini": 0.031752,
                "PG_wrt_Gini": 1.09003,
                "FGT2_wrt_Gini": 2.13897,
                "PG_wrt_mean_C": -1.92863
            },
            "Watt": "0.311567",
            "mean_corrected": 2.61235,
            "FGT2": 10.1425,
            "polarization": -148.516,
            "median_is_ppp": "(PPP$)",
            "MLD": 0.206329
        },
        "reg": {
            "SSE": 0.003358247,
            "SST": 30.48746,
            "R2": 0.9998898,
            "RMSE": 0.01832552,
            "ymean": -2.647673,
            "MSE": 0.0003358247,
            "params": {
                "A": {
                    "coef": -0.601441,
                    "t": -50.9111,
                    "se": 0.011814
                },
                "B": {
                    "coef": 0.91248,
                    "t": 269.997,
                    "se": 0.0033796
                },
                "C": {
                    "t": 76.0024,
                    "coef": 0.406182,
                    "se": 0.0053443
                }
            }
        }
    }
}