{
    "dist": {
        "deciles": [
            3.94873,
            5.24512,
            6.11155,
            6.946,
            7.82563,
            8.81237,
            9.99576,
            11.5603,
            14.0629,
            25.4916
        ],
        "mean_corrected_is_ppp": "(PPP$)",
        "uses": "Beta",
        "FGT2": 5.06183,
        "mean_poor50_is_ppp": "(PPP$)",
        "PG": 13.4515,
        "HC": 49.3174,
        "poverty_uses": "Beta",
        "median_ppp": 58.2591473452624,
        "poverty_uses_commentary": "(Both are valid and normal, but Beta fits better.)",
        "mean_corrected": -0.0667772,
        "Gini": 30.1336,
        "elasticity": {
            "HC_wrt_mean_C": -1.71927,
            "FGT2_wrt_mean_C": -3.31487,
            "HC_wrt_Gini": 0.370083,
            "PG_wrt_Gini": 1.78919,
            "FGT2_wrt_Gini": 3.14405,
            "PG_wrt_mean_C": -2.66632
        },
        "Watt": "0.172312",
        "median": 3.89039,
        "mean_poor50": 2.82115,
        "polarization": -148.465,
        "median_is_ppp": "(PPP$)",
        "uses_commentary": "(Both are valid, but Beta fits better)",
        "MLD": 0.154754
    },
    "inputs": {
        "line_month_ppp": 57.7917,
        "mean_month_ppp": 70.2316
    },
    "quadratic": {
        "summary": {
            "lorenz_validity": "Valid",
            "Z": {
                "high": 202.667,
                "low": 28.4104
            },
            "sse_up_to_hcindex": 7.55844e-06,
            "poverty_normality": "Normal",
            "sse_fitted": 1.43691e-05
        },
        "inputs": {
            "line_month_ppp": 57.7917,
            "mean_month_ppp": 70.2316
        },
        "dist": {
            "deciles": [
                4.08276,
                5.15856,
                6.08908,
                6.96264,
                7.8436,
                8.79925,
                9.92968,
                11.4409,
                13.9622,
                25.7314
            ],
            "mean_corrected_is_ppp": "(PPP$)",
            "mean_poor50": 2.82674,
            "mean_poor50_is_ppp": "(PPP$)",
            "PG": 13.3798,
            "HC": 49.2191,
            "median_ppp": 58.30920383297,
            "median": 3.89373,
            "Gini": 30.117,
            "elasticity": {
                "HC_wrt_mean_C": -1.77954,
                "FGT2_wrt_mean_C": -3.43487,
                "HC_wrt_Gini": 0.383056,
                "PG_wrt_Gini": 1.79184,
                "FGT2_wrt_Gini": 3.16989,
                "PG_wrt_mean_C": -2.67862
            },
            "Watt": "0.17433",
            "mean_corrected": 3.27742,
            "FGT2": 4.92367,
            "polarization": 23.1491,
            "median_is_ppp": "(PPP$)",
            "MLD": 0.15232
        },
        "reg": {
            "SSE": 5.125002e-06,
            "SST": 0.06617252,
            "R2": 0.9999226,
            "RMSE": 0.0008003907,
            "ymean": 0.1587787,
            "MSE": 6.406252e-07,
            "params": {
                "A": {
                    "coef": 0.797999,
                    "t": 78.7676,
                    "se": 0.010131
                },
                "B": {
                    "coef": -1.37174,
                    "t": -51.5366,
                    "se": 0.026617
                },
                "C": {
                    "t": 12.9766,
                    "coef": 0.225726,
                    "se": 0.017395
                }
            }
        }
    },
    "dataset": {
        "source": "IND_R1987X",
        "year": 1987,
        "coverage": "Rural",
        "timespan": "UnDefined",
        "iso3c": "IND",
        "format": "Grouped",
        "country": "India",
        "measure": "Consumption"
    },
    "summary": {
        "lorenz_validity": "Valid",
        "Z": {
            "high": 192.381,
            "low": 14.812
        },
        "sse_up_to_hcindex": 4.84441e-06,
        "poverty_normality": "Normal",
        "sse_fitted": 1.37884e-05
    },
    "lorenz": {
        "L": [
            0.01739933,
            0.05106708,
            0.107776,
            0.1891182,
            0.2741247,
            0.3556311,
            0.455415,
            0.5381155,
            0.6520388,
            0.7794632,
            0.8768085,
            1.0
        ],
        "index": [
            1,
            2,
            3,
            4,
            5,
            6,
            7,
            8,
            9,
            10,
            11,
            12
        ],
        "p": [
            0.051,
            0.124,
            0.226,
            0.351,
            0.466,
            0.563,
            0.669,
            0.746,
            0.838,
            0.921,
            0.969,
            1.0
        ]
    },
    "beta": {
        "implied": {
            "gamma": 0.9202102,
            "theta": 0.53038,
            "delta": 0.4923838
        },
        "summary": {
            "lorenz_validity": "Valid",
            "Z": {
                "high": 192.381,
                "low": 14.812
            },
            "sse_up_to_hcindex": 4.84441e-06,
            "poverty_normality": "Normal",
            "sse_fitted": 1.37884e-05
        },
        "inputs": {
            "line_month_ppp": 57.7917,
            "mean_month_ppp": 70.2316
        },
        "dist": {
            "deciles": [
                3.94873,
                5.24512,
                6.11155,
                6.946,
                7.82563,
                8.81237,
                9.99576,
                11.5603,
                14.0629,
                25.4916
            ],
            "mean_corrected_is_ppp": "(PPP$)",
            "mean_poor50": 2.82115,
            "mean_poor50_is_ppp": "(PPP$)",
            "PG": 13.4515,
            "HC": 49.3174,
            "median_ppp": 58.2591473452624,
            "median": 3.89039,
            "Gini": 30.1336,
            "elasticity": {
                "HC_wrt_mean_C": -1.71927,
                "FGT2_wrt_mean_C": -3.31487,
                "HC_wrt_Gini": 0.370083,
                "PG_wrt_Gini": 1.78919,
                "FGT2_wrt_Gini": 3.14405,
                "PG_wrt_mean_C": -2.66632
            },
            "Watt": "0.172312",
            "mean_corrected": 3.27665,
            "FGT2": 5.06183,
            "polarization": -148.465,
            "median_is_ppp": "(PPP$)",
            "MLD": 0.154754
        },
        "reg": {
            "SSE": 0.0005420303,
            "SST": 3.310592,
            "R2": 0.9998363,
            "RMSE": 0.008231269,
            "ymean": -2.029768,
            "MSE": 6.775379e-05,
            "params": {
                "A": {
                    "coef": -0.634162,
                    "t": -79.7368,
                    "se": 0.0079532
                },
                "B": {
                    "coef": 0.92021,
                    "t": 216.269,
                    "se": 0.0042549
                },
                "C": {
                    "t": 133.97,
                    "coef": 0.492384,
                    "se": 0.0036753
                }
            }
        }
    }
}