{
    "dist": {
        "deciles": [
            3.59129,
            4.61491,
            5.5688,
            6.51192,
            7.49988,
            8.6029,
            9.93673,
            11.7493,
            14.8016,
            27.1227
        ],
        "mean_corrected_is_ppp": "(PPP$)",
        "uses": "GQ",
        "FGT2": 3.20659,
        "mean_poor50_is_ppp": "(PPP$)",
        "PG": 8.80977,
        "HC": 34.204,
        "poverty_uses": "GQ",
        "median_ppp": 71.7078801143842,
        "poverty_uses_commentary": "(Both are valid and normal, but GQ fits better.)",
        "mean_corrected": -0.0667772,
        "Gini": 33.3269,
        "elasticity": {
            "HC_wrt_mean_C": -2.02013,
            "FGT2_wrt_mean_C": -3.49479,
            "HC_wrt_Gini": 1.10338,
            "PG_wrt_Gini": 3.1206,
            "FGT2_wrt_Gini": 5.00122,
            "PG_wrt_mean_C": -2.8825
        },
        "Watt": "0.111004",
        "median": 4.78845,
        "mean_poor50": 3.31609,
        "polarization": 27.6628,
        "median_is_ppp": "(PPP$)",
        "uses_commentary": "(Both are valid, but GQ fits better)",
        "MLD": 0.182043
    },
    "inputs": {
        "line_month_ppp": 57.7917,
        "mean_month_ppp": 89.3572
    },
    "quadratic": {
        "summary": {
            "lorenz_validity": "Valid",
            "Z": {
                "high": 288.072,
                "low": 31.2482
            },
            "sse_up_to_hcindex": 8.13805e-06,
            "poverty_normality": "Normal",
            "sse_fitted": 1.90121e-05
        },
        "inputs": {
            "line_month_ppp": 57.7917,
            "mean_month_ppp": 89.3572
        },
        "dist": {
            "deciles": [
                3.59129,
                4.61491,
                5.5688,
                6.51192,
                7.49988,
                8.6029,
                9.93673,
                11.7493,
                14.8016,
                27.1227
            ],
            "mean_corrected_is_ppp": "(PPP$)",
            "mean_poor50": 3.31609,
            "mean_poor50_is_ppp": "(PPP$)",
            "PG": 8.85277,
            "HC": 34.5525,
            "median_ppp": 71.7078801143842,
            "median": 4.78845,
            "Gini": 33.3269,
            "elasticity": {
                "HC_wrt_mean_C": -1.96727,
                "FGT2_wrt_mean_C": -3.79012,
                "HC_wrt_Gini": 1.07451,
                "PG_wrt_Gini": 3.1318,
                "FGT2_wrt_Gini": 5.16253,
                "PG_wrt_mean_C": -2.90301
            },
            "Watt": "0.112358",
            "mean_corrected": 3.9784,
            "FGT2": 3.05789,
            "polarization": 27.6628,
            "median_is_ppp": "(PPP$)",
            "MLD": 0.182043
        },
        "reg": {
            "SSE": 1.165532e-05,
            "SST": 0.1116663,
            "R2": 0.9998956,
            "RMSE": 0.001137996,
            "ymean": 0.1113147,
            "MSE": 1.295036e-06,
            "params": {
                "A": {
                    "coef": 0.802012,
                    "t": 64.5593,
                    "se": 0.012423
                },
                "B": {
                    "coef": -1.15099,
                    "t": -23.4441,
                    "se": 0.049095
                },
                "C": {
                    "t": 10.134,
                    "coef": 0.284046,
                    "se": 0.028029
                }
            }
        }
    },
    "dataset": {
        "source": "IND_U1983X",
        "year": 1983,
        "coverage": "Urban",
        "timespan": "UnDefined",
        "iso3c": "IND",
        "format": "Grouped",
        "country": "India",
        "measure": "Consumption"
    },
    "summary": {
        "lorenz_validity": "Valid",
        "Z": {
            "high": 288.072,
            "low": 31.2482
        },
        "sse_up_to_hcindex": 2.30326e-06,
        "poverty_normality": "Normal",
        "sse_fitted": 1.90121e-05
    },
    "lorenz": {
        "L": [
            0.0002671737,
            0.001359048,
            0.005261736,
            0.01507945,
            0.03459716,
            0.0794494,
            0.1392585,
            0.2567661,
            0.3664,
            0.5374156,
            0.6569045,
            0.7435297,
            1.0
        ],
        "index": [
            1,
            2,
            3,
            4,
            5,
            6,
            7,
            8,
            9,
            10,
            11,
            12,
            13
        ],
        "p": [
            0.002002002,
            0.007007007,
            0.02102102,
            0.05005005,
            0.0990991,
            0.1941942,
            0.3003003,
            0.4724725,
            0.6036036,
            0.7667668,
            0.8548549,
            0.9069069,
            1.0
        ]
    },
    "beta": {
        "implied": {
            "gamma": 0.9414931,
            "theta": 0.60285,
            "delta": 0.5038858
        },
        "summary": {
            "lorenz_validity": "Valid",
            "Z": {
                "high": 263.763,
                "low": 17.4601
            },
            "sse_up_to_hcindex": 2.30326e-06,
            "poverty_normality": "Normal",
            "sse_fitted": 3.16041e-05
        },
        "inputs": {
            "line_month_ppp": 57.7917,
            "mean_month_ppp": 89.3572
        },
        "dist": {
            "deciles": [
                3.45877,
                4.70258,
                5.62542,
                6.54501,
                7.53183,
                8.64959,
                9.99594,
                11.7754,
                14.6057,
                27.1097
            ],
            "mean_corrected_is_ppp": "(PPP$)",
            "mean_poor50": 3.32526,
            "mean_poor50_is_ppp": "(PPP$)",
            "PG": 8.80977,
            "HC": 34.204,
            "median_ppp": 72.0450219226497,
            "median": 4.81097,
            "Gini": 33.3399,
            "elasticity": {
                "HC_wrt_mean_C": -2.02013,
                "FGT2_wrt_mean_C": -3.49479,
                "HC_wrt_Gini": 1.10338,
                "PG_wrt_Gini": 3.1206,
                "FGT2_wrt_Gini": 5.00122,
                "PG_wrt_mean_C": -2.8825
            },
            "Watt": "0.111004",
            "mean_corrected": 3.97762,
            "FGT2": 3.20659,
            "polarization": -141.013,
            "median_is_ppp": "(PPP$)",
            "MLD": 0.187269
        },
        "reg": {
            "SSE": 0.0008812864,
            "SST": 29.37111,
            "R2": 0.99997,
            "RMSE": 0.009895489,
            "ymean": -2.803807,
            "MSE": 9.792071e-05,
            "params": {
                "A": {
                    "coef": -0.506087,
                    "t": -62.4369,
                    "se": 0.0081056
                },
                "B": {
                    "coef": 0.941493,
                    "t": 433.389,
                    "se": 0.0021724
                },
                "C": {
                    "t": 94.009,
                    "coef": 0.503886,
                    "se": 0.00536
                }
            }
        }
    }
}