{
    "dist": {
        "deciles": [
            2.06893,
            3.08783,
            4.11757,
            5.20134,
            6.39452,
            7.78185,
            9.51739,
            11.9452,
            16.1408,
            33.7446
        ],
        "mean_corrected_is_ppp": "(PPP$)",
        "uses": "GQ",
        "FGT2": 0.00736267,
        "mean_poor50_is_ppp": "(PPP$)",
        "PG": 0.0181368,
        "HC": 0.0901664,
        "poverty_uses": "GQ",
        "median_ppp": 431.946543974385,
        "poverty_uses_commentary": "(Both are valid and normal, but GQ fits better.)",
        "mean_corrected": -0.000199945,
        "Gini": 44.0956,
        "elasticity": {
            "HC_wrt_mean_C": -4.97138,
            "FGT2_wrt_mean_C": -2.92669,
            "HC_wrt_Gini": 47.761,
            "PG_wrt_Gini": 48.7618,
            "FGT2_wrt_Gini": 49.3316,
            "PG_wrt_mean_C": -3.97147
        },
        "Watt": "0.000191617",
        "median": 0.0863658,
        "mean_poor50": 0.0511604,
        "polarization": 40.2023,
        "median_is_ppp": "(PPP$)",
        "uses_commentary": "(Both are valid, but GQ fits better)",
        "MLD": 0.333272
    },
    "inputs": {
        "line_month_ppp": 57.7917,
        "mean_month_ppp": 613.007
    },
    "quadratic": {
        "summary": {
            "lorenz_validity": "Valid",
            "Z": {
                "high": 2543.75,
                "low": 99.8424
            },
            "sse_up_to_hcindex": 1.2493e-06,
            "poverty_normality": "Normal",
            "sse_fitted": 3.14439e-06
        },
        "inputs": {
            "line_month_ppp": 57.7917,
            "mean_month_ppp": 613.007
        },
        "dist": {
            "deciles": [
                2.06893,
                3.08783,
                4.11757,
                5.20134,
                6.39452,
                7.78185,
                9.51739,
                11.9452,
                16.1408,
                33.7446
            ],
            "mean_corrected_is_ppp": "(PPP$)",
            "mean_poor50": 0.0942498,
            "mean_poor50_is_ppp": "(PPP$)",
            "PG": 0.0,
            "HC": 0.0,
            "median_ppp": 431.946543974385,
            "median": 0.159107,
            "Gini": 44.0956,
            "elasticity": {
                "HC_wrt_mean_C": 0.0,
                "FGT2_wrt_mean_C": 0.0,
                "HC_wrt_Gini": 0.0,
                "PG_wrt_Gini": 0.0,
                "FGT2_wrt_Gini": 0.0,
                "PG_wrt_mean_C": 0.0
            },
            "Watt": "0",
            "mean_corrected": 0.126232,
            "FGT2": 0.0,
            "polarization": 40.2023,
            "median_is_ppp": "(PPP$)",
            "MLD": 0.333272
        },
        "reg": {
            "SSE": 5.874872e-06,
            "SST": 0.05822173,
            "R2": 0.9998991,
            "RMSE": 0.0009895177,
            "ymean": 0.1506002,
            "MSE": 9.791453e-07,
            "params": {
                "A": {
                    "coef": 0.874904,
                    "t": 131.175,
                    "se": 0.0066698
                },
                "B": {
                    "coef": -0.563045,
                    "t": -13.046,
                    "se": 0.043159
                },
                "C": {
                    "t": 16.1407,
                    "coef": 0.241194,
                    "se": 0.014943
                }
            }
        }
    },
    "dataset": {
        "source": "IRN_N1998X",
        "year": 1998,
        "coverage": "National",
        "timespan": "UnDefined",
        "iso3c": "IRN",
        "format": "Grouped",
        "country": "Iran, Islamic Republic of",
        "measure": "Consumption"
    },
    "summary": {
        "lorenz_validity": "Valid",
        "Z": {
            "high": 2543.75,
            "low": 99.8424
        },
        "sse_up_to_hcindex": 1.87182e-07,
        "poverty_normality": "Normal",
        "sse_fitted": 3.14439e-06
    },
    "lorenz": {
        "L": [
            0.01957157,
            0.0513704,
            0.09338639,
            0.1452897,
            0.2087864,
            0.2861481,
            0.3811085,
            0.5010782,
            0.6633697,
            1.0
        ],
        "index": [
            1,
            2,
            3,
            4,
            5,
            6,
            7,
            8,
            9,
            10
        ],
        "p": [
            0.1,
            0.2,
            0.3,
            0.4,
            0.5,
            0.6,
            0.7,
            0.8,
            0.9,
            1.0
        ]
    },
    "beta": {
        "implied": {
            "gamma": 0.9799442,
            "theta": 0.8037394,
            "delta": 0.4830684
        },
        "summary": {
            "lorenz_validity": "Valid",
            "Z": {
                "high": 2298.98,
                "low": 62.9873
            },
            "sse_up_to_hcindex": 1.87182e-07,
            "poverty_normality": "Normal",
            "sse_fitted": 1.6165e-05
        },
        "inputs": {
            "line_month_ppp": 57.7917,
            "mean_month_ppp": 613.007
        },
        "dist": {
            "deciles": [
                2.00042,
                3.09398,
                4.11366,
                5.20678,
                6.43073,
                7.85881,
                9.61937,
                11.9939,
                15.8478,
                33.8346
            ],
            "mean_corrected_is_ppp": "(PPP$)",
            "mean_poor50": 0.0941386,
            "mean_poor50_is_ppp": "(PPP$)",
            "PG": 0.0181368,
            "HC": 0.0901664,
            "median_ppp": 435.40506021233,
            "median": 0.160381,
            "Gini": 44.2482,
            "elasticity": {
                "HC_wrt_mean_C": -4.97138,
                "FGT2_wrt_mean_C": -2.92669,
                "HC_wrt_Gini": 47.761,
                "PG_wrt_Gini": 48.7618,
                "FGT2_wrt_Gini": 49.3316,
                "PG_wrt_mean_C": -3.97147
            },
            "Watt": "0.000191617",
            "mean_corrected": 0.125888,
            "FGT2": 0.00736267,
            "polarization": -117.853,
            "median_is_ppp": "(PPP$)",
            "MLD": 0.34077
        },
        "reg": {
            "SSE": 0.0002530858,
            "SST": 1.633156,
            "R2": 0.999845,
            "RMSE": 0.006494687,
            "ymean": -1.506165,
            "MSE": 4.218096e-05,
            "params": {
                "A": {
                    "coef": -0.21848,
                    "t": -21.2272,
                    "se": 0.010292
                },
                "B": {
                    "coef": 0.979944,
                    "t": 164.615,
                    "se": 0.0059529
                },
                "C": {
                    "t": 81.1479,
                    "coef": 0.483068,
                    "se": 0.0059529
                }
            }
        }
    }
}