{
    "dist": {
        "deciles": [
            2.84762,
            3.95595,
            5.00632,
            6.05773,
            7.16945,
            8.4196,
            9.93966,
            12.0131,
            15.5093,
            29.0813
        ],
        "mean_corrected_is_ppp": "(PPP$)",
        "uses": "GQ",
        "FGT2": 0.0101356,
        "mean_poor50_is_ppp": "(PPP$)",
        "PG": 0.0111356,
        "HC": 0.0176974,
        "poverty_uses": "GQ",
        "median_ppp": 721.719861995063,
        "poverty_uses_commentary": "(Both are valid and normal, but GQ fits better.)",
        "mean_corrected": -0.000199945,
        "Gini": 37.347,
        "elasticity": {
            "HC_wrt_mean_C": -1.73035,
            "FGT2_wrt_mean_C": -0.197325,
            "HC_wrt_Gini": 26.1052,
            "PG_wrt_Gini": 24.9767,
            "FGT2_wrt_Gini": 35.1502,
            "PG_wrt_mean_C": -0.589267
        },
        "Watt": "0",
        "median": 0.144305,
        "mean_poor50": 0.0930798,
        "polarization": 32.4065,
        "median_is_ppp": "(PPP$)",
        "uses_commentary": "(Both are valid, but GQ fits better)",
        "MLD": 0.232122
    },
    "inputs": {
        "line_month_ppp": 57.7917,
        "mean_month_ppp": 929.673
    },
    "quadratic": {
        "summary": {
            "lorenz_validity": "Valid",
            "Z": {
                "high": 3301.36,
                "low": 214.938
            },
            "sse_up_to_hcindex": 2.83979e-06,
            "poverty_normality": "Normal",
            "sse_fitted": 1.26899e-05
        },
        "inputs": {
            "line_month_ppp": 57.7917,
            "mean_month_ppp": 929.673
        },
        "dist": {
            "deciles": [
                2.84762,
                3.95595,
                5.00632,
                6.05773,
                7.16945,
                8.4196,
                9.93966,
                12.0131,
                15.5093,
                29.0813
            ],
            "mean_corrected_is_ppp": "(PPP$)",
            "mean_poor50": 0.171476,
            "mean_poor50_is_ppp": "(PPP$)",
            "PG": 0.0,
            "HC": 0.0,
            "median_ppp": 721.719861995063,
            "median": 0.265844,
            "Gini": 37.347,
            "elasticity": {
                "HC_wrt_mean_C": 0.0,
                "FGT2_wrt_mean_C": 0.0,
                "HC_wrt_Gini": 0.0,
                "PG_wrt_Gini": 0.0,
                "FGT2_wrt_Gini": 0.0,
                "PG_wrt_mean_C": 0.0
            },
            "Watt": "0",
            "mean_corrected": 0.214551,
            "FGT2": 0.0,
            "polarization": 32.4065,
            "median_is_ppp": "(PPP$)",
            "MLD": 0.232122
        },
        "reg": {
            "SSE": 1.206269e-05,
            "SST": 0.1160244,
            "R2": 0.999896,
            "RMSE": 0.0008682847,
            "ymean": 0.155748,
            "MSE": 7.539182e-07,
            "params": {
                "A": {
                    "coef": 0.865366,
                    "t": 174.907,
                    "se": 0.0049476
                },
                "B": {
                    "coef": -0.997456,
                    "t": -42.2096,
                    "se": 0.023631
                },
                "C": {
                    "t": 22.2605,
                    "coef": 0.252932,
                    "se": 0.011362
                }
            }
        }
    },
    "dataset": {
        "source": "IRN_N2013X",
        "year": 2013,
        "coverage": "National",
        "timespan": "UnDefined",
        "iso3c": "IRN",
        "format": "Grouped",
        "country": "Iran, Islamic Republic of",
        "measure": "Consumption"
    },
    "summary": {
        "lorenz_validity": "Valid",
        "Z": {
            "high": 3301.36,
            "low": 214.938
        },
        "sse_up_to_hcindex": 2.85983e-07,
        "poverty_normality": "Normal",
        "sse_fitted": 1.26899e-05
    },
    "lorenz": {
        "L": [
            0.01110496,
            0.02712392,
            0.04621891,
            0.0679451,
            0.09214223,
            0.1187841,
            0.1478732,
            0.1794802,
            0.2135157,
            0.2504664,
            0.290511,
            0.3341069,
            0.381444,
            0.4334044,
            0.4904561,
            0.5537842,
            0.6258031,
            0.7102511,
            0.8160962,
            1.0
        ],
        "index": [
            1,
            2,
            3,
            4,
            5,
            6,
            7,
            8,
            9,
            10,
            11,
            12,
            13,
            14,
            15,
            16,
            17,
            18,
            19,
            20
        ],
        "p": [
            0.05,
            0.1,
            0.15,
            0.2,
            0.25,
            0.3,
            0.35,
            0.4001,
            0.45,
            0.5,
            0.55,
            0.6001,
            0.65,
            0.7,
            0.75,
            0.8,
            0.85,
            0.9,
            0.95,
            1.0
        ]
    },
    "beta": {
        "implied": {
            "gamma": 0.96196,
            "theta": 0.7033699,
            "delta": 0.5280639
        },
        "summary": {
            "lorenz_validity": "Valid",
            "Z": {
                "high": 2991.59,
                "low": 116.483
            },
            "sse_up_to_hcindex": 2.85983e-07,
            "poverty_normality": "Normal",
            "sse_fitted": 7.39391e-05
        },
        "inputs": {
            "line_month_ppp": 57.7917,
            "mean_month_ppp": 929.673
        },
        "dist": {
            "deciles": [
                2.73792,
                3.96893,
                4.99542,
                6.0528,
                7.2045,
                8.5166,
                10.096,
                12.1695,
                15.4173,
                28.841
            ],
            "mean_corrected_is_ppp": "(PPP$)",
            "mean_poor50": 0.170945,
            "mean_poor50_is_ppp": "(PPP$)",
            "PG": 0.0111356,
            "HC": 0.0176974,
            "median_ppp": 727.656147937537,
            "median": 0.268031,
            "Gini": 37.3917,
            "elasticity": {
                "HC_wrt_mean_C": -1.73035,
                "FGT2_wrt_mean_C": -0.197325,
                "HC_wrt_Gini": 26.1052,
                "PG_wrt_Gini": 24.9767,
                "FGT2_wrt_Gini": 35.1502,
                "PG_wrt_mean_C": -0.589267
            },
            "Watt": "Invalid",
            "mean_corrected": 0.214398,
            "FGT2": 0.0101356,
            "polarization": -127.831,
            "median_is_ppp": "(PPP$)",
            "MLD": 0.237467
        },
        "reg": {
            "SSE": 0.002143282,
            "SST": 4.783902,
            "R2": 0.999552,
            "RMSE": 0.0115739,
            "ymean": -1.730451,
            "MSE": 0.0001339551,
            "params": {
                "A": {
                    "coef": -0.351872,
                    "t": -35.6109,
                    "se": 0.009881
                },
                "B": {
                    "coef": 0.96196,
                    "t": 176.653,
                    "se": 0.0054455
                },
                "C": {
                    "t": 96.9716,
                    "coef": 0.528064,
                    "se": 0.0054456
                }
            }
        }
    }
}