{
    "dataset": {
        "source": "ISR_N2001Y",
        "timespan": "UnDefined",
        "coverage": "National",
        "year": 2001,
        "iso3c": "ISR",
        "format": "Unit record",
        "country": "Israel",
        "measure": "Income"
    },
    "lorenz": {
        "L": [
            0.0078069,
            0.0215,
            0.038014,
            0.05713,
            0.078994,
            0.10367,
            0.13109,
            0.16172,
            0.19614,
            0.23388,
            0.27504,
            0.32042,
            0.37035,
            0.42484,
            0.48464,
            0.55078,
            0.62587,
            0.71219,
            0.81732,
            1.0
        ],
        "index": [
            0,
            1,
            2,
            3,
            4,
            5,
            6,
            7,
            8,
            9,
            10,
            11,
            12,
            13,
            14,
            15,
            16,
            17,
            18,
            19
        ],
        "p": [
            0.050241,
            0.10021,
            0.15026,
            0.20018,
            0.2503,
            0.30032,
            0.35009,
            0.40006,
            0.45009,
            0.50005,
            0.55005,
            0.60012,
            0.6501,
            0.70007,
            0.75013,
            0.80007,
            0.85006,
            0.90012,
            0.95003,
            1.0
        ]
    },
    "dist": {
        "deciles": [
            2.1442,
            3.5617,
            4.6451,
            5.817,
            7.2166,
            8.6462,
            10.445,
            12.593,
            16.13,
            28.801
        ],
        "Gini": 0.391976,
        "Watt": 0.0,
        "MLD": 0.279742,
        "FGT2": 0.132042,
        "PG": 0.0210007,
        "HC": 0.00334007,
        "median_ppp": 651.859
    },
    "sample": {
        "mean_month_lcu": 2797.98,
        "effective_pop_wealth": 65521.6,
        "month_min": -241.512,
        "mean_month_ppp": 829.03,
        "month_max": 6402.42,
        "month_max_is_ppp": "(PPP$)",
        "month_min_is_ppp": "(PPP$)",
        "N": 300,
        "effective_pop_wealth_is_ppp": "(PPP$)",
        "effective_pop_N": 99.998
    },
    "inputs": {
        "line_month_lcu": 195.047,
        "line_day_ppp": 1.9,
        "ppp": 4.27023,
        "line_month_ppp": 57.7917
    }
}