{
    "dataset": {
        "source": "ISR_N1992Y",
        "timespan": "UnDefined",
        "coverage": "National",
        "year": 1992,
        "iso3c": "ISR",
        "format": "Unit record",
        "country": "Israel",
        "measure": "Income"
    },
    "lorenz": {
        "L": [
            0.011623,
            0.027912,
            0.047249,
            0.069369,
            0.093849,
            0.12125,
            0.15096,
            0.18381,
            0.21942,
            0.25816,
            0.30049,
            0.34636,
            0.39628,
            0.45041,
            0.50995,
            0.57558,
            0.64824,
            0.73132,
            0.83246,
            1.0
        ],
        "index": [
            0,
            1,
            2,
            3,
            4,
            5,
            6,
            7,
            8,
            9,
            10,
            11,
            12,
            13,
            14,
            15,
            16,
            17,
            18,
            19
        ],
        "p": [
            0.05001,
            0.10008,
            0.15019,
            0.2002,
            0.25006,
            0.30049,
            0.35008,
            0.40017,
            0.45003,
            0.50002,
            0.55003,
            0.60006,
            0.65016,
            0.70002,
            0.75002,
            0.80001,
            0.85001,
            0.90019,
            0.95002,
            1.0
        ]
    },
    "dist": {
        "deciles": [
            2.7886,
            4.1395,
            5.1701,
            6.2717,
            7.445,
            8.8159,
            10.408,
            12.518,
            15.544,
            26.899
        ],
        "Gini": 0.35505,
        "Watt": 0.0,
        "MLD": 0.211706,
        "FGT2": 0.0,
        "PG": 0.0,
        "HC": 0.0,
        "median_ppp": 564.383
    },
    "sample": {
        "mean_month_lcu": 1254.38,
        "effective_pop_wealth": 29375.1,
        "month_min": 28.9551,
        "mean_month_ppp": 701.22,
        "month_max": 2254.27,
        "month_max_is_ppp": "(PPP$)",
        "month_min_is_ppp": "(PPP$)",
        "N": 300,
        "effective_pop_wealth_is_ppp": "(PPP$)",
        "effective_pop_N": 100.0
    },
    "inputs": {
        "line_month_lcu": 103.381,
        "line_day_ppp": 1.9,
        "ppp": 4.27023,
        "line_month_ppp": 57.7917
    }
}