{
    "dataset": {
        "source": "ISR_N2005Y",
        "timespan": "UnDefined",
        "coverage": "National",
        "year": 2005,
        "iso3c": "ISR",
        "format": "Unit record",
        "country": "Israel",
        "measure": "Income"
    },
    "lorenz": {
        "L": [
            0.0059314,
            0.016782,
            0.030539,
            0.047503,
            0.06724,
            0.09014,
            0.1167,
            0.14636,
            0.1791,
            0.21549,
            0.25608,
            0.30055,
            0.34999,
            0.40504,
            0.4657,
            0.5333,
            0.61024,
            0.69977,
            0.81015,
            1.0
        ],
        "index": [
            0,
            1,
            2,
            3,
            4,
            5,
            6,
            7,
            8,
            9,
            10,
            11,
            12,
            13,
            14,
            15,
            16,
            17,
            18,
            19
        ],
        "p": [
            0.05012,
            0.10028,
            0.15001,
            0.20011,
            0.25008,
            0.30003,
            0.35008,
            0.40004,
            0.45036,
            0.50005,
            0.55014,
            0.60004,
            0.65002,
            0.70018,
            0.75011,
            0.80005,
            0.85024,
            0.90003,
            0.95004,
            1.0
        ]
    },
    "dist": {
        "deciles": [
            1.6722,
            3.0745,
            4.266,
            5.6208,
            6.9126,
            8.5053,
            10.432,
            12.839,
            16.648,
            30.028
        ],
        "Gini": 0.418628,
        "Watt": 0.00401106,
        "MLD": 0.335623,
        "FGT2": 0.0377209,
        "PG": 0.0135338,
        "HC": 0.00668993,
        "median_ppp": 640.124
    },
    "sample": {
        "mean_month_lcu": 3006.04,
        "effective_pop_wealth": 70395.8,
        "month_min": -108.201,
        "mean_month_ppp": 829.611,
        "month_max": 7817.68,
        "month_max_is_ppp": "(PPP$)",
        "month_min_is_ppp": "(PPP$)",
        "N": 300,
        "effective_pop_wealth_is_ppp": "(PPP$)",
        "effective_pop_N": 100.001
    },
    "inputs": {
        "line_month_lcu": 209.404,
        "line_day_ppp": 1.9,
        "ppp": 4.27023,
        "line_month_ppp": 57.7917
    }
}