{
    "dataset": {
        "source": "ISR_N1986Y",
        "timespan": "UnDefined",
        "coverage": "National",
        "year": 1986,
        "iso3c": "ISR",
        "format": "Unit record",
        "country": "Israel",
        "measure": "Income"
    },
    "lorenz": {
        "L": [
            0.010551,
            0.025527,
            0.043847,
            0.064951,
            0.088568,
            0.11462,
            0.14351,
            0.17566,
            0.21125,
            0.24993,
            0.29138,
            0.33768,
            0.38801,
            0.44336,
            0.50342,
            0.57032,
            0.64536,
            0.73133,
            0.83642,
            1.0
        ],
        "index": [
            0,
            1,
            2,
            3,
            4,
            5,
            6,
            7,
            8,
            9,
            10,
            11,
            12,
            13,
            14,
            15,
            16,
            17,
            18,
            19
        ],
        "p": [
            0.050169,
            0.10005,
            0.15011,
            0.2001,
            0.25013,
            0.30011,
            0.35019,
            0.40005,
            0.45013,
            0.50041,
            0.55011,
            0.60039,
            0.65013,
            0.7004,
            0.75001,
            0.80001,
            0.85009,
            0.90008,
            0.95005,
            1.0
        ]
    },
    "dist": {
        "deciles": [
            2.5513,
            3.9395,
            4.9654,
            6.1072,
            7.3983,
            8.77,
            10.561,
            12.738,
            16.088,
            26.881
        ],
        "Gini": 0.364857,
        "Watt": 0.000986521,
        "MLD": 0.226177,
        "FGT2": 0.00021339,
        "PG": 0.000858006,
        "HC": 0.0034499,
        "median_ppp": 472.918
    },
    "sample": {
        "mean_month_lcu": 406079.0,
        "effective_pop_wealth": 9509810.0,
        "month_min": 6955.59,
        "mean_month_ppp": 593.609,
        "month_max": 662449.0,
        "month_max_is_ppp": "(PPP$)",
        "month_min_is_ppp": "(PPP$)",
        "N": 300,
        "effective_pop_wealth_is_ppp": "(PPP$)",
        "effective_pop_N": 100.003
    },
    "inputs": {
        "line_month_lcu": 39534.4,
        "line_day_ppp": 1.9,
        "ppp": 4.27023,
        "line_month_ppp": 57.7917
    }
}