{
    "dataset": {
        "source": "ISR_N1997Y",
        "timespan": "UnDefined",
        "coverage": "National",
        "year": 1997,
        "iso3c": "ISR",
        "format": "Unit record",
        "country": "Israel",
        "measure": "Income"
    },
    "lorenz": {
        "L": [
            0.0096273,
            0.024298,
            0.04157,
            0.061432,
            0.083848,
            0.10925,
            0.1374,
            0.16856,
            0.20295,
            0.24111,
            0.28258,
            0.32812,
            0.37734,
            0.43091,
            0.49028,
            0.55677,
            0.63171,
            0.71816,
            0.82313,
            1.0
        ],
        "index": [
            0,
            1,
            2,
            3,
            4,
            5,
            6,
            7,
            8,
            9,
            10,
            11,
            12,
            13,
            14,
            15,
            16,
            17,
            18,
            19
        ],
        "p": [
            0.050024,
            0.10039,
            0.15032,
            0.20031,
            0.25005,
            0.30017,
            0.35018,
            0.40012,
            0.45019,
            0.50069,
            0.55025,
            0.60025,
            0.65018,
            0.70008,
            0.75008,
            0.80014,
            0.8501,
            0.90008,
            0.95002,
            1.0
        ]
    },
    "dist": {
        "deciles": [
            2.4185,
            3.7126,
            4.7852,
            5.9319,
            7.2109,
            8.7303,
            10.294,
            12.575,
            16.144,
            28.198
        ],
        "Gini": 0.380972,
        "Watt": 0.00291864,
        "MLD": 0.25086,
        "FGT2": 0.00111073,
        "PG": 0.00199974,
        "HC": 0.00360029,
        "median_ppp": 580.717
    },
    "sample": {
        "mean_month_lcu": 2176.01,
        "effective_pop_wealth": 50953.5,
        "month_min": 17.9046,
        "mean_month_ppp": 731.205,
        "month_max": 4541.17,
        "month_max_is_ppp": "(PPP$)",
        "month_min_is_ppp": "(PPP$)",
        "N": 300,
        "effective_pop_wealth_is_ppp": "(PPP$)",
        "effective_pop_N": 99.992
    },
    "inputs": {
        "line_month_lcu": 171.983,
        "line_day_ppp": 1.9,
        "ppp": 4.27023,
        "line_month_ppp": 57.7917
    }
}