{
    "dataset": {
        "source": "ISR_N1979Y",
        "timespan": "UnDefined",
        "coverage": "National",
        "year": 1979,
        "iso3c": "ISR",
        "format": "Unit record",
        "country": "Israel",
        "measure": "Income"
    },
    "lorenz": {
        "L": [
            0.011559,
            0.027336,
            0.045659,
            0.066832,
            0.090563,
            0.11702,
            0.14644,
            0.17745,
            0.21266,
            0.25073,
            0.29253,
            0.33857,
            0.38865,
            0.44411,
            0.50477,
            0.57191,
            0.64609,
            0.7314,
            0.83324,
            1.0
        ],
        "index": [
            0,
            1,
            2,
            3,
            4,
            5,
            6,
            7,
            8,
            9,
            10,
            11,
            12,
            13,
            14,
            15,
            16,
            17,
            18,
            19
        ],
        "p": [
            0.051222,
            0.10152,
            0.15045,
            0.20033,
            0.2504,
            0.30036,
            0.3509,
            0.40013,
            0.45061,
            0.5003,
            0.55008,
            0.60004,
            0.65003,
            0.70016,
            0.75014,
            0.8003,
            0.85038,
            0.90052,
            0.95048,
            1.0
        ]
    },
    "dist": {
        "deciles": [
            2.6858,
            3.9835,
            5.0133,
            6.0541,
            7.3133,
            8.8027,
            10.541,
            12.757,
            15.901,
            26.948
        ],
        "Gini": 0.363306,
        "Watt": 0.0,
        "MLD": 0.222082,
        "FGT2": 0.0,
        "PG": 0.0,
        "HC": 0.0,
        "median_ppp": 471675.0
    },
    "sample": {
        "mean_month_lcu": 525.776,
        "effective_pop_wealth": 12312.1,
        "month_min": 15.4275,
        "mean_month_ppp": 591837.0,
        "month_max": 1047.68,
        "month_max_is_ppp": "(PPP$)",
        "month_min_is_ppp": "(PPP$)",
        "N": 300,
        "effective_pop_wealth_is_ppp": "(PPP$)",
        "effective_pop_N": 99.996
    },
    "inputs": {
        "line_month_lcu": 0.0513409,
        "line_day_ppp": 1.9,
        "ppp": 4.27023,
        "line_month_ppp": 57.7917
    }
}