{
    "dist": {
        "deciles": [
            2.71779,
            4.07752,
            5.26691,
            6.39134,
            7.53027,
            8.76863,
            10.2338,
            12.1871,
            15.4127,
            27.414
        ],
        "mean_corrected_is_ppp": "(PPP$)",
        "uses": "GQ",
        "FGT2": 1.12509,
        "mean_poor50_is_ppp": "(PPP$)",
        "PG": 2.55924,
        "HC": 9.7534,
        "poverty_uses": "GQ",
        "median_ppp": 134.034095798191,
        "poverty_uses_commentary": "(Both are valid and normal, but GQ fits better.)",
        "mean_corrected": -0.0157842,
        "Gini": 35.6734,
        "elasticity": {
            "HC_wrt_mean_C": -2.70482,
            "FGT2_wrt_mean_C": -2.54941,
            "HC_wrt_Gini": 5.01648,
            "PG_wrt_Gini": 8.06815,
            "FGT2_wrt_Gini": 10.4375,
            "PG_wrt_mean_C": -2.81105
        },
        "Watt": "0.0316993",
        "median": 2.11562,
        "mean_poor50": 1.35323,
        "polarization": 30.4238,
        "median_is_ppp": "(PPP$)",
        "uses_commentary": "(Both are valid, but GQ fits better)",
        "MLD": 0.216053
    },
    "inputs": {
        "line_month_ppp": 57.7917,
        "mean_month_ppp": 164.975
    },
    "quadratic": {
        "summary": {
            "lorenz_validity": "Valid",
            "Z": {
                "high": 544.778,
                "low": 36.3056
            },
            "sse_up_to_hcindex": 5.85306e-06,
            "poverty_normality": "Normal",
            "sse_fitted": 1.92724e-05
        },
        "inputs": {
            "line_month_ppp": 57.7917,
            "mean_month_ppp": 164.975
        },
        "dist": {
            "deciles": [
                2.71779,
                4.07752,
                5.26691,
                6.39134,
                7.53027,
                8.76863,
                10.2338,
                12.1871,
                15.4127,
                27.414
            ],
            "mean_corrected_is_ppp": "(PPP$)",
            "mean_poor50": 1.35323,
            "mean_poor50_is_ppp": "(PPP$)",
            "PG": 2.24626,
            "HC": 10.4891,
            "median_ppp": 134.034095798191,
            "median": 2.11562,
            "Gini": 35.6734,
            "elasticity": {
                "HC_wrt_mean_C": -2.5033,
                "FGT2_wrt_mean_C": -4.87056,
                "HC_wrt_Gini": 4.64273,
                "PG_wrt_Gini": 9.66043,
                "FGT2_wrt_Gini": 14.7424,
                "PG_wrt_mean_C": -3.66959
            },
            "Watt": "0.0273385",
            "mean_corrected": 1.67506,
            "FGT2": 0.653879,
            "polarization": 30.4238,
            "median_is_ppp": "(PPP$)",
            "MLD": 0.216053
        },
        "reg": {
            "SSE": 1.280004e-05,
            "SST": 0.1170453,
            "R2": 0.9998906,
            "RMSE": 0.0008944287,
            "ymean": 0.1560505,
            "MSE": 8.000028e-07,
            "params": {
                "A": {
                    "coef": 0.945069,
                    "t": 181.884,
                    "se": 0.005196
                },
                "B": {
                    "coef": -1.23623,
                    "t": -60.8379,
                    "se": 0.02032
                },
                "C": {
                    "t": 16.4023,
                    "coef": 0.170762,
                    "se": 0.010411
                }
            }
        }
    },
    "dataset": {
        "source": "JAM_N1993X",
        "year": 1993,
        "coverage": "National",
        "timespan": "UnDefined",
        "iso3c": "JAM",
        "format": "Grouped",
        "country": "Jamaica",
        "measure": "Consumption"
    },
    "summary": {
        "lorenz_validity": "Valid",
        "Z": {
            "high": 544.778,
            "low": 36.3056
        },
        "sse_up_to_hcindex": 1.58402e-07,
        "poverty_normality": "Normal",
        "sse_fitted": 1.92724e-05
    },
    "lorenz": {
        "L": [
            0.009917768,
            0.02576926,
            0.04522669,
            0.06772217,
            0.09314776,
            0.1212654,
            0.1521459,
            0.1854842,
            0.2213023,
            0.2602083,
            0.3019695,
            0.3468966,
            0.3955962,
            0.4487981,
            0.5068745,
            0.5712975,
            0.6443809,
            0.7281057,
            0.8286812,
            1.0
        ],
        "index": [
            1,
            2,
            3,
            4,
            5,
            6,
            7,
            8,
            9,
            10,
            11,
            12,
            13,
            14,
            15,
            16,
            17,
            18,
            19,
            20
        ],
        "p": [
            0.05,
            0.1,
            0.15,
            0.2,
            0.25,
            0.3,
            0.35,
            0.4,
            0.45,
            0.5,
            0.55,
            0.6,
            0.65,
            0.7,
            0.75,
            0.8,
            0.85,
            0.9,
            0.95,
            1.0
        ]
    },
    "beta": {
        "implied": {
            "gamma": 0.9356668,
            "theta": 0.6756613,
            "delta": 0.5515703
        },
        "summary": {
            "lorenz_validity": "Valid",
            "Z": {
                "high": 497.567,
                "low": 6.50541
            },
            "sse_up_to_hcindex": 1.58402e-07,
            "poverty_normality": "Normal",
            "sse_fitted": 4.28462e-05
        },
        "inputs": {
            "line_month_ppp": 57.7917,
            "mean_month_ppp": 164.975
        },
        "dist": {
            "deciles": [
                2.60695,
                4.1413,
                5.261,
                6.36235,
                7.52791,
                8.82728,
                10.3624,
                12.3413,
                15.3768,
                27.1927
            ],
            "mean_corrected_is_ppp": "(PPP$)",
            "mean_poor50": 1.34884,
            "mean_poor50_is_ppp": "(PPP$)",
            "PG": 2.55924,
            "HC": 9.7534,
            "median_ppp": 134.431516989979,
            "median": 2.1219,
            "Gini": 35.7234,
            "elasticity": {
                "HC_wrt_mean_C": -2.70482,
                "FGT2_wrt_mean_C": -2.54941,
                "HC_wrt_Gini": 5.01648,
                "PG_wrt_Gini": 8.06815,
                "FGT2_wrt_Gini": 10.4375,
                "PG_wrt_mean_C": -2.81105
            },
            "Watt": "0.0316993",
            "mean_corrected": 1.67376,
            "FGT2": 1.12509,
            "polarization": -128.623,
            "median_is_ppp": "(PPP$)",
            "MLD": 0.220735
        },
        "reg": {
            "SSE": 0.001111352,
            "SST": 4.345753,
            "R2": 0.9997443,
            "RMSE": 0.008334236,
            "ymean": -1.768073,
            "MSE": 6.945949e-05,
            "params": {
                "A": {
                    "coef": -0.392063,
                    "t": -55.102,
                    "se": 0.0071152
                },
                "B": {
                    "coef": 0.935667,
                    "t": 238.614,
                    "se": 0.0039213
                },
                "C": {
                    "t": 140.662,
                    "coef": 0.55157,
                    "se": 0.0039213
                }
            }
        }
    }
}