{
    "dist": {
        "deciles": [
            1.24306,
            2.14671,
            2.93396,
            3.78521,
            4.76598,
            5.96043,
            7.52137,
            9.80173,
            13.972,
            47.8696
        ],
        "mean_corrected_is_ppp": "(PPP$)",
        "uses": "Beta",
        "FGT2": 3.82416,
        "mean_poor50_is_ppp": "(PPP$)",
        "PG": 7.93191,
        "HC": 23.0816,
        "poverty_uses": "Beta",
        "median_ppp": 110.644112596815,
        "poverty_uses_commentary": "(GQ is invalid.)",
        "mean_corrected": -0.028225,
        "Gini": 57.461,
        "elasticity": {
            "HC_wrt_mean_C": -1.51684,
            "FGT2_wrt_mean_C": -2.14831,
            "HC_wrt_Gini": 3.94363,
            "PG_wrt_Gini": 8.56561,
            "FGT2_wrt_Gini": 12.7852,
            "PG_wrt_mean_C": -1.90997
        },
        "Watt": "0.116912",
        "median": 3.12293,
        "mean_poor50": 1.74692,
        "polarization": -113.685,
        "median_is_ppp": "(PPP$)",
        "uses_commentary": "(GQ lorenz curves is invalid)",
        "MLD": 0.597021
    },
    "inputs": {
        "line_month_ppp": 57.7917,
        "mean_month_ppp": 208.044
    },
    "quadratic": {
        "summary": {
            "lorenz_validity": "Invalid",
            "Z": {
                "high": 773.36,
                "low": 25.94
            },
            "sse_up_to_hcindex": 3.58495e-06,
            "poverty_normality": "Normal",
            "sse_fitted": 2.65057e-05
        },
        "reg": {
            "SSE": 3.547573e-05,
            "SST": 0.06152898,
            "R2": 0.9994234,
            "RMSE": 0.002431588,
            "ymean": 0.130597,
            "MSE": 5.912622e-06,
            "params": {
                "A": {
                    "coef": 0.615312,
                    "t": 42.2713,
                    "se": 0.014556
                },
                "B": {
                    "coef": 0.0863936,
                    "t": 0.724946,
                    "se": 0.11917
                },
                "C": {
                    "t": 7.38722,
                    "coef": 0.199195,
                    "se": 0.026965
                }
            }
        },
        "dist": {
            "PG": 7.6666,
            "HC": 23.9031,
            "elasticity": {
                "HC_wrt_mean_C": -1.45174,
                "FGT2_wrt_mean_C": -2.75098,
                "HC_wrt_Gini": 3.77436,
                "PG_wrt_Gini": 9.10602,
                "FGT2_wrt_Gini": 14.3521,
                "PG_wrt_mean_C": -2.11782
            },
            "Watt": "0.106621",
            "FGT2": 3.22737
        },
        "inputs": {
            "line_month_ppp": 57.7917,
            "mean_month_ppp": 208.044
        }
    },
    "dataset": {
        "source": "KEN_N1992X",
        "year": 1992,
        "coverage": "National",
        "timespan": "UnDefined",
        "iso3c": "KEN",
        "format": "Grouped",
        "country": "Kenya",
        "measure": "Consumption"
    },
    "summary": {
        "lorenz_validity": "Valid",
        "Z": {
            "high": 957.706,
            "low": 7.15015
        },
        "sse_up_to_hcindex": 9.28482e-07,
        "poverty_normality": "Normal",
        "sse_fitted": 1.808e-05
    },
    "lorenz": {
        "L": [
            0.01208828,
            0.03441307,
            0.06397603,
            0.1017231,
            0.1491335,
            0.2083083,
            0.2818985,
            0.378568,
            0.5234761,
            1.0
        ],
        "index": [
            1,
            2,
            3,
            4,
            5,
            6,
            7,
            8,
            9,
            10
        ],
        "p": [
            0.1,
            0.2,
            0.3,
            0.4,
            0.5,
            0.6,
            0.7,
            0.8,
            0.9,
            1.0
        ]
    },
    "beta": {
        "implied": {
            "gamma": 0.9762126,
            "theta": 0.8565243,
            "delta": 0.3097804
        },
        "summary": {
            "lorenz_validity": "Valid",
            "Z": {
                "high": 957.706,
                "low": 7.15015
            },
            "sse_up_to_hcindex": 9.28482e-07,
            "poverty_normality": "Normal",
            "sse_fitted": 1.808e-05
        },
        "inputs": {
            "line_month_ppp": 57.7917,
            "mean_month_ppp": 208.044
        },
        "dist": {
            "deciles": [
                1.24306,
                2.14671,
                2.93396,
                3.78521,
                4.76598,
                5.96043,
                7.52137,
                9.80173,
                13.972,
                47.8696
            ],
            "mean_corrected_is_ppp": "(PPP$)",
            "mean_poor50": 1.74692,
            "mean_poor50_is_ppp": "(PPP$)",
            "PG": 7.93191,
            "HC": 23.0816,
            "median_ppp": 110.644112596815,
            "median": 3.12293,
            "Gini": 57.461,
            "elasticity": {
                "HC_wrt_mean_C": -1.51684,
                "FGT2_wrt_mean_C": -2.14831,
                "HC_wrt_Gini": 3.94363,
                "PG_wrt_Gini": 8.56561,
                "FGT2_wrt_Gini": 12.7852,
                "PG_wrt_mean_C": -1.90997
            },
            "Watt": "0.116912",
            "mean_corrected": 2.49791,
            "FGT2": 3.82416,
            "polarization": -113.685,
            "median_is_ppp": "(PPP$)",
            "MLD": 0.597021
        },
        "reg": {
            "SSE": 0.0001410317,
            "SST": 2.228673,
            "R2": 0.9999367,
            "RMSE": 0.004848225,
            "ymean": -1.286752,
            "MSE": 2.350529e-05,
            "params": {
                "A": {
                    "coef": -0.154873,
                    "t": -20.1573,
                    "se": 0.0076832
                },
                "B": {
                    "coef": 0.976213,
                    "t": 219.679,
                    "se": 0.0044438
                },
                "C": {
                    "t": 69.7105,
                    "coef": 0.30978,
                    "se": 0.0044438
                }
            }
        }
    }
}