{
    "dist": {
        "deciles": [
            4.6017,
            5.5055,
            6.37533,
            7.25374,
            8.18548,
            9.23015,
            10.4862,
            12.1554,
            14.7935,
            21.413
        ],
        "mean_corrected_is_ppp": "(PPP$)",
        "uses": "GQ",
        "FGT2": 0.0396626,
        "mean_poor50_is_ppp": "(PPP$)",
        "PG": 0.446224,
        "HC": 6.72933,
        "poverty_uses": "GQ",
        "median_ppp": 105.295683858148,
        "poverty_uses_commentary": "(Beta is invalid and abnormal.)",
        "mean_corrected": -0.0570193,
        "Gini": 26.0101,
        "elasticity": {
            "HC_wrt_mean_C": -7.69183,
            "FGT2_wrt_mean_C": -20.501,
            "HC_wrt_Gini": 8.44881,
            "PG_wrt_Gini": 17.5647,
            "FGT2_wrt_Gini": 26.7154,
            "PG_wrt_mean_C": -14.0806
        },
        "Watt": "0.00477089",
        "median": 6.00389,
        "mean_poor50": 4.41464,
        "polarization": 23.3716,
        "median_is_ppp": "(PPP$)",
        "uses_commentary": "(Beta lorenz curves is invalid)",
        "MLD": 0.107233
    },
    "lorenz": {
        "L": [
            0.2160483,
            0.4122243,
            0.7276587,
            0.8839201,
            1.0
        ],
        "index": [
            1,
            2,
            3,
            4,
            5
        ],
        "p": [
            0.371,
            0.602,
            0.862,
            0.954,
            1.0
        ]
    },
    "quadratic": {
        "summary": {
            "lorenz_validity": "Valid",
            "Z": {
                "high": 296.88,
                "low": 54.1616
            },
            "sse_up_to_hcindex": 4.19584e-07,
            "poverty_normality": "Normal",
            "sse_fitted": 1.28024e-05
        },
        "inputs": {
            "line_month_ppp": 57.7917,
            "mean_month_ppp": 121.271
        },
        "dist": {
            "deciles": [
                4.6017,
                5.5055,
                6.37533,
                7.25374,
                8.18548,
                9.23015,
                10.4862,
                12.1554,
                14.7935,
                21.413
            ],
            "mean_corrected_is_ppp": "(PPP$)",
            "mean_poor50": 4.41464,
            "mean_poor50_is_ppp": "(PPP$)",
            "PG": 0.446224,
            "HC": 6.72933,
            "median_ppp": 105.295683858148,
            "median": 6.00389,
            "Gini": 26.0101,
            "elasticity": {
                "HC_wrt_mean_C": -7.69183,
                "FGT2_wrt_mean_C": -20.501,
                "HC_wrt_Gini": 8.44881,
                "PG_wrt_Gini": 17.5647,
                "FGT2_wrt_Gini": 26.7154,
                "PG_wrt_mean_C": -14.0806
            },
            "Watt": "0.00477089",
            "mean_corrected": 5.11624,
            "FGT2": 0.0396626,
            "polarization": 23.3716,
            "median_is_ppp": "(PPP$)",
            "MLD": 0.107233
        },
        "reg": {
            "SSE": 5.651693e-06,
            "SST": 0.01029955,
            "R2": 0.9994513,
            "RMSE": 0.002377329,
            "ymean": 0.1781109,
            "MSE": 5.651693e-06,
            "params": {
                "A": {
                    "coef": 0.863486,
                    "t": 10.8354,
                    "se": 0.079691
                },
                "B": {
                    "coef": -1.23943,
                    "t": -4.68385,
                    "se": 0.26462
                },
                "C": {
                    "t": 2.15791,
                    "coef": 0.43844,
                    "se": 0.20318
                }
            }
        }
    },
    "dataset": {
        "source": "KGZ_N1988Y",
        "year": 1988,
        "coverage": "National",
        "timespan": "UnDefined",
        "iso3c": "KGZ",
        "format": "Grouped",
        "country": "Kyrgyz Republic",
        "measure": "Income"
    },
    "summary": {
        "lorenz_validity": "Valid",
        "Z": {
            "high": 296.88,
            "low": 54.1616
        },
        "sse_up_to_hcindex": 4.19584e-07,
        "poverty_normality": "Normal",
        "sse_fitted": 1.28024e-05
    },
    "inputs": {
        "line_month_ppp": 57.7917,
        "mean_month_ppp": 121.271
    },
    "beta": {
        "implied": {
            "theta": 0.6185397,
            "gamma": 1.073218,
            "delta": 0.6907782
        },
        "summary": {
            "lorenz_validity": "Invalid",
            "Z": {
                "high": 281.864,
                "low": 76.7891
            },
            "sse_up_to_hcindex": 6.60819e-10,
            "poverty_normality": "Abnormal",
            "sse_fitted": 1.22352e-08
        },
        "reg": {
            "SSE": 4.998247e-07,
            "SST": 0.5565803,
            "R2": 0.9999991,
            "RMSE": 0.0007069828,
            "ymean": -2.048012,
            "MSE": 4.998247e-07,
            "params": {
                "A": {
                    "coef": -0.480394,
                    "t": -204.979,
                    "se": 0.0023436
                },
                "B": {
                    "coef": 1.07322,
                    "t": 459.299,
                    "se": 0.0023366
                },
                "C": {
                    "t": 807.752,
                    "coef": 0.690778,
                    "se": 0.00085519
                }
            }
        },
        "inputs": {
            "mean_month_ppp": 121.271
        }
    }
}