{
    "dist": {
        "deciles": [
            1.04015,
            1.82688,
            2.70244,
            3.70373,
            4.88907,
            6.35879,
            8.30696,
            11.182,
            16.4215,
            43.5685
        ],
        "mean_corrected_is_ppp": "(PPP$)",
        "uses": "GQ",
        "FGT2": 30.8711,
        "mean_poor50_is_ppp": "(PPP$)",
        "PG": 44.1708,
        "HC": 74.7691,
        "poverty_uses": "GQ",
        "median_ppp": 29.1885340655107,
        "poverty_uses_commentary": "(Beta is invalid.)",
        "mean_corrected": -0.258776,
        "Gini": 56.0161,
        "elasticity": {
            "HC_wrt_mean_C": -0.41916,
            "FGT2_wrt_mean_C": -0.861635,
            "HC_wrt_Gini": -0.0387328,
            "PG_wrt_Gini": 0.843583,
            "FGT2_wrt_Gini": 1.73557,
            "PG_wrt_mean_C": -0.692725
        },
        "Watt": "0.858074",
        "median": 7.55329,
        "mean_poor50": 3.84453,
        "polarization": 56.2795,
        "median_is_ppp": "(PPP$)",
        "uses_commentary": "(Beta lorenz curves is invalid)",
        "MLD": 0.583608
    },
    "lorenz": {
        "L": [
            0.009257354,
            0.0281835,
            0.05595556,
            0.09360214,
            0.1423575,
            0.2051018,
            0.286978,
            0.3993006,
            0.5661387,
            1.0
        ],
        "index": [
            1,
            2,
            3,
            4,
            5,
            6,
            7,
            8,
            9,
            10
        ],
        "p": [
            0.1,
            0.2,
            0.3,
            0.4,
            0.5,
            0.6,
            0.7,
            0.8,
            0.9,
            1.0
        ]
    },
    "quadratic": {
        "summary": {
            "lorenz_validity": "Valid",
            "Z": {
                "high": 267.906,
                "low": 7.55071
            },
            "sse_up_to_hcindex": 5.25807e-06,
            "poverty_normality": "Normal",
            "sse_fitted": 8.58452e-06
        },
        "inputs": {
            "line_month_ppp": 57.7917,
            "mean_month_ppp": 52.4514
        },
        "dist": {
            "deciles": [
                1.04015,
                1.82688,
                2.70244,
                3.70373,
                4.88907,
                6.35879,
                8.30696,
                11.182,
                16.4215,
                43.5685
            ],
            "mean_corrected_is_ppp": "(PPP$)",
            "mean_poor50": 3.84453,
            "mean_poor50_is_ppp": "(PPP$)",
            "PG": 44.1708,
            "HC": 74.7691,
            "median_ppp": 29.1885340655107,
            "median": 7.55329,
            "Gini": 56.0161,
            "elasticity": {
                "HC_wrt_mean_C": -0.41916,
                "FGT2_wrt_mean_C": -0.861635,
                "HC_wrt_Gini": -0.0387328,
                "PG_wrt_Gini": 0.843583,
                "FGT2_wrt_Gini": 1.73557,
                "PG_wrt_mean_C": -0.692725
            },
            "Watt": "0.858074",
            "mean_corrected": 5.97001,
            "FGT2": 30.8711,
            "polarization": 56.2795,
            "median_is_ppp": "(PPP$)",
            "MLD": 0.583608
        },
        "reg": {
            "SSE": 2.432547e-05,
            "SST": 0.06523767,
            "R2": 0.9996271,
            "RMSE": 0.002013516,
            "ymean": 0.1277178,
            "MSE": 4.054245e-06,
            "params": {
                "A": {
                    "coef": 0.881496,
                    "t": 74.8995,
                    "se": 0.011769
                },
                "B": {
                    "coef": 0.496144,
                    "t": 4.76607,
                    "se": 0.1041
                },
                "C": {
                    "t": 8.93061,
                    "coef": 0.170669,
                    "se": 0.019111
                }
            }
        }
    },
    "dataset": {
        "source": "LSO_N1986X",
        "year": 1986,
        "coverage": "National",
        "timespan": "UnDefined",
        "iso3c": "LSO",
        "format": "Grouped",
        "country": "Lesotho",
        "measure": "Consumption"
    },
    "summary": {
        "lorenz_validity": "Valid",
        "Z": {
            "high": 267.906,
            "low": 7.55071
        },
        "sse_up_to_hcindex": 5.25807e-06,
        "poverty_normality": "Normal",
        "sse_fitted": 8.58452e-06
    },
    "inputs": {
        "line_month_ppp": 57.7917,
        "mean_month_ppp": 52.4514
    },
    "beta": {
        "implied": {
            "theta": 0.9542112,
            "gamma": 1.006415,
            "delta": 0.4056615
        },
        "summary": {
            "lorenz_validity": "Invalid",
            "Z": {
                "high": 241.619,
                "low": 8.30293
            },
            "sse_up_to_hcindex": 4.30179e-05,
            "poverty_normality": "Normal",
            "sse_fitted": 5.43961e-05
        },
        "reg": {
            "SSE": 0.000480418,
            "SST": 2.021211,
            "R2": 0.9997623,
            "RMSE": 0.008948166,
            "ymean": -1.289723,
            "MSE": 8.006967e-05,
            "params": {
                "A": {
                    "coef": -0.0468702,
                    "t": -3.30524,
                    "se": 0.014181
                },
                "B": {
                    "coef": 1.00641,
                    "t": 122.707,
                    "se": 0.0082018
                },
                "C": {
                    "t": 49.4603,
                    "coef": 0.405662,
                    "se": 0.0082018
                }
            }
        },
        "dist": {
            "PG": 43.8782,
            "HC": 74.6229,
            "elasticity": {
                "HC_wrt_mean_C": -0.450463,
                "FGT2_wrt_mean_C": -0.850982,
                "HC_wrt_Gini": -0.0416254,
                "PG_wrt_Gini": 0.842847,
                "FGT2_wrt_Gini": 1.73655,
                "PG_wrt_mean_C": -0.700681
            },
            "Watt": "0.84516",
            "FGT2": 30.7811
        },
        "inputs": {
            "line_month_ppp": 57.7917,
            "mean_month_ppp": 52.4514
        }
    }
}