{
    "dist": {
        "deciles": [
            3.43092,
            4.65704,
            5.69175,
            6.6475,
            7.6004,
            8.62533,
            9.82986,
            11.4321,
            14.0958,
            27.9894
        ],
        "mean_corrected_is_ppp": "(PPP$)",
        "uses": "GQ",
        "FGT2": 0.160315,
        "mean_poor50_is_ppp": "(PPP$)",
        "PG": 0.907186,
        "HC": 6.96672,
        "poverty_uses": "GQ",
        "median_ppp": 126.107772850348,
        "poverty_uses_commentary": "(Beta is invalid.)",
        "mean_corrected": -0.559955,
        "Gini": 33.6411,
        "elasticity": {
            "HC_wrt_mean_C": -4.10084,
            "FGT2_wrt_mean_C": -9.31754,
            "HC_wrt_Gini": 6.95524,
            "PG_wrt_Gini": 14.0248,
            "FGT2_wrt_Gini": 21.1952,
            "PG_wrt_mean_C": -6.67948
        },
        "Watt": "0.0109103",
        "median": 70.6147,
        "mean_poor50": 48.9061,
        "polarization": 25.4608,
        "median_is_ppp": "(PPP$)",
        "uses_commentary": "(Beta lorenz curves is invalid)",
        "MLD": 0.194503
    },
    "lorenz": {
        "L": [
            0.03045641,
            0.1117992,
            0.2797393,
            0.5166712,
            0.7244362,
            1.0
        ],
        "index": [
            1,
            2,
            3,
            4,
            5,
            6
        ],
        "p": [
            0.1,
            0.25,
            0.5,
            0.75,
            0.9,
            1.0
        ]
    },
    "quadratic": {
        "summary": {
            "lorenz_validity": "Valid",
            "Z": {
                "high": 471.166,
                "low": 46.4376
            },
            "sse_up_to_hcindex": 1.48439e-05,
            "poverty_normality": "Normal",
            "sse_fitted": 5.59391e-05
        },
        "inputs": {
            "line_month_ppp": 57.7917,
            "mean_month_ppp": 155.809
        },
        "dist": {
            "deciles": [
                3.43092,
                4.65704,
                5.69175,
                6.6475,
                7.6004,
                8.62533,
                9.82986,
                11.4321,
                14.0958,
                27.9894
            ],
            "mean_corrected_is_ppp": "(PPP$)",
            "mean_poor50": 48.9061,
            "mean_poor50_is_ppp": "(PPP$)",
            "PG": 0.907186,
            "HC": 6.96672,
            "median_ppp": 126.107772850348,
            "median": 70.6147,
            "Gini": 33.6411,
            "elasticity": {
                "HC_wrt_mean_C": -4.10084,
                "FGT2_wrt_mean_C": -9.31754,
                "HC_wrt_Gini": 6.95524,
                "PG_wrt_Gini": 14.0248,
                "FGT2_wrt_Gini": 21.1952,
                "PG_wrt_mean_C": -6.67948
            },
            "Watt": "0.0109103",
            "mean_corrected": 57.8957,
            "FGT2": 0.160315,
            "polarization": 25.4608,
            "median_is_ppp": "(PPP$)",
            "MLD": 0.194503
        },
        "reg": {
            "SSE": 2.254473e-05,
            "SST": 0.03196598,
            "R2": 0.9992947,
            "RMSE": 0.003357434,
            "ymean": 0.1559329,
            "MSE": 1.127236e-05,
            "params": {
                "A": {
                    "coef": 0.815531,
                    "t": 17.9518,
                    "se": 0.045429
                },
                "B": {
                    "coef": -1.33713,
                    "t": -8.81035,
                    "se": 0.15177
                },
                "C": {
                    "t": 2.0496,
                    "coef": 0.17763,
                    "se": 0.086666
                }
            }
        }
    },
    "dataset": {
        "source": "LTU_N1993Y",
        "year": 1993,
        "coverage": "National",
        "timespan": "UnDefined",
        "iso3c": "LTU",
        "format": "Grouped",
        "country": "Lithuania",
        "measure": "Income"
    },
    "summary": {
        "lorenz_validity": "Valid",
        "Z": {
            "high": 471.166,
            "low": 46.4376
        },
        "sse_up_to_hcindex": 1.48439e-05,
        "poverty_normality": "Normal",
        "sse_fitted": 5.59391e-05
    },
    "inputs": {
        "line_month_ppp": 57.7917,
        "mean_month_ppp": 155.809
    },
    "beta": {
        "implied": {
            "theta": 0.5537139,
            "gamma": 0.8861245,
            "delta": 0.4536082
        },
        "summary": {
            "lorenz_validity": "Invalid",
            "Z": {
                "high": 464.72,
                "low": 0.0
            },
            "sse_up_to_hcindex": 8.66432e-07,
            "poverty_normality": "Normal",
            "sse_fitted": 4.37095e-05
        },
        "reg": {
            "SSE": 0.001569073,
            "SST": 0.9616142,
            "R2": 0.9983683,
            "RMSE": 0.02800958,
            "ymean": -1.87057,
            "MSE": 0.0007845366,
            "params": {
                "A": {
                    "coef": -0.591107,
                    "t": -10.1322,
                    "se": 0.05834
                },
                "B": {
                    "coef": 0.886125,
                    "t": 28.6755,
                    "se": 0.030902
                },
                "C": {
                    "t": 14.679,
                    "coef": 0.453608,
                    "se": 0.030902
                }
            }
        },
        "dist": {
            "PG": 1.82506,
            "HC": 6.36099,
            "elasticity": {
                "HC_wrt_mean_C": -3.219,
                "FGT2_wrt_mean_C": -1.4259,
                "HC_wrt_Gini": 5.4596,
                "PG_wrt_Gini": 6.91135,
                "FGT2_wrt_Gini": 7.81052,
                "PG_wrt_mean_C": -2.48536
            },
            "Watt": "0.0211719",
            "FGT2": 1.06545
        },
        "inputs": {
            "line_month_ppp": 57.7917,
            "mean_month_ppp": 155.809
        }
    }
}