{
    "dist": {
        "deciles": [
            3.16684,
            4.61232,
            5.79101,
            6.85588,
            7.9008,
            9.01082,
            10.3014,
            11.9998,
            14.7821,
            25.579
        ],
        "mean_corrected_is_ppp": "(PPP$)",
        "uses": "GQ",
        "FGT2": 0.0,
        "mean_poor50_is_ppp": "(PPP$)",
        "PG": 0.0,
        "HC": 0.0,
        "poverty_uses": "GQ",
        "median_ppp": 258.261820770504,
        "poverty_uses_commentary": "(Beta is invalid.)",
        "mean_corrected": -0.559955,
        "Gini": 32.2603,
        "elasticity": {
            "HC_wrt_mean_C": 0.0,
            "FGT2_wrt_mean_C": 0.0,
            "HC_wrt_Gini": 0.0,
            "PG_wrt_Gini": 0.0,
            "FGT2_wrt_Gini": 0.0,
            "PG_wrt_mean_C": 0.0
        },
        "Watt": "0",
        "median": 144.615,
        "mean_poor50": 97.106,
        "polarization": 26.279,
        "median_is_ppp": "(PPP$)",
        "uses_commentary": "(Beta lorenz curves is invalid)",
        "MLD": 0.175971
    },
    "lorenz": {
        "L": [
            0.03084948,
            0.07839046,
            0.1360954,
            0.2041133,
            0.282921,
            0.3732936,
            0.4760656,
            0.5974069,
            0.7436066,
            1.0
        ],
        "index": [
            1,
            2,
            3,
            4,
            5,
            6,
            7,
            8,
            9,
            10
        ],
        "p": [
            0.1,
            0.2,
            0.3,
            0.4,
            0.5,
            0.6,
            0.7,
            0.8,
            0.9,
            1.0
        ]
    },
    "quadratic": {
        "summary": {
            "lorenz_validity": "Valid",
            "Z": {
                "high": 930.48,
                "low": 74.6143
            },
            "sse_up_to_hcindex": 6.70645e-07,
            "poverty_normality": "Normal",
            "sse_fitted": 2.83973e-06
        },
        "inputs": {
            "line_month_ppp": 57.7917,
            "mean_month_ppp": 306.101
        },
        "dist": {
            "deciles": [
                3.16684,
                4.61232,
                5.79101,
                6.85588,
                7.9008,
                9.01082,
                10.3014,
                11.9998,
                14.7821,
                25.579
            ],
            "mean_corrected_is_ppp": "(PPP$)",
            "mean_poor50": 97.106,
            "mean_poor50_is_ppp": "(PPP$)",
            "PG": 0.0,
            "HC": 0.0,
            "median_ppp": 258.261820770504,
            "median": 144.615,
            "Gini": 32.2603,
            "elasticity": {
                "HC_wrt_mean_C": 0.0,
                "FGT2_wrt_mean_C": 0.0,
                "HC_wrt_Gini": 0.0,
                "PG_wrt_Gini": 0.0,
                "FGT2_wrt_Gini": 0.0,
                "PG_wrt_mean_C": 0.0
            },
            "Watt": "0",
            "mean_corrected": 116.108,
            "FGT2": 0.0,
            "polarization": 26.279,
            "median_is_ppp": "(PPP$)",
            "MLD": 0.175971
        },
        "reg": {
            "SSE": 1.286858e-06,
            "SST": 0.0487645,
            "R2": 0.9999736,
            "RMSE": 0.000463116,
            "ymean": 0.1666205,
            "MSE": 2.144764e-07,
            "params": {
                "A": {
                    "coef": 0.929144,
                    "t": 220.711,
                    "se": 0.0042098
                },
                "B": {
                    "coef": -1.42127,
                    "t": -95.7457,
                    "se": 0.014844
                },
                "C": {
                    "t": 16.7132,
                    "coef": 0.15059,
                    "se": 0.0090103
                }
            }
        }
    },
    "dataset": {
        "source": "LTU_N1996X",
        "year": 1996,
        "coverage": "National",
        "timespan": "UnDefined",
        "iso3c": "LTU",
        "format": "Grouped",
        "country": "Lithuania",
        "measure": "Consumption"
    },
    "summary": {
        "lorenz_validity": "Valid",
        "Z": {
            "high": 930.48,
            "low": 74.6143
        },
        "sse_up_to_hcindex": 6.70645e-07,
        "poverty_normality": "Normal",
        "sse_fitted": 2.83973e-06
    },
    "inputs": {
        "line_month_ppp": 57.7917,
        "mean_month_ppp": 306.101
    },
    "beta": {
        "implied": {
            "theta": 0.5893339,
            "gamma": 0.9057474,
            "delta": 0.5356787
        },
        "summary": {
            "lorenz_validity": "Invalid",
            "Z": {
                "high": 865.48,
                "low": 0.0
            },
            "sse_up_to_hcindex": 2.39455e-09,
            "poverty_normality": "Normal",
            "sse_fitted": 1.10149e-06
        },
        "reg": {
            "SSE": 3.041018e-05,
            "SST": 1.193191,
            "R2": 0.9999745,
            "RMSE": 0.002251303,
            "ymean": -1.797448,
            "MSE": 5.068363e-06,
            "params": {
                "A": {
                    "coef": -0.528762,
                    "t": -148.206,
                    "se": 0.0035678
                },
                "B": {
                    "coef": 0.905747,
                    "t": 438.935,
                    "se": 0.0020635
                },
                "C": {
                    "t": 259.596,
                    "coef": 0.535679,
                    "se": 0.0020635
                }
            }
        },
        "dist": {
            "PG": 0.49585,
            "HC": 1.03998,
            "elasticity": {
                "HC_wrt_mean_C": -2.19149,
                "FGT2_wrt_mean_C": -0.00404163,
                "HC_wrt_Gini": 9.416,
                "PG_wrt_Gini": 10.0116,
                "FGT2_wrt_Gini": 10.6106,
                "PG_wrt_mean_C": -1.09737
            },
            "Watt": "0.00257312",
            "FGT2": 0.49485
        },
        "inputs": {
            "line_month_ppp": 57.7917,
            "mean_month_ppp": 306.101
        }
    }
}