{
    "dist": {
        "deciles": [
            2.91566,
            4.81233,
            6.10889,
            7.17102,
            8.15003,
            9.14611,
            10.269,
            11.715,
            14.0563,
            25.6557
        ],
        "mean_corrected_is_ppp": "(PPP$)",
        "uses": "GQ",
        "FGT2": 0.0322691,
        "mean_poor50_is_ppp": "(PPP$)",
        "PG": 0.194002,
        "HC": 1.57364,
        "poverty_uses": "GQ",
        "median_ppp": 242.78107310182,
        "poverty_uses_commentary": "(Beta is invalid.)",
        "mean_corrected": -2.48028,
        "Gini": 31.6419,
        "elasticity": {
            "HC_wrt_mean_C": -4.24652,
            "FGT2_wrt_mean_C": -10.024,
            "HC_wrt_Gini": 16.4076,
            "PG_wrt_Gini": 32.341,
            "FGT2_wrt_Gini": 48.4579,
            "PG_wrt_mean_C": -7.11149
        },
        "Watt": "0.0021706",
        "median": 602.165,
        "mean_poor50": 406.561,
        "polarization": 23.2534,
        "median_is_ppp": "(PPP$)",
        "uses_commentary": "(Beta lorenz curves is invalid)",
        "MLD": 0.182191
    },
    "lorenz": {
        "L": [
            0.0255921,
            0.07657772,
            0.1403436,
            0.2125598,
            0.2922834,
            0.3813741,
            0.4826271,
            0.6015917,
            0.7497211,
            1.0
        ],
        "index": [
            1,
            2,
            3,
            4,
            5,
            6,
            7,
            8,
            9,
            10
        ],
        "p": [
            0.1,
            0.2,
            0.3,
            0.4,
            0.5,
            0.6,
            0.7,
            0.8,
            0.9,
            1.0
        ]
    },
    "quadratic": {
        "summary": {
            "lorenz_validity": "Valid",
            "Z": {
                "high": 785.977,
                "low": 48.1907
            },
            "sse_up_to_hcindex": 1.27058e-05,
            "poverty_normality": "Normal",
            "sse_fitted": 7.72344e-05
        },
        "inputs": {
            "line_month_ppp": 57.7917,
            "mean_month_ppp": 281.086
        },
        "dist": {
            "deciles": [
                2.91566,
                4.81233,
                6.10889,
                7.17102,
                8.15003,
                9.14611,
                10.269,
                11.715,
                14.0563,
                25.6557
            ],
            "mean_corrected_is_ppp": "(PPP$)",
            "mean_poor50": 406.561,
            "mean_poor50_is_ppp": "(PPP$)",
            "PG": 0.194002,
            "HC": 1.57364,
            "median_ppp": 242.78107310182,
            "median": 602.165,
            "Gini": 31.6419,
            "elasticity": {
                "HC_wrt_mean_C": -4.24652,
                "FGT2_wrt_mean_C": -10.024,
                "HC_wrt_Gini": 16.4076,
                "PG_wrt_Gini": 32.341,
                "FGT2_wrt_Gini": 48.4579,
                "PG_wrt_mean_C": -7.11149
            },
            "Watt": "0.0021706",
            "mean_corrected": 476.573,
            "FGT2": 0.0322691,
            "polarization": 23.2534,
            "median_is_ppp": "(PPP$)",
            "MLD": 0.182191
        },
        "reg": {
            "SSE": 1.648254e-05,
            "SST": 0.05048823,
            "R2": 0.9996735,
            "RMSE": 0.001657435,
            "ymean": 0.1670527,
            "MSE": 2.747091e-06,
            "params": {
                "A": {
                    "coef": 0.937532,
                    "t": 61.2639,
                    "se": 0.015303
                },
                "B": {
                    "coef": -1.59541,
                    "t": -39.2513,
                    "se": 0.040646
                },
                "C": {
                    "t": 2.41236,
                    "coef": 0.0621299,
                    "se": 0.025755
                }
            }
        }
    },
    "dataset": {
        "source": "LVA_N1996Y",
        "year": 1996,
        "coverage": "National",
        "timespan": "UnDefined",
        "iso3c": "LVA",
        "format": "Grouped",
        "country": "Latvia",
        "measure": "Income"
    },
    "summary": {
        "lorenz_validity": "Valid",
        "Z": {
            "high": 785.977,
            "low": 48.1907
        },
        "sse_up_to_hcindex": 1.27058e-05,
        "poverty_normality": "Normal",
        "sse_fitted": 7.72344e-05
    },
    "inputs": {
        "line_month_ppp": 57.7917,
        "mean_month_ppp": 281.086
    },
    "beta": {
        "implied": {
            "theta": 0.5226117,
            "gamma": 0.8276415,
            "delta": 0.4966029
        },
        "summary": {
            "lorenz_validity": "Invalid",
            "Z": {
                "high": 773.67,
                "low": 0.0
            },
            "sse_up_to_hcindex": 4.21225e-07,
            "poverty_normality": "Normal",
            "sse_fitted": 4.00853e-05
        },
        "reg": {
            "SSE": 0.001202807,
            "SST": 0.9853471,
            "R2": 0.9987793,
            "RMSE": 0.01415867,
            "ymean": -1.814463,
            "MSE": 0.0002004679,
            "params": {
                "A": {
                    "coef": -0.648917,
                    "t": -28.9205,
                    "se": 0.022438
                },
                "B": {
                    "coef": 0.827642,
                    "t": 63.7745,
                    "se": 0.012978
                },
                "C": {
                    "t": 38.2661,
                    "coef": 0.496603,
                    "se": 0.012978
                }
            }
        },
        "dist": {
            "PG": 2.19172,
            "HC": 2.49765,
            "elasticity": {
                "HC_wrt_mean_C": -1.28706,
                "FGT2_wrt_mean_C": -0.00091294,
                "HC_wrt_Gini": 4.9729,
                "PG_wrt_Gini": 5.40308,
                "FGT2_wrt_Gini": 9.73107,
                "PG_wrt_mean_C": -0.139581
            },
            "Watt": "Invalid",
            "FGT2": 2.19072
        },
        "inputs": {
            "line_month_ppp": 57.7917,
            "mean_month_ppp": 281.086
        }
    }
}