{
    "dist": {
        "deciles": [
            2.76481,
            3.76795,
            4.75252,
            5.76497,
            6.85882,
            8.11105,
            9.65738,
            11.7972,
            15.4632,
            31.0621
        ],
        "mean_corrected_is_ppp": "(PPP$)",
        "uses": "GQ",
        "FGT2": 0.361472,
        "mean_poor50_is_ppp": "(PPP$)",
        "PG": 1.31871,
        "HC": 7.51704,
        "poverty_uses": "GQ",
        "median_ppp": 142.944537223316,
        "poverty_uses_commentary": "(Both are valid and normal, but GQ fits better.)",
        "mean_corrected": -0.238485,
        "Gini": 39.4634,
        "elasticity": {
            "HC_wrt_mean_C": -3.67545,
            "FGT2_wrt_mean_C": -5.29632,
            "HC_wrt_Gini": 8.52707,
            "PG_wrt_Gini": 14.2248,
            "FGT2_wrt_Gini": 18.9275,
            "PG_wrt_mean_C": -4.70031
        },
        "Watt": "0.0151595",
        "median": 34.0901,
        "mean_poor50": 21.8805,
        "polarization": 34.1429,
        "median_is_ppp": "(PPP$)",
        "uses_commentary": "(Both are valid, but GQ fits better)",
        "MLD": 0.259203
    },
    "inputs": {
        "line_month_ppp": 57.7917,
        "mean_month_ppp": 191.869
    },
    "quadratic": {
        "summary": {
            "lorenz_validity": "Valid",
            "Z": {
                "high": 719.593,
                "low": 47.2775
            },
            "sse_up_to_hcindex": 4.66137e-06,
            "poverty_normality": "Normal",
            "sse_fitted": 1.94884e-05
        },
        "inputs": {
            "line_month_ppp": 57.7917,
            "mean_month_ppp": 191.869
        },
        "dist": {
            "deciles": [
                2.76481,
                3.76795,
                4.75252,
                5.76497,
                6.85882,
                8.11105,
                9.65738,
                11.7972,
                15.4632,
                31.0621
            ],
            "mean_corrected_is_ppp": "(PPP$)",
            "mean_poor50": 21.8805,
            "mean_poor50_is_ppp": "(PPP$)",
            "PG": 0.933865,
            "HC": 7.39952,
            "median_ppp": 142.944537223316,
            "median": 34.0901,
            "Gini": 39.4634,
            "elasticity": {
                "HC_wrt_mean_C": -4.02423,
                "FGT2_wrt_mean_C": -9.83465,
                "HC_wrt_Gini": 9.33625,
                "PG_wrt_Gini": 19.3827,
                "FGT2_wrt_Gini": 29.4565,
                "PG_wrt_mean_C": -6.92355
            },
            "Watt": "0.0104617",
            "mean_corrected": 27.7002,
            "FGT2": 0.157819,
            "polarization": 34.1429,
            "median_is_ppp": "(PPP$)",
            "MLD": 0.259203
        },
        "reg": {
            "SSE": 1.668766e-05,
            "SST": 0.1175469,
            "R2": 0.999858,
            "RMSE": 0.001021263,
            "ymean": 0.1543391,
            "MSE": 1.042979e-06,
            "params": {
                "A": {
                    "coef": 0.806934,
                    "t": 137.41,
                    "se": 0.0058724
                },
                "B": {
                    "coef": -0.832634,
                    "t": -28.3041,
                    "se": 0.029417
                },
                "C": {
                    "t": 21.498,
                    "coef": 0.282036,
                    "se": 0.013119
                }
            }
        }
    },
    "dataset": {
        "source": "MAR_N1998X",
        "year": 1998,
        "coverage": "National",
        "timespan": "UnDefined",
        "iso3c": "MAR",
        "format": "Grouped",
        "country": "Morocco",
        "measure": "Consumption"
    },
    "summary": {
        "lorenz_validity": "Valid",
        "Z": {
            "high": 719.593,
            "low": 47.2775
        },
        "sse_up_to_hcindex": 3.91018e-07,
        "poverty_normality": "Normal",
        "sse_fitted": 1.94884e-05
    },
    "lorenz": {
        "L": [
            0.01084207,
            0.02631435,
            0.04448923,
            0.06507142,
            0.08808612,
            0.113375,
            0.1411388,
            0.1712786,
            0.2039741,
            0.2395265,
            0.2780756,
            0.3198212,
            0.3654542,
            0.4159454,
            0.4717817,
            0.5341991,
            0.6053969,
            0.6907302,
            0.7990764,
            1.0
        ],
        "index": [
            1,
            2,
            3,
            4,
            5,
            6,
            7,
            8,
            9,
            10,
            11,
            12,
            13,
            14,
            15,
            16,
            17,
            18,
            19,
            20
        ],
        "p": [
            0.05,
            0.1,
            0.15,
            0.2,
            0.25,
            0.3,
            0.35,
            0.4,
            0.45,
            0.5,
            0.55,
            0.6,
            0.65,
            0.7,
            0.75,
            0.8,
            0.85,
            0.9,
            0.95,
            1.0
        ]
    },
    "beta": {
        "implied": {
            "gamma": 0.9700888,
            "theta": 0.7231908,
            "delta": 0.4969057
        },
        "summary": {
            "lorenz_validity": "Valid",
            "Z": {
                "high": 652.496,
                "low": 30.5342
            },
            "sse_up_to_hcindex": 3.91018e-07,
            "poverty_normality": "Normal",
            "sse_fitted": 9.51937e-05
        },
        "inputs": {
            "line_month_ppp": 57.7917,
            "mean_month_ppp": 191.869
        },
        "dist": {
            "deciles": [
                2.64764,
                3.76814,
                4.74589,
                5.77204,
                6.90595,
                8.21553,
                9.81526,
                11.9526,
                15.382,
                30.795
            ],
            "mean_corrected_is_ppp": "(PPP$)",
            "mean_poor50": 21.817,
            "mean_poor50_is_ppp": "(PPP$)",
            "PG": 1.31871,
            "HC": 7.51704,
            "median_ppp": 144.367420279503,
            "median": 34.4294,
            "Gini": 39.4974,
            "elasticity": {
                "HC_wrt_mean_C": -3.67545,
                "FGT2_wrt_mean_C": -5.29632,
                "HC_wrt_Gini": 8.52707,
                "PG_wrt_Gini": 14.2248,
                "FGT2_wrt_Gini": 18.9275,
                "PG_wrt_mean_C": -4.70031
            },
            "Watt": "0.0151595",
            "mean_corrected": 27.6846,
            "FGT2": 0.361472,
            "polarization": -128.12,
            "median_is_ppp": "(PPP$)",
            "MLD": 0.264262
        },
        "reg": {
            "SSE": 0.00236045,
            "SST": 5.070953,
            "R2": 0.9995345,
            "RMSE": 0.01214612,
            "ymean": -1.681363,
            "MSE": 0.0001475281,
            "params": {
                "A": {
                    "coef": -0.324082,
                    "t": -31.2532,
                    "se": 0.01037
                },
                "B": {
                    "coef": 0.970089,
                    "t": 169.752,
                    "se": 0.0057147
                },
                "C": {
                    "t": 86.9515,
                    "coef": 0.496906,
                    "se": 0.0057147
                }
            }
        }
    }
}