{
    "dataset": {
        "source": "MDV_N2002X",
        "timespan": "UnDefined",
        "coverage": "National",
        "year": 2002,
        "iso3c": "MDV",
        "format": "Unit record",
        "country": "Maldives",
        "measure": "Consumption"
    },
    "lorenz": {
        "L": [
            0.011376,
            0.027002,
            0.046232,
            0.06801,
            0.092247,
            0.11917,
            0.14548,
            0.1756,
            0.20795,
            0.24272,
            0.27947,
            0.31897,
            0.36166,
            0.40759,
            0.45803,
            0.51337,
            0.57869,
            0.65214,
            0.74507,
            1.0
        ],
        "index": [
            0,
            1,
            2,
            3,
            4,
            5,
            6,
            7,
            8,
            9,
            10,
            11,
            12,
            13,
            14,
            15,
            16,
            17,
            18,
            19
        ],
        "p": [
            0.051383,
            0.1007,
            0.15079,
            0.20057,
            0.25055,
            0.30261,
            0.35048,
            0.40093,
            0.45097,
            0.50123,
            0.55068,
            0.60051,
            0.65026,
            0.70016,
            0.7509,
            0.8005,
            0.85117,
            0.90033,
            0.95105,
            1.0
        ]
    },
    "dist": {
        "deciles": [
            2.678,
            4.0981,
            5.0064,
            5.722,
            6.6831,
            7.6691,
            8.8871,
            10.538,
            13.882,
            34.836
        ],
        "Gini": 0.41312,
        "Watt": 0.0323268,
        "MLD": 0.300818,
        "FGT2": 0.0091642,
        "PG": 0.0256817,
        "HC": 0.0999232,
        "median_ppp": 115.442
    },
    "sample": {
        "mean_month_lcu": 1141.24,
        "effective_pop_wealth": 30231500.0,
        "month_min": 11.7355,
        "mean_month_ppp": 160.564,
        "month_max": 9403.6,
        "month_max_is_ppp": "(PPP$)",
        "month_min_is_ppp": "(PPP$)",
        "N": 834,
        "effective_pop_wealth_is_ppp": "(PPP$)",
        "effective_pop_N": 282808.0
    },
    "inputs": {
        "line_month_lcu": 410.768,
        "line_day_ppp": 1.9,
        "ppp": 10.676,
        "line_month_ppp": 57.7917
    }
}