{
    "dist": {
        "deciles": [
            3.36777,
            5.10216,
            6.37422,
            7.45352,
            8.46838,
            9.51245,
            10.6944,
            12.2101,
            14.6112,
            22.2058
        ],
        "mean_corrected_is_ppp": "(PPP$)",
        "uses": "GQ",
        "FGT2": 0.0021663,
        "mean_poor50_is_ppp": "(PPP$)",
        "PG": 0.0358715,
        "HC": 0.79567,
        "poverty_uses": "GQ",
        "median_ppp": 214.578310371105,
        "poverty_uses_commentary": "(Beta is invalid.)",
        "mean_corrected": -0.0435996,
        "Gini": 28.1286,
        "elasticity": {
            "HC_wrt_mean_C": -11.2955,
            "FGT2_wrt_mean_C": -31.1178,
            "HC_wrt_Gini": 35.4195,
            "PG_wrt_Gini": 70.5538,
            "FGT2_wrt_Gini": 105.848,
            "PG_wrt_mean_C": -21.1811
        },
        "Watt": "0.000490577",
        "median": 9.35553,
        "mean_poor50": 6.41211,
        "polarization": 23.0331,
        "median_is_ppp": "(PPP$)",
        "uses_commentary": "(Beta lorenz curves is invalid)",
        "MLD": 0.136101
    },
    "lorenz": {
        "L": [
            0.03253068,
            0.08419602,
            0.1489464,
            0.2243298,
            0.3080935,
            0.401537,
            0.5084297,
            0.6325105,
            0.7792904,
            1.0
        ],
        "index": [
            1,
            2,
            3,
            4,
            5,
            6,
            7,
            8,
            9,
            10
        ],
        "p": [
            0.1,
            0.2,
            0.3,
            0.4,
            0.5,
            0.6,
            0.7,
            0.8,
            0.9,
            1.0
        ]
    },
    "quadratic": {
        "summary": {
            "lorenz_validity": "Valid",
            "Z": {
                "high": 622.066,
                "low": 57.2094
            },
            "sse_up_to_hcindex": 1.31569e-06,
            "poverty_normality": "Normal",
            "sse_fitted": 9.36695e-06
        },
        "inputs": {
            "line_month_ppp": 57.7917,
            "mean_month_ppp": 239.01
        },
        "dist": {
            "deciles": [
                3.36777,
                5.10216,
                6.37422,
                7.45352,
                8.46838,
                9.51245,
                10.6944,
                12.2101,
                14.6112,
                22.2058
            ],
            "mean_corrected_is_ppp": "(PPP$)",
            "mean_poor50": 6.41211,
            "mean_poor50_is_ppp": "(PPP$)",
            "PG": 0.0358715,
            "HC": 0.79567,
            "median_ppp": 214.578310371105,
            "median": 9.35553,
            "Gini": 28.1286,
            "elasticity": {
                "HC_wrt_mean_C": -11.2955,
                "FGT2_wrt_mean_C": -31.1178,
                "HC_wrt_Gini": 35.4195,
                "PG_wrt_Gini": 70.5538,
                "FGT2_wrt_Gini": 105.848,
                "PG_wrt_mean_C": -21.1811
            },
            "Watt": "0.000490577",
            "mean_corrected": 7.48954,
            "FGT2": 0.0021663,
            "polarization": 23.0331,
            "median_is_ppp": "(PPP$)",
            "MLD": 0.136101
        },
        "reg": {
            "SSE": 3.475958e-06,
            "SST": 0.04678449,
            "R2": 0.9999257,
            "RMSE": 0.0007611349,
            "ymean": 0.1685767,
            "MSE": 5.793264e-07,
            "params": {
                "A": {
                    "coef": 1.01792,
                    "t": 117.142,
                    "se": 0.0086897
                },
                "B": {
                    "coef": -1.62937,
                    "t": -80.1667,
                    "se": 0.020325
                },
                "C": {
                    "t": 7.07706,
                    "coef": 0.109458,
                    "se": 0.015467
                }
            }
        }
    },
    "dataset": {
        "source": "MKD_N1998X",
        "year": 1998,
        "coverage": "National",
        "timespan": "UnDefined",
        "iso3c": "MKD",
        "format": "Grouped",
        "country": "Macedonia, former Yugoslav Republic of",
        "measure": "Consumption"
    },
    "summary": {
        "lorenz_validity": "Valid",
        "Z": {
            "high": 622.066,
            "low": 57.2094
        },
        "sse_up_to_hcindex": 1.31569e-06,
        "poverty_normality": "Normal",
        "sse_fitted": 9.36695e-06
    },
    "inputs": {
        "line_month_ppp": 57.7917,
        "mean_month_ppp": 239.01
    },
    "beta": {
        "implied": {
            "theta": 0.5393599,
            "gamma": 0.8751186,
            "delta": 0.6077508
        },
        "summary": {
            "lorenz_validity": "Invalid",
            "Z": {
                "high": 581.594,
                "low": 0.0
            },
            "sse_up_to_hcindex": 5.82665e-10,
            "poverty_normality": "Normal",
            "sse_fitted": 8.75872e-06
        },
        "reg": {
            "SSE": 0.0002946329,
            "SST": 0.9827564,
            "R2": 0.9997002,
            "RMSE": 0.007007531,
            "ymean": -1.922534,
            "MSE": 4.910549e-05,
            "params": {
                "A": {
                    "coef": -0.617372,
                    "t": -55.5932,
                    "se": 0.011105
                },
                "B": {
                    "coef": 0.875119,
                    "t": 136.248,
                    "se": 0.006423
                },
                "C": {
                    "t": 94.621,
                    "coef": 0.607751,
                    "se": 0.006423
                }
            }
        },
        "dist": {
            "PG": 0.914303,
            "HC": 1.84734,
            "elasticity": {
                "HC_wrt_mean_C": -2.12869,
                "FGT2_wrt_mean_C": -0.00218985,
                "HC_wrt_Gini": 6.67498,
                "PG_wrt_Gini": 7.33569,
                "FGT2_wrt_Gini": 8.27831,
                "PG_wrt_mean_C": -1.02049
            },
            "Watt": "0.00521507",
            "FGT2": 0.913303
        },
        "inputs": {
            "line_month_ppp": 57.7917,
            "mean_month_ppp": 239.01
        }
    }
}