{
    "dist": {
        "deciles": [
            3.04213,
            4.68006,
            5.98369,
            7.14182,
            8.26266,
            9.43751,
            10.7826,
            12.5145,
            15.2334,
            22.9216
        ],
        "mean_corrected_is_ppp": "(PPP$)",
        "uses": "GQ",
        "FGT2": 3.38462,
        "mean_poor50_is_ppp": "(PPP$)",
        "PG": 8.04666,
        "HC": 26.9171,
        "poverty_uses": "GQ",
        "median_ppp": 82.0977464331169,
        "poverty_uses_commentary": "(Beta is invalid.)",
        "mean_corrected": -0.00169397,
        "Gini": 30.272,
        "elasticity": {
            "HC_wrt_mean_C": -1.9578,
            "FGT2_wrt_mean_C": -2.75484,
            "HC_wrt_Gini": 1.19086,
            "PG_wrt_Gini": 3.03473,
            "FGT2_wrt_Gini": 4.8922,
            "PG_wrt_mean_C": -2.34513
        },
        "Watt": "0.109874",
        "median": 0.139071,
        "mean_poor50": 0.0916654,
        "polarization": 26.0553,
        "median_is_ppp": "(PPP$)",
        "uses_commentary": "(Beta lorenz curves is invalid)",
        "MLD": 0.157723
    },
    "lorenz": {
        "L": [
            0.005514451,
            0.06143768,
            0.2195085,
            0.3781559,
            0.5204185,
            0.641536,
            0.7229264,
            0.8033724,
            1.0
        ],
        "index": [
            1,
            2,
            3,
            4,
            5,
            6,
            7,
            8,
            9
        ],
        "p": [
            0.03019698,
            0.170283,
            0.4120588,
            0.5931407,
            0.7254275,
            0.8159184,
            0.869913,
            0.9181082,
            1.0
        ]
    },
    "quadratic": {
        "summary": {
            "lorenz_validity": "Valid",
            "Z": {
                "high": 246.911,
                "low": 23.0227
            },
            "sse_up_to_hcindex": 5.54414e-06,
            "poverty_normality": "Normal",
            "sse_fitted": 1.89926e-05
        },
        "inputs": {
            "line_month_ppp": 57.7917,
            "mean_month_ppp": 92.9443
        },
        "dist": {
            "deciles": [
                3.04213,
                4.68006,
                5.98369,
                7.14182,
                8.26266,
                9.43751,
                10.7826,
                12.5145,
                15.2334,
                22.9216
            ],
            "mean_corrected_is_ppp": "(PPP$)",
            "mean_poor50": 0.0916654,
            "mean_poor50_is_ppp": "(PPP$)",
            "PG": 8.04666,
            "HC": 26.9171,
            "median_ppp": 82.0977464331169,
            "median": 0.139071,
            "Gini": 30.272,
            "elasticity": {
                "HC_wrt_mean_C": -1.9578,
                "FGT2_wrt_mean_C": -2.75484,
                "HC_wrt_Gini": 1.19086,
                "PG_wrt_Gini": 3.03473,
                "FGT2_wrt_Gini": 4.8922,
                "PG_wrt_mean_C": -2.34513
            },
            "Watt": "0.109874",
            "mean_corrected": 0.109783,
            "FGT2": 3.38462,
            "polarization": 26.0553,
            "median_is_ppp": "(PPP$)",
            "MLD": 0.157723
        },
        "reg": {
            "SSE": 9.801911e-06,
            "SST": 0.05457936,
            "R2": 0.9998204,
            "RMSE": 0.001400137,
            "ymean": 0.1634307,
            "MSE": 1.960382e-06,
            "params": {
                "A": {
                    "coef": 1.06317,
                    "t": 65.702,
                    "se": 0.016182
                },
                "B": {
                    "coef": -1.52046,
                    "t": -32.063,
                    "se": 0.047421
                },
                "C": {
                    "t": 4.34809,
                    "coef": 0.137662,
                    "se": 0.03166
                }
            }
        }
    },
    "dataset": {
        "source": "MNG_N1998X",
        "year": 1998,
        "coverage": "National",
        "timespan": "UnDefined",
        "iso3c": "MNG",
        "format": "Grouped",
        "country": "Mongolia",
        "measure": "Consumption"
    },
    "summary": {
        "lorenz_validity": "Valid",
        "Z": {
            "high": 246.911,
            "low": 23.0227
        },
        "sse_up_to_hcindex": 5.54414e-06,
        "poverty_normality": "Normal",
        "sse_fitted": 1.89926e-05
    },
    "inputs": {
        "line_month_ppp": 57.7917,
        "mean_month_ppp": 92.9443
    },
    "beta": {
        "implied": {
            "theta": 0.6169729,
            "gamma": 0.9142949,
            "delta": 0.6390025
        },
        "summary": {
            "lorenz_validity": "Invalid",
            "Z": {
                "high": 232.303,
                "low": 2.29688
            },
            "sse_up_to_hcindex": 7.98119e-06,
            "poverty_normality": "Normal",
            "sse_fitted": 2.21398e-05
        },
        "reg": {
            "SSE": 0.0005895449,
            "SST": 3.518919,
            "R2": 0.9998325,
            "RMSE": 0.01085859,
            "ymean": -2.064727,
            "MSE": 0.000117909,
            "params": {
                "A": {
                    "coef": -0.48293,
                    "t": -34.3624,
                    "se": 0.014054
                },
                "B": {
                    "coef": 0.914295,
                    "t": 157.344,
                    "se": 0.0058108
                },
                "C": {
                    "t": 83.1969,
                    "coef": 0.639002,
                    "se": 0.0076806
                }
            }
        },
        "dist": {
            "PG": 8.09066,
            "HC": 27.3965,
            "elasticity": {
                "HC_wrt_mean_C": -2.00446,
                "FGT2_wrt_mean_C": -2.50022,
                "HC_wrt_Gini": 1.21924,
                "PG_wrt_Gini": 3.0597,
                "FGT2_wrt_Gini": 4.73733,
                "PG_wrt_mean_C": -2.38619
            },
            "Watt": "0.108735",
            "FGT2": 3.59567
        },
        "inputs": {
            "line_month_ppp": 57.7917,
            "mean_month_ppp": 92.9443
        }
    }
}