{
    "dist": {
        "deciles": [
            2.04513,
            3.11285,
            3.89289,
            4.68885,
            5.57695,
            6.63678,
            8.00291,
            9.98003,
            13.5731,
            42.4905
        ],
        "mean_corrected_is_ppp": "(PPP$)",
        "uses": "Beta",
        "FGT2": 6.2307,
        "mean_poor50_is_ppp": "(PPP$)",
        "PG": 13.6638,
        "HC": 41.1578,
        "poverty_uses": "Beta",
        "median_ppp": 67.2684330870957,
        "poverty_uses_commentary": "(GQ is invalid.)",
        "mean_corrected": -0.00886472,
        "Gini": 50.0516,
        "elasticity": {
            "HC_wrt_mean_C": -1.41264,
            "FGT2_wrt_mean_C": -2.38597,
            "HC_wrt_Gini": 1.29628,
            "PG_wrt_Gini": 3.76405,
            "FGT2_wrt_Gini": 6.02468,
            "PG_wrt_mean_C": -2.01218
        },
        "Watt": "0.191083",
        "median": 0.596316,
        "mean_poor50": 0.379539,
        "polarization": -130.268,
        "median_is_ppp": "(PPP$)",
        "uses_commentary": "(GQ lorenz curves is invalid)",
        "MLD": 0.435751
    },
    "inputs": {
        "line_month_ppp": 57.7917,
        "mean_month_ppp": 110.823
    },
    "quadratic": {
        "summary": {
            "lorenz_validity": "Invalid",
            "Z": {
                "high": 342.48,
                "low": 23.9581
            },
            "sse_up_to_hcindex": 7.78848e-06,
            "poverty_normality": "Normal",
            "sse_fitted": 3.77243e-05
        },
        "reg": {
            "SSE": 2.371954e-05,
            "SST": 0.1281546,
            "R2": 0.9998149,
            "RMSE": 0.001217568,
            "ymean": 0.1456248,
            "MSE": 1.482471e-06,
            "params": {
                "A": {
                    "coef": 0.589691,
                    "t": 79.9725,
                    "se": 0.0073737
                },
                "B": {
                    "coef": -0.505078,
                    "t": -14.8866,
                    "se": 0.033928
                },
                "C": {
                    "t": 20.6191,
                    "coef": 0.236936,
                    "se": 0.011491
                }
            }
        },
        "dist": {
            "PG": 13.8669,
            "HC": 41.0467,
            "elasticity": {
                "HC_wrt_mean_C": -1.32238,
                "FGT2_wrt_mean_C": -2.52796,
                "HC_wrt_Gini": 1.21345,
                "PG_wrt_Gini": 3.71622,
                "FGT2_wrt_Gini": 6.15497,
                "PG_wrt_mean_C": -1.96005
            },
            "Watt": "0.19109",
            "FGT2": 6.125
        },
        "inputs": {
            "line_month_ppp": 57.7917,
            "mean_month_ppp": 110.823
        }
    },
    "dataset": {
        "source": "MRT_N1993X",
        "year": 1993,
        "coverage": "National",
        "timespan": "UnDefined",
        "iso3c": "MRT",
        "format": "Grouped",
        "country": "Mauritania",
        "measure": "Consumption"
    },
    "summary": {
        "lorenz_validity": "Valid",
        "Z": {
            "high": 452.818,
            "low": 7.03362
        },
        "sse_up_to_hcindex": 6.91529e-07,
        "poverty_normality": "Normal",
        "sse_fitted": 5.47647e-06
    },
    "lorenz": {
        "L": [
            0.008379976,
            0.02040615,
            0.03475891,
            0.05134101,
            0.06976793,
            0.09013726,
            0.1125448,
            0.1370765,
            0.1638348,
            0.1932904,
            0.2251916,
            0.2597514,
            0.2979447,
            0.339901,
            0.3869556,
            0.4405126,
            0.5018992,
            0.5749557,
            0.6733406,
            1.0
        ],
        "index": [
            1,
            2,
            3,
            4,
            5,
            6,
            7,
            8,
            9,
            10,
            11,
            12,
            13,
            14,
            15,
            16,
            17,
            18,
            19,
            20
        ],
        "p": [
            0.05,
            0.1,
            0.15,
            0.2,
            0.25,
            0.3,
            0.35,
            0.4,
            0.45,
            0.5,
            0.55,
            0.6,
            0.65,
            0.7,
            0.75,
            0.8,
            0.85,
            0.9,
            0.95,
            1.0
        ]
    },
    "beta": {
        "implied": {
            "gamma": 0.9528693,
            "theta": 0.7375626,
            "delta": 0.3124414
        },
        "summary": {
            "lorenz_validity": "Valid",
            "Z": {
                "high": 452.818,
                "low": 7.03362
            },
            "sse_up_to_hcindex": 6.91529e-07,
            "poverty_normality": "Normal",
            "sse_fitted": 5.47647e-06
        },
        "inputs": {
            "line_month_ppp": 57.7917,
            "mean_month_ppp": 110.823
        },
        "dist": {
            "deciles": [
                2.04513,
                3.11285,
                3.89289,
                4.68885,
                5.57695,
                6.63678,
                8.00291,
                9.98003,
                13.5731,
                42.4905
            ],
            "mean_corrected_is_ppp": "(PPP$)",
            "mean_poor50": 0.379539,
            "mean_poor50_is_ppp": "(PPP$)",
            "PG": 13.6638,
            "HC": 41.1578,
            "median_ppp": 67.2684330870957,
            "median": 0.596316,
            "Gini": 50.0516,
            "elasticity": {
                "HC_wrt_mean_C": -1.41264,
                "FGT2_wrt_mean_C": -2.38597,
                "HC_wrt_Gini": 1.29628,
                "PG_wrt_Gini": 3.76405,
                "FGT2_wrt_Gini": 6.02468,
                "PG_wrt_mean_C": -2.01218
            },
            "Watt": "0.191083",
            "mean_corrected": 0.4907,
            "FGT2": 6.2307,
            "polarization": -130.268,
            "median_is_ppp": "(PPP$)",
            "MLD": 0.435751
        },
        "reg": {
            "SSE": 8.159703e-05,
            "SST": 6.321182,
            "R2": 0.9999871,
            "RMSE": 0.002258277,
            "ymean": -1.475085,
            "MSE": 5.099814e-06,
            "params": {
                "A": {
                    "coef": -0.304404,
                    "t": -157.889,
                    "se": 0.001928
                },
                "B": {
                    "coef": 0.952869,
                    "t": 896.802,
                    "se": 0.0010625
                },
                "C": {
                    "t": 294.057,
                    "coef": 0.312441,
                    "se": 0.0010625
                }
            }
        }
    }
}