{
    "dist": {
        "deciles": [
            1.41749,
            2.80725,
            4.10683,
            5.39462,
            6.74545,
            8.25435,
            10.0781,
            12.5511,
            16.6887,
            31.9562
        ],
        "mean_corrected_is_ppp": "(PPP$)",
        "uses": "GQ",
        "FGT2": 10.0731,
        "mean_poor50_is_ppp": "(PPP$)",
        "PG": 17.3482,
        "HC": 40.0512,
        "poverty_uses": "GQ",
        "median_ppp": 71.1814545551563,
        "poverty_uses_commentary": "(Beta is invalid.)",
        "mean_corrected": -0.00886472,
        "Gini": 43.939,
        "elasticity": {
            "HC_wrt_mean_C": -1.12587,
            "FGT2_wrt_mean_C": -1.44445,
            "HC_wrt_Gini": 0.732116,
            "PG_wrt_Gini": 2.50125,
            "FGT2_wrt_Gini": 4.23981,
            "PG_wrt_mean_C": -1.30867
        },
        "Watt": "0.287919",
        "median": 0.631004,
        "mean_poor50": 0.346152,
        "polarization": 40.5106,
        "median_is_ppp": "(PPP$)",
        "uses_commentary": "(Beta lorenz curves is invalid)",
        "MLD": 0.359602
    },
    "lorenz": {
        "L": [
            0.003869049,
            0.01322313,
            0.02657834,
            0.04268611,
            0.06191858,
            0.08412006,
            0.1092321,
            0.1372138,
            0.168636,
            0.2041586,
            0.2434375,
            0.2867703,
            0.3348976,
            0.3880282,
            0.4474644,
            0.5145765,
            0.5906808,
            0.6796488,
            0.7954101,
            1.0
        ],
        "index": [
            1,
            2,
            3,
            4,
            5,
            6,
            7,
            8,
            9,
            10,
            11,
            12,
            13,
            14,
            15,
            16,
            17,
            18,
            19,
            20
        ],
        "p": [
            0.05,
            0.1,
            0.15,
            0.2,
            0.25,
            0.3,
            0.35,
            0.4,
            0.45,
            0.5,
            0.55,
            0.6,
            0.65,
            0.7,
            0.75,
            0.8,
            0.85,
            0.9,
            0.95,
            1.0
        ]
    },
    "quadratic": {
        "summary": {
            "lorenz_validity": "Valid",
            "Z": {
                "high": 373.338,
                "low": 10.5225
            },
            "sse_up_to_hcindex": 4.89993e-06,
            "poverty_normality": "Normal",
            "sse_fitted": 8.96769e-06
        },
        "inputs": {
            "line_month_ppp": 57.7917,
            "mean_month_ppp": 95.3716
        },
        "dist": {
            "deciles": [
                1.41749,
                2.80725,
                4.10683,
                5.39462,
                6.74545,
                8.25435,
                10.0781,
                12.5511,
                16.6887,
                31.9562
            ],
            "mean_corrected_is_ppp": "(PPP$)",
            "mean_poor50": 0.346152,
            "mean_poor50_is_ppp": "(PPP$)",
            "PG": 17.3482,
            "HC": 40.0512,
            "median_ppp": 71.1814545551563,
            "median": 0.631004,
            "Gini": 43.939,
            "elasticity": {
                "HC_wrt_mean_C": -1.12587,
                "FGT2_wrt_mean_C": -1.44445,
                "HC_wrt_Gini": 0.732116,
                "PG_wrt_Gini": 2.50125,
                "FGT2_wrt_Gini": 4.23981,
                "PG_wrt_mean_C": -1.30867
            },
            "Watt": "0.287919",
            "mean_corrected": 0.473964,
            "FGT2": 10.0731,
            "polarization": 40.5106,
            "median_is_ppp": "(PPP$)",
            "MLD": 0.359602
        },
        "reg": {
            "SSE": 1.266214e-05,
            "SST": 0.1337983,
            "R2": 0.9999054,
            "RMSE": 0.0008895976,
            "ymean": 0.1423845,
            "MSE": 7.913839e-07,
            "params": {
                "A": {
                    "coef": 1.07773,
                    "t": 203.898,
                    "se": 0.0052856
                },
                "B": {
                    "coef": -0.86283,
                    "t": -43.6781,
                    "se": 0.019754
                },
                "C": {
                    "t": 14.0376,
                    "coef": 0.0869893,
                    "se": 0.0061969
                }
            }
        }
    },
    "dataset": {
        "source": "MRT_N1987X",
        "year": 1987,
        "coverage": "National",
        "timespan": "UnDefined",
        "iso3c": "MRT",
        "format": "Grouped",
        "country": "Mauritania",
        "measure": "Consumption"
    },
    "summary": {
        "lorenz_validity": "Valid",
        "Z": {
            "high": 373.338,
            "low": 10.5225
        },
        "sse_up_to_hcindex": 4.89993e-06,
        "poverty_normality": "Normal",
        "sse_fitted": 8.96769e-06
    },
    "inputs": {
        "line_month_ppp": 57.7917,
        "mean_month_ppp": 95.3716
    },
    "beta": {
        "implied": {
            "theta": 0.8404645,
            "gamma": 0.9627486,
            "delta": 0.5419888
        },
        "summary": {
            "lorenz_validity": "Invalid",
            "Z": {
                "high": 337.744,
                "low": 0.0
            },
            "sse_up_to_hcindex": 7.99032e-06,
            "poverty_normality": "Normal",
            "sse_fitted": 3.98871e-05
        },
        "reg": {
            "SSE": 0.001007358,
            "SST": 4.7209,
            "R2": 0.9997866,
            "RMSE": 0.007934727,
            "ymean": -1.566002,
            "MSE": 6.295989e-05,
            "params": {
                "A": {
                    "coef": -0.173801,
                    "t": -25.6564,
                    "se": 0.0067742
                },
                "B": {
                    "coef": 0.962749,
                    "t": 257.882,
                    "se": 0.0037333
                },
                "C": {
                    "t": 145.177,
                    "coef": 0.541989,
                    "se": 0.0037333
                }
            }
        },
        "dist": {
            "PG": 17.5126,
            "HC": 40.18,
            "elasticity": {
                "HC_wrt_mean_C": -1.08469,
                "FGT2_wrt_mean_C": -1.4046,
                "HC_wrt_Gini": 0.705337,
                "PG_wrt_Gini": 2.49193,
                "FGT2_wrt_Gini": 4.2139,
                "PG_wrt_mean_C": -1.29434
            },
            "Watt": "0.275571",
            "FGT2": 10.2876
        },
        "inputs": {
            "line_month_ppp": 57.7917,
            "mean_month_ppp": 95.3716
        }
    }
}