{
    "dist": {
        "deciles": [
            1.74421,
            2.62607,
            3.55781,
            4.57555,
            5.7321,
            7.11449,
            8.8871,
            11.425,
            15.9212,
            38.4165
        ],
        "mean_corrected_is_ppp": "(PPP$)",
        "uses": "GQ",
        "FGT2": 0.00559917,
        "mean_poor50_is_ppp": "(PPP$)",
        "PG": 0.0348078,
        "HC": 0.402797,
        "poverty_uses": "GQ",
        "median_ppp": 327.881007340744,
        "poverty_uses_commentary": "(Both are valid and normal, but GQ fits better.)",
        "mean_corrected": -0.630483,
        "Gini": 49.1497,
        "elasticity": {
            "HC_wrt_mean_C": -10.0394,
            "FGT2_wrt_mean_C": -10.4332,
            "HC_wrt_Gini": 79.2974,
            "PG_wrt_Gini": 92.4034,
            "FGT2_wrt_Gini": 100.205,
            "PG_wrt_mean_C": -10.572
        },
        "Watt": "0.000380924",
        "median": 206.723,
        "mean_poor50": 118.254,
        "polarization": 45.1052,
        "median_is_ppp": "(PPP$)",
        "uses_commentary": "(Both are valid, but GQ fits better)",
        "MLD": 0.421115
    },
    "inputs": {
        "line_month_ppp": 57.7917,
        "mean_month_ppp": 514.267
    },
    "quadratic": {
        "summary": {
            "lorenz_validity": "Valid",
            "Z": {
                "high": 2327.99,
                "low": 71.9491
            },
            "sse_up_to_hcindex": 1.292e-06,
            "poverty_normality": "Normal",
            "sse_fitted": 6.22176e-06
        },
        "inputs": {
            "line_month_ppp": 57.7917,
            "mean_month_ppp": 514.267
        },
        "dist": {
            "deciles": [
                1.74421,
                2.62607,
                3.55781,
                4.57555,
                5.7321,
                7.11449,
                8.8871,
                11.425,
                15.9212,
                38.4165
            ],
            "mean_corrected_is_ppp": "(PPP$)",
            "mean_poor50": 118.254,
            "mean_poor50_is_ppp": "(PPP$)",
            "PG": 0.0,
            "HC": 0.0,
            "median_ppp": 327.881007340744,
            "median": 206.723,
            "Gini": 49.1497,
            "elasticity": {
                "HC_wrt_mean_C": 0.0,
                "FGT2_wrt_mean_C": 0.0,
                "HC_wrt_Gini": 0.0,
                "PG_wrt_Gini": 0.0,
                "FGT2_wrt_Gini": 0.0,
                "PG_wrt_mean_C": 0.0
            },
            "Watt": "0",
            "mean_corrected": 164.875,
            "FGT2": 0.0,
            "polarization": 45.1052,
            "median_is_ppp": "(PPP$)",
            "MLD": 0.421115
        },
        "reg": {
            "SSE": 1.395954e-05,
            "SST": 0.1311083,
            "R2": 0.9998935,
            "RMSE": 0.0009340618,
            "ymean": 0.140064,
            "MSE": 8.724715e-07,
            "params": {
                "A": {
                    "coef": 0.801335,
                    "t": 200.381,
                    "se": 0.003999
                },
                "B": {
                    "coef": -0.195433,
                    "t": -7.02309,
                    "se": 0.027827
                },
                "C": {
                    "t": 30.1858,
                    "coef": 0.242661,
                    "se": 0.0080389
                }
            }
        }
    },
    "dataset": {
        "source": "MYS_N1997Y",
        "year": 1997,
        "coverage": "National",
        "timespan": "UnDefined",
        "iso3c": "MYS",
        "format": "Grouped",
        "country": "Malaysia",
        "measure": "Income"
    },
    "summary": {
        "lorenz_validity": "Valid",
        "Z": {
            "high": 2327.99,
            "low": 71.9491
        },
        "sse_up_to_hcindex": 2.88955e-07,
        "poverty_normality": "Normal",
        "sse_fitted": 6.22176e-06
    },
    "lorenz": {
        "L": [
            0.006501761,
            0.01641968,
            0.02886463,
            0.0435717,
            0.06051094,
            0.07973525,
            0.1013492,
            0.1255134,
            0.152527,
            0.1825315,
            0.2159754,
            0.2533181,
            0.2949547,
            0.3418067,
            0.3950886,
            0.45635,
            0.5283688,
            0.6165733,
            0.7339714,
            1.0
        ],
        "index": [
            1,
            2,
            3,
            4,
            5,
            6,
            7,
            8,
            9,
            10,
            11,
            12,
            13,
            14,
            15,
            16,
            17,
            18,
            19,
            20
        ],
        "p": [
            0.05,
            0.1,
            0.15,
            0.2,
            0.25,
            0.3,
            0.35,
            0.4,
            0.45,
            0.5,
            0.55,
            0.6,
            0.65,
            0.7,
            0.75,
            0.8,
            0.85,
            0.9,
            0.95,
            1.0
        ]
    },
    "beta": {
        "implied": {
            "gamma": 0.99094,
            "theta": 0.8551065,
            "delta": 0.4357168
        },
        "summary": {
            "lorenz_validity": "Valid",
            "Z": {
                "high": 2138.73,
                "low": 54.7608
            },
            "sse_up_to_hcindex": 2.88955e-07,
            "poverty_normality": "Normal",
            "sse_fitted": 8.14961e-05
        },
        "inputs": {
            "line_month_ppp": 57.7917,
            "mean_month_ppp": 514.267
        },
        "dist": {
            "deciles": [
                1.66045,
                2.59402,
                3.54388,
                4.59446,
                5.79793,
                7.23188,
                9.03926,
                11.5416,
                15.7504,
                38.2462
            ],
            "mean_corrected_is_ppp": "(PPP$)",
            "mean_poor50": 117.962,
            "mean_poor50_is_ppp": "(PPP$)",
            "PG": 0.0348078,
            "HC": 0.402797,
            "median_ppp": 332.615109788298,
            "median": 209.708,
            "Gini": 49.1978,
            "elasticity": {
                "HC_wrt_mean_C": -10.0394,
                "FGT2_wrt_mean_C": -10.4332,
                "HC_wrt_Gini": 79.2974,
                "PG_wrt_Gini": 92.4034,
                "FGT2_wrt_Gini": 100.205,
                "PG_wrt_mean_C": -10.572
            },
            "Watt": "0.000380924",
            "mean_corrected": 164.719,
            "FGT2": 0.00559917,
            "polarization": -113.102,
            "median_is_ppp": "(PPP$)",
            "MLD": 0.427074
        },
        "reg": {
            "SSE": 0.001249351,
            "SST": 5.805485,
            "R2": 0.9997848,
            "RMSE": 0.008836541,
            "ymean": -1.476489,
            "MSE": 7.808445e-05,
            "params": {
                "A": {
                    "coef": -0.156529,
                    "t": -20.7487,
                    "se": 0.0075441
                },
                "B": {
                    "coef": 0.99094,
                    "t": 238.345,
                    "se": 0.0041576
                },
                "C": {
                    "t": 104.8,
                    "coef": 0.435717,
                    "se": 0.0041576
                }
            }
        }
    }
}