{
    "dist": {
        "deciles": [
            1.89385,
            2.77224,
            3.70252,
            4.72069,
            5.87959,
            7.26652,
            9.04646,
            11.5955,
            16.1058,
            37.0169
        ],
        "mean_corrected_is_ppp": "(PPP$)",
        "uses": "GQ",
        "FGT2": 0.0136089,
        "mean_poor50_is_ppp": "(PPP$)",
        "PG": 0.102039,
        "HC": 1.26155,
        "poverty_uses": "GQ",
        "median_ppp": 258.76303310009,
        "poverty_uses_commentary": "(Both are valid and normal, but GQ fits better.)",
        "mean_corrected": -0.630483,
        "Gini": 47.6537,
        "elasticity": {
            "HC_wrt_mean_C": -8.76435,
            "FGT2_wrt_mean_C": -12.9959,
            "HC_wrt_Gini": 51.377,
            "PG_wrt_Gini": 73.4752,
            "FGT2_wrt_Gini": 89.9067,
            "PG_wrt_mean_C": -11.3635
        },
        "Watt": "0.00109682",
        "median": 163.146,
        "mean_poor50": 94.8558,
        "polarization": 44.1637,
        "median_is_ppp": "(PPP$)",
        "uses_commentary": "(Both are valid, but GQ fits better)",
        "MLD": 0.391256
    },
    "inputs": {
        "line_month_ppp": 57.7917,
        "mean_month_ppp": 396.569
    },
    "quadratic": {
        "summary": {
            "lorenz_validity": "Valid",
            "Z": {
                "high": 1781.75,
                "low": 62.4288
            },
            "sse_up_to_hcindex": 1.57524e-06,
            "poverty_normality": "Normal",
            "sse_fitted": 5.49153e-06
        },
        "inputs": {
            "line_month_ppp": 57.7917,
            "mean_month_ppp": 396.569
        },
        "dist": {
            "deciles": [
                1.89385,
                2.77224,
                3.70252,
                4.72069,
                5.87959,
                7.26652,
                9.04646,
                11.5955,
                16.1058,
                37.0169
            ],
            "mean_corrected_is_ppp": "(PPP$)",
            "mean_poor50": 94.8558,
            "mean_poor50_is_ppp": "(PPP$)",
            "PG": 0.0,
            "HC": 0.0,
            "median_ppp": 258.76303310009,
            "median": 163.146,
            "Gini": 47.6537,
            "elasticity": {
                "HC_wrt_mean_C": 0.0,
                "FGT2_wrt_mean_C": 0.0,
                "HC_wrt_Gini": 0.0,
                "PG_wrt_Gini": 0.0,
                "FGT2_wrt_Gini": 0.0,
                "PG_wrt_mean_C": 0.0
            },
            "Watt": "0",
            "mean_corrected": 130.881,
            "FGT2": 0.0,
            "polarization": 44.1637,
            "median_is_ppp": "(PPP$)",
            "MLD": 0.391256
        },
        "reg": {
            "SSE": 1.146353e-05,
            "SST": 0.05983649,
            "R2": 0.9998084,
            "RMSE": 0.001382241,
            "ymean": 0.145575,
            "MSE": 1.910589e-06,
            "params": {
                "A": {
                    "coef": 0.809457,
                    "t": 93.0442,
                    "se": 0.0086997
                },
                "B": {
                    "coef": -0.204912,
                    "t": -3.05254,
                    "se": 0.067128
                },
                "C": {
                    "t": 13.6114,
                    "coef": 0.275378,
                    "se": 0.020232
                }
            }
        }
    },
    "dataset": {
        "source": "MYS_N1992Y",
        "year": 1992,
        "coverage": "National",
        "timespan": "UnDefined",
        "iso3c": "MYS",
        "format": "Grouped",
        "country": "Malaysia",
        "measure": "Income"
    },
    "summary": {
        "lorenz_validity": "Valid",
        "Z": {
            "high": 1781.75,
            "low": 62.4288
        },
        "sse_up_to_hcindex": 3.23037e-07,
        "poverty_normality": "Normal",
        "sse_fitted": 5.49153e-06
    },
    "lorenz": {
        "L": [
            0.01768344,
            0.04641573,
            0.08413512,
            0.1316082,
            0.19013,
            0.2620269,
            0.351845,
            0.468413,
            0.6311588,
            1.0
        ],
        "index": [
            1,
            2,
            3,
            4,
            5,
            6,
            7,
            8,
            9,
            10
        ],
        "p": [
            0.1,
            0.2,
            0.3,
            0.4,
            0.5,
            0.6,
            0.7,
            0.8,
            0.9,
            1.0
        ]
    },
    "beta": {
        "implied": {
            "gamma": 0.9920914,
            "theta": 0.841372,
            "delta": 0.4462339
        },
        "summary": {
            "lorenz_validity": "Valid",
            "Z": {
                "high": 1608.28,
                "low": 51.2719
            },
            "sse_up_to_hcindex": 3.23037e-07,
            "poverty_normality": "Normal",
            "sse_fitted": 2.96846e-05
        },
        "inputs": {
            "line_month_ppp": 57.7917,
            "mean_month_ppp": 396.569
        },
        "dist": {
            "deciles": [
                1.82518,
                2.74711,
                3.69459,
                4.74337,
                5.9435,
                7.37032,
                9.16275,
                11.6325,
                15.7563,
                37.1243
            ],
            "mean_corrected_is_ppp": "(PPP$)",
            "mean_poor50": 94.7801,
            "mean_poor50_is_ppp": "(PPP$)",
            "PG": 0.102039,
            "HC": 1.26155,
            "median_ppp": 262.157288078936,
            "median": 165.286,
            "Gini": 47.8139,
            "elasticity": {
                "HC_wrt_mean_C": -8.76435,
                "FGT2_wrt_mean_C": -12.9959,
                "HC_wrt_Gini": 51.377,
                "PG_wrt_Gini": 73.4752,
                "FGT2_wrt_Gini": 89.9067,
                "PG_wrt_mean_C": -11.3635
            },
            "Watt": "0.00109682",
            "mean_corrected": 130.481,
            "FGT2": 0.0136089,
            "polarization": -115.449,
            "median_is_ppp": "(PPP$)",
            "MLD": 0.398994
        },
        "reg": {
            "SSE": 0.0003880667,
            "SST": 1.805073,
            "R2": 0.999785,
            "RMSE": 0.00804225,
            "ymean": -1.438677,
            "MSE": 6.467778e-05,
            "params": {
                "A": {
                    "coef": -0.172721,
                    "t": -13.5521,
                    "se": 0.012745
                },
                "B": {
                    "coef": 0.992091,
                    "t": 134.586,
                    "se": 0.0073714
                },
                "C": {
                    "t": 60.5358,
                    "coef": 0.446234,
                    "se": 0.0073714
                }
            }
        }
    }
}