{
    "dist": {
        "deciles": [
            1.80007,
            2.68839,
            3.62473,
            4.64543,
            5.80328,
            7.18503,
            8.95425,
            11.4837,
            15.958,
            37.8571
        ],
        "mean_corrected_is_ppp": "(PPP$)",
        "uses": "GQ",
        "FGT2": 0.0423513,
        "mean_poor50_is_ppp": "(PPP$)",
        "PG": 0.210992,
        "HC": 1.75085,
        "poverty_uses": "GQ",
        "median_ppp": 265.999453784942,
        "poverty_uses_commentary": "(Both are valid and normal, but GQ fits better.)",
        "mean_corrected": -0.630483,
        "Gini": 48.5227,
        "elasticity": {
            "HC_wrt_mean_C": -5.9688,
            "FGT2_wrt_mean_C": -7.96391,
            "HC_wrt_Gini": 36.645,
            "PG_wrt_Gini": 51.9461,
            "FGT2_wrt_Gini": 63.1728,
            "PG_wrt_mean_C": -7.29818
        },
        "Watt": "0.00236929",
        "median": 167.708,
        "mean_poor50": 96.5727,
        "polarization": 44.5284,
        "median_is_ppp": "(PPP$)",
        "uses_commentary": "(Both are valid, but GQ fits better)",
        "MLD": 0.408782
    },
    "inputs": {
        "line_month_ppp": 57.7917,
        "mean_month_ppp": 412.6
    },
    "quadratic": {
        "summary": {
            "lorenz_validity": "Valid",
            "Z": {
                "high": 1855.72,
                "low": 60.6618
            },
            "sse_up_to_hcindex": 1.43609e-06,
            "poverty_normality": "Normal",
            "sse_fitted": 5.48754e-06
        },
        "inputs": {
            "line_month_ppp": 57.7917,
            "mean_month_ppp": 412.6
        },
        "dist": {
            "deciles": [
                1.80007,
                2.68839,
                3.62473,
                4.64543,
                5.80328,
                7.18503,
                8.95425,
                11.4837,
                15.958,
                37.8571
            ],
            "mean_corrected_is_ppp": "(PPP$)",
            "mean_poor50": 96.5727,
            "mean_poor50_is_ppp": "(PPP$)",
            "PG": 0.0053531,
            "HC": 0.415951,
            "median_ppp": 265.999453784942,
            "median": 167.708,
            "Gini": 48.5227,
            "elasticity": {
                "HC_wrt_mean_C": -38.8467,
                "FGT2_wrt_mean_C": -114.558,
                "HC_wrt_Gini": 238.497,
                "PG_wrt_Gini": 478.051,
                "FGT2_wrt_Gini": 717.598,
                "PG_wrt_mean_C": -76.7029
            },
            "Watt": "5.507E-05",
            "mean_corrected": 133.912,
            "FGT2": 9.18532e-05,
            "polarization": 44.5284,
            "median_is_ppp": "(PPP$)",
            "MLD": 0.408782
        },
        "reg": {
            "SSE": 1.060968e-05,
            "SST": 0.0605741,
            "R2": 0.9998248,
            "RMSE": 0.001329767,
            "ymean": 0.1442322,
            "MSE": 1.76828e-06,
            "params": {
                "A": {
                    "coef": 0.804652,
                    "t": 97.9898,
                    "se": 0.0082116
                },
                "B": {
                    "coef": -0.224997,
                    "t": -3.59454,
                    "se": 0.062594
                },
                "C": {
                    "t": 13.6789,
                    "coef": 0.249628,
                    "se": 0.018249
                }
            }
        }
    },
    "dataset": {
        "source": "MYS_N1995Y",
        "year": 1995,
        "coverage": "National",
        "timespan": "UnDefined",
        "iso3c": "MYS",
        "format": "Grouped",
        "country": "Malaysia",
        "measure": "Income"
    },
    "summary": {
        "lorenz_validity": "Valid",
        "Z": {
            "high": 1855.72,
            "low": 60.6618
        },
        "sse_up_to_hcindex": 2.21725e-07,
        "poverty_normality": "Normal",
        "sse_fitted": 5.48754e-06
    },
    "lorenz": {
        "L": [
            0.0168023,
            0.04453182,
            0.08163405,
            0.1283833,
            0.1859226,
            0.2570867,
            0.3463561,
            0.4612061,
            0.6228283,
            1.0
        ],
        "index": [
            1,
            2,
            3,
            4,
            5,
            6,
            7,
            8,
            9,
            10
        ],
        "p": [
            0.1,
            0.2,
            0.3,
            0.4,
            0.5,
            0.6,
            0.7,
            0.8,
            0.9,
            1.0
        ]
    },
    "beta": {
        "implied": {
            "gamma": 0.9884946,
            "theta": 0.8433903,
            "delta": 0.4346317
        },
        "summary": {
            "lorenz_validity": "Valid",
            "Z": {
                "high": 1699.55,
                "low": 44.4927
            },
            "sse_up_to_hcindex": 2.21725e-07,
            "poverty_normality": "Normal",
            "sse_fitted": 2.34981e-05
        },
        "inputs": {
            "line_month_ppp": 57.7917,
            "mean_month_ppp": 412.6
        },
        "dist": {
            "deciles": [
                1.72732,
                2.67786,
                3.62429,
                4.66538,
                5.85484,
                7.27008,
                9.05257,
                11.5199,
                15.6716,
                37.9361
            ],
            "mean_corrected_is_ppp": "(PPP$)",
            "mean_poor50": 96.5092,
            "mean_poor50_is_ppp": "(PPP$)",
            "PG": 0.210992,
            "HC": 1.75085,
            "median_ppp": 268.856828610495,
            "median": 169.51,
            "Gini": 48.6605,
            "elasticity": {
                "HC_wrt_mean_C": -5.9688,
                "FGT2_wrt_mean_C": -7.96391,
                "HC_wrt_Gini": 36.645,
                "PG_wrt_Gini": 51.9461,
                "FGT2_wrt_Gini": 63.1728,
                "PG_wrt_mean_C": -7.29818
            },
            "Watt": "0.00236929",
            "mean_corrected": 133.553,
            "FGT2": 0.0423513,
            "polarization": -114.613,
            "median_is_ppp": "(PPP$)",
            "MLD": 0.415975
        },
        "reg": {
            "SSE": 0.0002910671,
            "SST": 1.824535,
            "R2": 0.9998405,
            "RMSE": 0.006964997,
            "ymean": -1.422904,
            "MSE": 4.851118e-05,
            "params": {
                "A": {
                    "coef": -0.170325,
                    "t": -15.4311,
                    "se": 0.011038
                },
                "B": {
                    "coef": 0.988495,
                    "t": 154.839,
                    "se": 0.006384
                },
                "C": {
                    "t": 68.0812,
                    "coef": 0.434632,
                    "se": 0.006384
                }
            }
        }
    }
}