{
    "dist": {
        "elasticity": {
            "HC_wrt_mean_C": -0.54307,
            "FGT2_wrt_mean_C": -1.1962,
            "HC_wrt_Gini": 1.3026,
            "PG_wrt_Gini": 5.56653,
            "FGT2_wrt_Gini": 9.66637,
            "PG_wrt_mean_C": -0.903841
        },
        "Watt": "0.466816",
        "uses": "neither",
        "FGT2": 17.3775,
        "poverty_uses": "GQ",
        "PG": 27.7709,
        "HC": 52.8714,
        "poverty_uses_commentary": "(Both are invalid but normal, but GQ fits better.)",
        "uses_commentary": "(Neither GQ nor Beta is invalid)"
    },
    "lorenz": {
        "L": [
            0.005005005,
            0.01401401,
            0.02702703,
            0.04404404,
            0.06706707,
            0.0980981,
            0.1431431,
            0.2132132,
            0.3553554,
            1.0
        ],
        "index": [
            1,
            2,
            3,
            4,
            5,
            6,
            7,
            8,
            9,
            10
        ],
        "p": [
            0.1,
            0.2,
            0.3,
            0.4,
            0.5,
            0.6,
            0.7,
            0.8,
            0.9,
            1.0
        ]
    },
    "quadratic": {
        "summary": {
            "lorenz_validity": "Invalid",
            "Z": {
                "high": 1301.94,
                "low": 13.9824
            },
            "sse_up_to_hcindex": 4.44678e-06,
            "poverty_normality": "Normal",
            "sse_fitted": 5.30437e-05
        },
        "reg": {
            "SSE": 0.000409893,
            "SST": 0.04628995,
            "R2": 0.9911451,
            "RMSE": 0.00826532,
            "ymean": 0.08419186,
            "MSE": 6.831551e-05,
            "params": {
                "A": {
                    "coef": 0.476878,
                    "t": 13.6404,
                    "se": 0.034961
                },
                "B": {
                    "coef": 6.20915,
                    "t": 4.97061,
                    "se": 1.2492
                },
                "C": {
                    "t": 4.16308,
                    "coef": 0.409881,
                    "se": 0.098456
                }
            }
        },
        "dist": {
            "PG": 27.7709,
            "HC": 52.8714,
            "elasticity": {
                "HC_wrt_mean_C": -0.54307,
                "FGT2_wrt_mean_C": -1.1962,
                "HC_wrt_Gini": 1.3026,
                "PG_wrt_Gini": 5.56653,
                "FGT2_wrt_Gini": 9.66637,
                "PG_wrt_mean_C": -0.903841
            },
            "Watt": "0.466816",
            "FGT2": 17.3775
        },
        "inputs": {
            "line_month_ppp": 57.7917,
            "mean_month_ppp": 196.41
        }
    },
    "dataset": {
        "source": "NAM_N1993Y",
        "year": 1993,
        "coverage": "National",
        "timespan": "UnDefined",
        "iso3c": "NAM",
        "format": "Grouped",
        "country": "Namibia",
        "measure": "Income"
    },
    "summary": {
        "lorenz_validity": "Invalid",
        "Z": {
            "high": -1.0,
            "low": -1.0
        },
        "sse_up_to_hcindex": 4.44678e-06,
        "poverty_normality": "Normal",
        "sse_fitted": -1.0
    },
    "inputs": {
        "line_month_ppp": 57.7917,
        "mean_month_ppp": 196.41
    },
    "beta": {
        "implied": {
            "theta": 1.043193,
            "gamma": 1.035674,
            "delta": 0.2268005
        },
        "summary": {
            "lorenz_validity": "Invalid",
            "Z": {
                "high": 1042.07,
                "low": 34.6283
            },
            "sse_up_to_hcindex": 3.29622e-05,
            "poverty_normality": "Normal",
            "sse_fitted": 0.000355339
        },
        "reg": {
            "SSE": 0.001513236,
            "SST": 3.012602,
            "R2": 0.9994977,
            "RMSE": 0.01588099,
            "ymean": -1.068892,
            "MSE": 0.0002522059,
            "params": {
                "A": {
                    "coef": 0.0422866,
                    "t": 1.68022,
                    "se": 0.025167
                },
                "B": {
                    "coef": 1.03567,
                    "t": 71.1496,
                    "se": 0.014556
                },
                "C": {
                    "t": 15.5809,
                    "coef": 0.2268,
                    "se": 0.014556
                }
            }
        },
        "dist": {
            "PG": 27.8532,
            "HC": 49.7808,
            "elasticity": {
                "HC_wrt_mean_C": -0.56244,
                "FGT2_wrt_mean_C": -0.99478,
                "HC_wrt_Gini": 1.34906,
                "PG_wrt_Gini": 5.28689,
                "FGT2_wrt_Gini": 9.18324,
                "PG_wrt_mean_C": -0.787256
            },
            "Watt": "0.48674",
            "FGT2": 18.6012
        },
        "inputs": {
            "line_month_ppp": 57.7917,
            "mean_month_ppp": 196.41
        }
    }
}