{
    "dist": {
        "deciles": [
            3.00422,
            4.44746,
            5.39905,
            6.31605,
            7.28785,
            8.38764,
            9.72324,
            11.5203,
            14.4724,
            29.4418
        ],
        "mean_corrected_is_ppp": "(PPP$)",
        "uses": "Beta",
        "FGT2": 18.3472,
        "mean_poor50_is_ppp": "(PPP$)",
        "PG": 34.1248,
        "HC": 78.1939,
        "poverty_uses": "Beta",
        "median_ppp": 36.943189578294,
        "poverty_uses_commentary": "(Both are valid and normal, but Beta fits better.)",
        "mean_corrected": -0.00437152,
        "Gini": 36.0976,
        "elasticity": {
            "HC_wrt_mean_C": -0.625958,
            "FGT2_wrt_mean_C": -1.71989,
            "HC_wrt_Gini": -0.113573,
            "PG_wrt_Gini": 0.584249,
            "FGT2_wrt_Gini": 1.32507,
            "PG_wrt_mean_C": -1.29141
        },
        "Watt": "0.51265",
        "median": 0.161498,
        "mean_poor50": 0.109416,
        "polarization": -140.915,
        "median_is_ppp": "(PPP$)",
        "uses_commentary": "(Both are valid, but Beta fits better)",
        "MLD": 0.222886
    },
    "inputs": {
        "line_month_ppp": 57.7917,
        "mean_month_ppp": 47.306
    },
    "quadratic": {
        "summary": {
            "lorenz_validity": "Valid",
            "Z": {
                "high": 151.255,
                "low": 16.1681
            },
            "sse_up_to_hcindex": 1.34242e-05,
            "poverty_normality": "Normal",
            "sse_fitted": 2.41247e-05
        },
        "inputs": {
            "line_month_ppp": 57.7917,
            "mean_month_ppp": 47.306
        },
        "dist": {
            "deciles": [
                3.19281,
                4.32386,
                5.33435,
                6.30414,
                7.29803,
                8.38956,
                9.69349,
                11.451,
                14.4057,
                29.607
            ],
            "mean_corrected_is_ppp": "(PPP$)",
            "mean_poor50": 0.10941,
            "mean_poor50_is_ppp": "(PPP$)",
            "PG": 34.1944,
            "HC": 78.5152,
            "median_ppp": 36.9938195196229,
            "median": 0.161719,
            "Gini": 36.0877,
            "elasticity": {
                "HC_wrt_mean_C": -0.617994,
                "FGT2_wrt_mean_C": -1.73922,
                "HC_wrt_Gini": -0.112128,
                "PG_wrt_Gini": 0.58339,
                "FGT2_wrt_Gini": 1.32156,
                "PG_wrt_mean_C": -1.29614
            },
            "Watt": "0.519592",
            "mean_corrected": 0.13217,
            "FGT2": 18.2896,
            "polarization": 28.1476,
            "median_is_ppp": "(PPP$)",
            "MLD": 0.221298
        },
        "reg": {
            "SSE": 1.162348e-05,
            "SST": 0.05038944,
            "R2": 0.9997693,
            "RMSE": 0.00139185,
            "ymean": 0.1653859,
            "MSE": 1.937247e-06,
            "params": {
                "A": {
                    "coef": 0.79234,
                    "t": 58.5445,
                    "se": 0.013534
                },
                "B": {
                    "coef": -1.18817,
                    "t": -22.4217,
                    "se": 0.052992
                },
                "C": {
                    "t": 7.44257,
                    "coef": 0.207733,
                    "se": 0.027911
                }
            }
        }
    },
    "dataset": {
        "source": "NER_N1992X",
        "year": 1992,
        "coverage": "National",
        "timespan": "UnDefined",
        "iso3c": "NER",
        "format": "Grouped",
        "country": "Niger",
        "measure": "Consumption"
    },
    "summary": {
        "lorenz_validity": "Valid",
        "Z": {
            "high": 147.623,
            "low": 5.22299
        },
        "sse_up_to_hcindex": 1.23964e-05,
        "poverty_normality": "Normal",
        "sse_fitted": 1.50174e-05
    },
    "lorenz": {
        "L": [
            0.02968313,
            0.07482227,
            0.1292312,
            0.1929916,
            0.2653369,
            0.3477412,
            0.4435191,
            0.5587979,
            0.7072013,
            1.0
        ],
        "index": [
            1,
            2,
            3,
            4,
            5,
            6,
            7,
            8,
            9,
            10
        ],
        "p": [
            0.1,
            0.2,
            0.3,
            0.4,
            0.5,
            0.6,
            0.7,
            0.8,
            0.9,
            1.0
        ]
    },
    "beta": {
        "implied": {
            "gamma": 0.9202681,
            "theta": 0.6108399,
            "delta": 0.4550826
        },
        "summary": {
            "lorenz_validity": "Valid",
            "Z": {
                "high": 147.623,
                "low": 5.22299
            },
            "sse_up_to_hcindex": 1.23964e-05,
            "poverty_normality": "Normal",
            "sse_fitted": 1.50174e-05
        },
        "inputs": {
            "line_month_ppp": 57.7917,
            "mean_month_ppp": 47.306
        },
        "dist": {
            "deciles": [
                3.00422,
                4.44746,
                5.39905,
                6.31605,
                7.28785,
                8.38764,
                9.72324,
                11.5203,
                14.4724,
                29.4418
            ],
            "mean_corrected_is_ppp": "(PPP$)",
            "mean_poor50": 0.109416,
            "mean_poor50_is_ppp": "(PPP$)",
            "PG": 34.1248,
            "HC": 78.1939,
            "median_ppp": 36.943189578294,
            "median": 0.161498,
            "Gini": 36.0976,
            "elasticity": {
                "HC_wrt_mean_C": -0.625958,
                "FGT2_wrt_mean_C": -1.71989,
                "HC_wrt_Gini": -0.113573,
                "PG_wrt_Gini": 0.584249,
                "FGT2_wrt_Gini": 1.32507,
                "PG_wrt_mean_C": -1.29141
            },
            "Watt": "0.51265",
            "mean_corrected": 0.13215,
            "FGT2": 18.3472,
            "polarization": -140.915,
            "median_is_ppp": "(PPP$)",
            "MLD": 0.222886
        },
        "reg": {
            "SSE": 0.0003227853,
            "SST": 1.436581,
            "R2": 0.9997753,
            "RMSE": 0.007334681,
            "ymean": -1.703449,
            "MSE": 5.379754e-05,
            "params": {
                "A": {
                    "coef": -0.49292,
                    "t": -42.4067,
                    "se": 0.011624
                },
                "B": {
                    "coef": 0.920268,
                    "t": 136.886,
                    "se": 0.0067229
                },
                "C": {
                    "t": 67.6918,
                    "coef": 0.455083,
                    "se": 0.0067229
                }
            }
        }
    }
}