{
    "dist": {
        "deciles": [
            4.04514,
            5.06581,
            5.99379,
            6.89498,
            7.82607,
            8.85406,
            10.0854,
            11.7437,
            14.5076,
            24.9834
        ],
        "mean_corrected_is_ppp": "(PPP$)",
        "uses": "GQ",
        "FGT2": 13.3951,
        "mean_poor50_is_ppp": "(PPP$)",
        "PG": 28.3571,
        "HC": 74.7724,
        "poverty_uses": "GQ",
        "median_ppp": 41.2218648065149,
        "poverty_uses_commentary": "(Both are valid and normal, but GQ fits better.)",
        "mean_corrected": -0.038821,
        "Gini": 30.0575,
        "elasticity": {
            "HC_wrt_mean_C": -0.796108,
            "FGT2_wrt_mean_C": -2.23397,
            "HC_wrt_Gini": -0.113354,
            "PG_wrt_Gini": 0.624557,
            "FGT2_wrt_Gini": 1.39714,
            "PG_wrt_mean_C": -1.63681
        },
        "Watt": "0.401803",
        "median": 1.60027,
        "mean_poor50": 1.14775,
        "polarization": 24.7464,
        "median_is_ppp": "(PPP$)",
        "uses_commentary": "(Both are valid, but GQ fits better)",
        "MLD": 0.147177
    },
    "inputs": {
        "line_month_ppp": 57.7917,
        "mean_month_ppp": 49.563
    },
    "quadratic": {
        "summary": {
            "lorenz_validity": "Valid",
            "Z": {
                "high": 144.909,
                "low": 21.3151
            },
            "sse_up_to_hcindex": 1.09349e-06,
            "poverty_normality": "Normal",
            "sse_fitted": 5.47328e-06
        },
        "inputs": {
            "line_month_ppp": 57.7917,
            "mean_month_ppp": 49.563
        },
        "dist": {
            "deciles": [
                4.04514,
                5.06581,
                5.99379,
                6.89498,
                7.82607,
                8.85406,
                10.0854,
                11.7437,
                14.5076,
                24.9834
            ],
            "mean_corrected_is_ppp": "(PPP$)",
            "mean_poor50": 1.14775,
            "mean_poor50_is_ppp": "(PPP$)",
            "PG": 28.3571,
            "HC": 74.7724,
            "median_ppp": 41.2218648065149,
            "median": 1.60027,
            "Gini": 30.0575,
            "elasticity": {
                "HC_wrt_mean_C": -0.796108,
                "FGT2_wrt_mean_C": -2.23397,
                "HC_wrt_Gini": -0.113354,
                "PG_wrt_Gini": 0.624557,
                "FGT2_wrt_Gini": 1.39714,
                "PG_wrt_mean_C": -1.63681
            },
            "Watt": "0.401803",
            "mean_corrected": 1.34575,
            "FGT2": 13.3951,
            "polarization": 24.7464,
            "median_is_ppp": "(PPP$)",
            "MLD": 0.147177
        },
        "reg": {
            "SSE": 1.343825e-06,
            "SST": 0.1672546,
            "R2": 0.999992,
            "RMSE": 0.0001832911,
            "ymean": 0.1788617,
            "MSE": 3.359562e-08,
            "params": {
                "A": {
                    "coef": 0.813829,
                    "t": 756.632,
                    "se": 0.0010756
                },
                "B": {
                    "coef": -1.28404,
                    "t": -342.901,
                    "se": 0.0037446
                },
                "C": {
                    "t": 114.17,
                    "coef": 0.282964,
                    "se": 0.0024784
                }
            }
        }
    },
    "dataset": {
        "source": "NPL_N1984Y",
        "year": 1984,
        "coverage": "National",
        "timespan": "UnDefined",
        "iso3c": "NPL",
        "format": "Grouped",
        "country": "Nepal",
        "measure": "Income"
    },
    "summary": {
        "lorenz_validity": "Valid",
        "Z": {
            "high": 144.909,
            "low": 21.3151
        },
        "sse_up_to_hcindex": 1.09349e-06,
        "poverty_normality": "Normal",
        "sse_fitted": 5.47328e-06
    },
    "lorenz": {
        "L": [
            0.04268442,
            0.06094394,
            0.07099179,
            0.08138915,
            0.0921302,
            0.1032103,
            0.114626,
            0.1263746,
            0.1384549,
            0.1508661,
            0.1636087,
            0.176684,
            0.1900943,
            0.2038429,
            0.2179342,
            0.2323733,
            0.247167,
            0.2623229,
            0.2778503,
            0.2937596,
            0.3100633,
            0.3267757,
            0.3439129,
            0.3614939,
            0.3795405,
            0.3980778,
            0.4171351,
            0.4367465,
            0.4569519,
            0.4777986,
            0.499343,
            0.5216531,
            0.5448117,
            0.5689216,
            0.5941121,
            0.6205491,
            0.648452,
            0.6781191,
            0.7099725,
            0.7446418,
            0.7831354,
            0.8272477,
            0.8807799,
            1.0
        ],
        "index": [
            1,
            2,
            3,
            4,
            5,
            6,
            7,
            8,
            9,
            10,
            11,
            12,
            13,
            14,
            15,
            16,
            17,
            18,
            19,
            20,
            21,
            22,
            23,
            24,
            25,
            26,
            27,
            28,
            29,
            30,
            31,
            32,
            33,
            34,
            35,
            36,
            37,
            38,
            39,
            40,
            41,
            42,
            43,
            44
        ],
        "p": [
            0.1058,
            0.1434785,
            0.163067,
            0.1826304,
            0.2021718,
            0.2216942,
            0.2412002,
            0.2606926,
            0.2801737,
            0.2996459,
            0.3191114,
            0.3385726,
            0.3580314,
            0.3774902,
            0.3969511,
            0.4164163,
            0.4358882,
            0.4553691,
            0.4748614,
            0.4943679,
            0.5138913,
            0.5334347,
            0.5530013,
            0.5725951,
            0.5922198,
            0.61188,
            0.6315809,
            0.6513284,
            0.6711292,
            0.6909912,
            0.7109237,
            0.7309375,
            0.7510461,
            0.7712655,
            0.7916161,
            0.8121228,
            0.8328183,
            0.8537453,
            0.8749618,
            0.8965484,
            0.9186235,
            0.9413694,
            0.9650935,
            1.0
        ]
    },
    "beta": {
        "implied": {
            "gamma": 0.9651381,
            "theta": 0.5811437,
            "delta": 0.5516162
        },
        "summary": {
            "lorenz_validity": "Valid",
            "Z": {
                "high": 132.381,
                "low": 18.2343
            },
            "sse_up_to_hcindex": 3.06939e-05,
            "poverty_normality": "Normal",
            "sse_fitted": 9.1636e-05
        },
        "inputs": {
            "line_month_ppp": 57.7917,
            "mean_month_ppp": 49.563
        },
        "dist": {
            "deciles": [
                4.05838,
                5.07176,
                5.93549,
                6.82759,
                7.79747,
                8.89723,
                10.2112,
                11.9172,
                14.5434,
                24.7403
            ],
            "mean_corrected_is_ppp": "(PPP$)",
            "mean_poor50": 1.14255,
            "mean_poor50_is_ppp": "(PPP$)",
            "PG": 28.2646,
            "HC": 73.8463,
            "median_ppp": 41.2380439776595,
            "median": 1.6009,
            "Gini": 30.0853,