{
    "dist": {
        "deciles": [
            1.4879,
            2.39786,
            3.38767,
            4.49586,
            5.78157,
            7.34451,
            9.37404,
            12.2981,
            17.4359,
            35.9965
        ],
        "mean_corrected_is_ppp": "(PPP$)",
        "uses": "GQ",
        "FGT2": 0.59797,
        "mean_poor50_is_ppp": "(PPP$)",
        "PG": 2.04575,
        "HC": 9.28862,
        "poverty_uses": "GQ",
        "median_ppp": 201.293473646183,
        "poverty_uses_commentary": "(Beta is invalid.)",
        "mean_corrected": -1.80698,
        "Gini": 48.7401,
        "elasticity": {
            "HC_wrt_mean_C": -2.22615,
            "FGT2_wrt_mean_C": -4.84233,
            "HC_wrt_Gini": 9.69306,
            "PG_wrt_Gini": 20.77,
            "FGT2_wrt_Gini": 31.7928,
            "PG_wrt_mean_C": -3.54045
        },
        "Watt": "0.0264348",
        "median": 363.734,
        "mean_poor50": 196.264,
        "polarization": 49.6765,
        "median_is_ppp": "(PPP$)",
        "uses_commentary": "(Beta lorenz curves is invalid)",
        "MLD": 0.424823
    },
    "lorenz": {
        "L": [
            0.01349948,
            0.03865236,
            0.07349717,
            0.1184954,
            0.175724,
            0.2481828,
            0.3416407,
            0.4662513,
            0.6408215,
            1.0
        ],
        "index": [
            1,
            2,
            3,
            4,
            5,
            6,
            7,
            8,
            9,
            10
        ],
        "p": [
            0.1,
            0.2,
            0.3,
            0.4,
            0.5,
            0.6,
            0.7,
            0.8,
            0.9,
            1.0
        ]
    },
    "quadratic": {
        "summary": {
            "lorenz_validity": "Valid",
            "Z": {
                "high": 1412.89,
                "low": 36.8279
            },
            "sse_up_to_hcindex": 1.90312e-06,
            "poverty_normality": "Normal",
            "sse_fitted": 5.87237e-06
        },
        "inputs": {
            "line_month_ppp": 57.7917,
            "mean_month_ppp": 309.427
        },
        "dist": {
            "deciles": [
                1.4879,
                2.39786,
                3.38767,
                4.49586,
                5.78157,
                7.34451,
                9.37404,
                12.2981,
                17.4359,
                35.9965
            ],
            "mean_corrected_is_ppp": "(PPP$)",
            "mean_poor50": 196.264,
            "mean_poor50_is_ppp": "(PPP$)",
            "PG": 2.04575,
            "HC": 9.28862,
            "median_ppp": 201.293473646183,
            "median": 363.734,
            "Gini": 48.7401,
            "elasticity": {
                "HC_wrt_mean_C": -2.22615,
                "FGT2_wrt_mean_C": -4.84233,
                "HC_wrt_Gini": 9.69306,
                "PG_wrt_Gini": 20.77,
                "FGT2_wrt_Gini": 31.7928,
                "PG_wrt_mean_C": -3.54045
            },
            "Watt": "0.0264348",
            "mean_corrected": 286.61,
            "FGT2": 0.59797,
            "polarization": 49.6765,
            "median_is_ppp": "(PPP$)",
            "MLD": 0.424823
        },
        "reg": {
            "SSE": 2.405036e-05,
            "SST": 0.06244538,
            "R2": 0.9996149,
            "RMSE": 0.002002097,
            "ymean": 0.1398234,
            "MSE": 4.008394e-06,
            "params": {
                "A": {
                    "coef": 1.02726,
                    "t": 66.5452,
                    "se": 0.015437
                },
                "B": {
                    "coef": 0.18525,
                    "t": 1.74741,
                    "se": 0.10601
                },
                "C": {
                    "t": 10.0228,
                    "coef": 0.260222,
                    "se": 0.025963
                }
            }
        }
    },
    "dataset": {
        "source": "PAN_N1979Y",
        "year": 1979,
        "coverage": "National",
        "timespan": "UnDefined",
        "iso3c": "PAN",
        "format": "Grouped",
        "country": "Panama",
        "measure": "Income"
    },
    "summary": {
        "lorenz_validity": "Valid",
        "Z": {
            "high": 1412.89,
            "low": 36.8279
        },
        "sse_up_to_hcindex": 1.90312e-06,
        "poverty_normality": "Normal",
        "sse_fitted": 5.87237e-06
    },
    "inputs": {
        "line_month_ppp": 57.7917,
        "mean_month_ppp": 309.427
    },
    "beta": {
        "implied": {
            "theta": 0.9280966,
            "gamma": 1.012645,
            "delta": 0.5019106
        },
        "summary": {
            "lorenz_validity": "Invalid",
            "Z": {
                "high": 1255.75,
                "low": 47.2069
            },
            "sse_up_to_hcindex": 2.58586e-06,
            "poverty_normality": "Normal",
            "sse_fitted": 7.26123e-05
        },
        "reg": {
            "SSE": 0.0009621774,
            "SST": 1.736681,
            "R2": 0.999446,
            "RMSE": 0.01266345,
            "ymean": -1.40767,
            "MSE": 0.0001603629,
            "params": {
                "A": {
                    "coef": -0.0746195,
                    "t": -3.71826,
                    "se": 0.020068
                },
                "B": {
                    "coef": 1.01264,
                    "t": 87.2433,
                    "se": 0.011607
                },
                "C": {
                    "t": 43.2416,
                    "coef": 0.501911,
                    "se": 0.011607
                }
            }
        },
        "dist": {
            "PG": 2.24548,
            "HC": 10.5549,
            "elasticity": {
                "HC_wrt_mean_C": -1.97926,
                "FGT2_wrt_mean_C": -5.49303,
                "HC_wrt_Gini": 8.61806,
                "PG_wrt_Gini": 21.467,
                "FGT2_wrt_Gini": 34.626,
                "PG_wrt_mean_C": -3.70053
            },
            "Watt": "0.026724",
            "FGT2": 0.599352
        },
        "inputs": {
            "line_month_ppp": 57.7917,
            "mean_month_ppp": 309.427
        }
    }
}