{
    "dist": {
        "deciles": [
            2.55789,
            3.38848,
            4.26849,
            5.23179,
            6.32812,
            7.63955,
            9.32081,
            11.7231,
            15.9501,
            33.5916
        ],
        "mean_corrected_is_ppp": "(PPP$)",
        "uses": "GQ",
        "FGT2": 2.10554,
        "mean_poor50_is_ppp": "(PPP$)",
        "PG": 6.31959,
        "HC": 24.994,
        "poverty_uses": "GQ",
        "median_ppp": 94.029456368788,
        "poverty_uses_commentary": "(Both are valid and normal, but GQ fits better.)",
        "mean_corrected": -0.0529849,
        "Gini": 42.8884,
        "elasticity": {
            "HC_wrt_mean_C": -1.86806,
            "FGT2_wrt_mean_C": -4.00282,
            "HC_wrt_Gini": 2.51239,
            "PG_wrt_Gini": 6.31915,
            "FGT2_wrt_Gini": 10.0733,
            "PG_wrt_mean_C": -2.955
        },
        "Watt": "0.0813584",
        "median": 4.98214,
        "mean_poor50": 3.12701,
        "polarization": 39.0918,
        "median_is_ppp": "(PPP$)",
        "uses_commentary": "(Both are valid, but GQ fits better)",
        "MLD": 0.305544
    },
    "inputs": {
        "line_month_ppp": 57.7917,
        "mean_month_ppp": 135.517
    },
    "quadratic": {
        "summary": {
            "lorenz_validity": "Valid",
            "Z": {
                "high": 561.606,
                "low": 33.2774
            },
            "sse_up_to_hcindex": 4.44604e-06,
            "poverty_normality": "Normal",
            "sse_fitted": 9.66693e-06
        },
        "inputs": {
            "line_month_ppp": 57.7917,
            "mean_month_ppp": 135.517
        },
        "dist": {
            "deciles": [
                2.55789,
                3.38848,
                4.26849,
                5.23179,
                6.32812,
                7.63955,
                9.32081,
                11.7231,
                15.9501,
                33.5916
            ],
            "mean_corrected_is_ppp": "(PPP$)",
            "mean_poor50": 3.12701,
            "mean_poor50_is_ppp": "(PPP$)",
            "PG": 6.31959,
            "HC": 24.994,
            "median_ppp": 94.029456368788,
            "median": 4.98214,
            "Gini": 42.8884,
            "elasticity": {
                "HC_wrt_mean_C": -1.86806,
                "FGT2_wrt_mean_C": -4.00282,
                "HC_wrt_Gini": 2.51239,
                "PG_wrt_Gini": 6.31915,
                "FGT2_wrt_Gini": 10.0733,
                "PG_wrt_mean_C": -2.955
            },
            "Watt": "0.0813584",
            "mean_corrected": 4.10081,
            "FGT2": 2.10554,
            "polarization": 39.0918,
            "median_is_ppp": "(PPP$)",
            "MLD": 0.305544
        },
        "reg": {
            "SSE": 2.138203e-05,
            "SST": 0.119896,
            "R2": 0.9998217,
            "RMSE": 0.001156018,
            "ymean": 0.1500766,
            "MSE": 1.336377e-06,
            "params": {
                "A": {
                    "coef": 0.749159,
                    "t": 115.666,
                    "se": 0.0064769
                },
                "B": {
                    "coef": -0.342111,
                    "t": -8.56551,
                    "se": 0.03994
                },
                "C": {
                    "t": 25.0605,
                    "coef": 0.385912,
                    "se": 0.015399
                }
            }
        }
    },
    "dataset": {
        "source": "PHL_N1994X",
        "year": 1994,
        "coverage": "National",
        "timespan": "UnDefined",
        "iso3c": "PHL",
        "format": "Grouped",
        "country": "Philippines",
        "measure": "Consumption"
    },
    "summary": {
        "lorenz_validity": "Valid",
        "Z": {
            "high": 561.606,
            "low": 33.2774
        },
        "sse_up_to_hcindex": 4.44604e-06,
        "poverty_normality": "Normal",
        "sse_fitted": 9.66693e-06
    },
    "lorenz": {
        "L": [
            0.01024707,
            0.0243534,
            0.04078551,
            0.05942101,
            0.0800698,
            0.1027809,
            0.1277455,
            0.1550708,
            0.1850297,
            0.2178171,
            0.253894,
            0.2937498,
            0.3378006,
            0.3867771,
            0.4416484,
            0.50426,
            0.5772988,
            0.6653868,
            0.779223,
            1.0
        ],
        "index": [
            1,
            2,
            3,
            4,
            5,
            6,
            7,
            8,
            9,
            10,
            11,
            12,
            13,
            14,
            15,
            16,
            17,
            18,
            19,
            20
        ],
        "p": [
            0.05,
            0.1,
            0.15,
            0.2,
            0.25,
            0.3,
            0.35,
            0.4,
            0.45,
            0.5,
            0.55,
            0.6,
            0.65,
            0.7,
            0.75,
            0.8,
            0.85,
            0.9,
            0.95,
            1.0
        ]
    },
    "beta": {
        "implied": {
            "gamma": 0.9970609,
            "theta": 0.7889674,
            "delta": 0.4828955
        },
        "summary": {
            "lorenz_validity": "Valid",
            "Z": {
                "high": 497.959,
                "low": 30.8315
            },
            "sse_up_to_hcindex": 1.80136e-05,
            "poverty_normality": "Normal",
            "sse_fitted": 0.000169263
        },
        "inputs": {
            "line_month_ppp": 57.7917,
            "mean_month_ppp": 135.517
        },
        "dist": {
            "deciles": [
                2.45078,
                3.3146,
                4.23989,
                5.26845,
                6.44183,
                7.82663,
                9.54658,
                11.8774,
                15.6702,
                33.3636
            ],
            "mean_corrected_is_ppp": "(PPP$)",
            "mean_poor50": 3.1185,
            "mean_poor50_is_ppp": "(PPP$)",
            "PG": 6.79504,
            "HC": 25.2977,
            "median_ppp": 96.1006280056272,
            "median": 5.09188,
            "Gini": 42.9415,
            "elasticity": {
                "HC_wrt_mean_C": -1.73279,
                "FGT2_wrt_mean_C": -3.66199,
                "HC_wrt_Gini": 2.33045,
                "PG_wrt_Gini": 6.00708,
                "FGT2_wrt_Gini": 9.61491,
                "PG_wrt_mean_C": -2.72296
            },
            "Watt": "0.0846935",
            "mean_corrected": 4.097,
            "FGT2": 2.40023,
            "polarization": -124.57,
            "median_is_ppp": "(PPP$)",
            "MLD": 0.311811
        },
        "reg": {
            "SSE": 0.003693467,
            "SST": 5.544315,
            "R2": 0.9993338,
            "RMSE": 0.01519348,
            "ymean": -1.606304,
            "MSE": 0.0002308417,
            "params": {
                "A": {
                    "coef": -0.23703,
                    "t": -18.2736,
                    "se": 0.012971
                },
                "B": {
                    "coef": 0.997061,
                    "t": 139.478,
                    "se": 0.0071485
                },
                "C": {
                    "t": 67.5517,
                    "coef": 0.482896,
                    "se": 0.0071485
                }
            }
        }
    }
}