{
    "dist": {
        "deciles": [
            3.45129,
            4.77695,
            5.72389,
            6.65422,
            7.64336,
            8.75564,
            10.0867,
            11.8344,
            14.5924,
            26.4811
        ],
        "mean_corrected_is_ppp": "(PPP$)",
        "uses": "Beta",
        "FGT2": 0.185678,
        "mean_poor50_is_ppp": "(PPP$)",
        "PG": 0.49246,
        "HC": 2.57206,
        "poverty_uses": "Beta",
        "median_ppp": 150.812298713745,
        "poverty_uses_commentary": "(Both are valid and normal, but Beta fits better.)",
        "mean_corrected": -0.516442,
        "Gini": 32.6554,
        "elasticity": {
            "HC_wrt_mean_C": -4.77897,
            "FGT2_wrt_mean_C": -3.30445,
            "HC_wrt_Gini": 10.4804,
            "PG_wrt_Gini": 12.4539,
            "FGT2_wrt_Gini": 13.6328,
            "PG_wrt_mean_C": -4.22288
        },
        "Watt": "0.00555786",
        "median": 77.8858,
        "mean_poor50": 53.8436,
        "polarization": -139.589,
        "median_is_ppp": "(PPP$)",
        "uses_commentary": "(Both are valid, but Beta fits better)",
        "MLD": 0.180641
    },
    "inputs": {
        "line_month_ppp": 57.7917,
        "mean_month_ppp": 184.531
    },
    "quadratic": {
        "summary": {
            "lorenz_validity": "Valid",
            "Z": {
                "high": 579.437,
                "low": 57.571
            },
            "sse_up_to_hcindex": 8.81174e-07,
            "poverty_normality": "Normal",
            "sse_fitted": 1.64226e-06
        },
        "inputs": {
            "line_month_ppp": 57.7917,
            "mean_month_ppp": 184.531
        },
        "dist": {
            "deciles": [
                3.53671,
                4.68486,
                5.70358,
                6.67637,
                7.66927,
                8.75574,
                10.0488,
                11.7835,
                14.6756,
                26.4655
            ],
            "mean_corrected_is_ppp": "(PPP$)",
            "mean_poor50": 53.8838,
            "mean_poor50_is_ppp": "(PPP$)",
            "PG": 0.0682865,
            "HC": 1.77567,
            "median_ppp": 151.122709891226,
            "median": 78.0461,
            "Gini": 32.5618,
            "elasticity": {
                "HC_wrt_mean_C": -13.1929,
                "FGT2_wrt_mean_C": -36.8604,
                "HC_wrt_Gini": 28.9325,
                "PG_wrt_Gini": 58.026,
                "FGT2_wrt_Gini": 87.2221,
                "PG_wrt_mean_C": -25.0033
            },
            "Watt": "0.000921548",
            "mean_corrected": 64.2682,
            "FGT2": 0.00351445,
            "polarization": 26.611,
            "median_is_ppp": "(PPP$)",
            "MLD": 0.17526
        },
        "reg": {
            "SSE": 1.162764e-06,
            "SST": 0.04721618,
            "R2": 0.9999754,
            "RMSE": 0.0004402204,
            "ymean": 0.1682606,
            "MSE": 1.93794e-07,
            "params": {
                "A": {
                    "coef": 0.842444,
                    "t": 188.765,
                    "se": 0.0044629
                },
                "B": {
                    "coef": -1.27529,
                    "t": -73.1898,
                    "se": 0.017424
                },
                "C": {
                    "t": 22.0779,
                    "coef": 0.230434,
                    "se": 0.010437
                }
            }
        }
    },
    "dataset": {
        "source": "POL_N1996X",
        "year": 1996,
        "coverage": "National",
        "timespan": "UnDefined",
        "iso3c": "POL",
        "format": "Grouped",
        "country": "Poland",
        "measure": "Consumption"
    },
    "summary": {
        "lorenz_validity": "Valid",
        "Z": {
            "high": 536.728,
            "low": 26.8196
        },
        "sse_up_to_hcindex": 7.1423e-09,
        "poverty_normality": "Normal",
        "sse_fitted": 4.9756e-07
    },
    "lorenz": {
        "L": [
            0.03442836,
            0.08235978,
            0.1397574,
            0.2063019,
            0.2825808,
            0.3698142,
            0.470557,
            0.5889484,
            0.7354638,
            1.0
        ],
        "index": [
            1,
            2,
            3,
            4,
            5,
            6,
            7,
            8,
            9,
            10
        ],
        "p": [
            0.1,
            0.2,
            0.3,
            0.4,
            0.5,
            0.6,
            0.7,
            0.8,
            0.9,
            1.0
        ]
    },
    "beta": {
        "implied": {
            "gamma": 0.9332524,
            "theta": 0.5927767,
            "delta": 0.5132014
        },
        "summary": {
            "lorenz_validity": "Valid",
            "Z": {
                "high": 536.728,
                "low": 26.8196
            },
            "sse_up_to_hcindex": 7.1423e-09,
            "poverty_normality": "Normal",
            "sse_fitted": 4.9756e-07
        },
        "inputs": {
            "line_month_ppp": 57.7917,
            "mean_month_ppp": 184.531
        },
        "dist": {
            "deciles": [
                3.45129,
                4.77695,
                5.72389,
                6.65422,
                7.64336,
                8.75564,
                10.0867,
                11.8344,
                14.5924,
                26.4811
            ],
            "mean_corrected_is_ppp": "(PPP$)",
            "mean_poor50": 53.8436,
            "mean_poor50_is_ppp": "(PPP$)",
            "PG": 0.49246,
            "HC": 2.57206,
            "median_ppp": 150.812298713745,
            "median": 77.8858,
            "Gini": 32.6554,
            "elasticity": {
                "HC_wrt_mean_C": -4.77897,
                "FGT2_wrt_mean_C": -3.30445,
                "HC_wrt_Gini": 10.4804,
                "PG_wrt_Gini": 12.4539,
                "FGT2_wrt_Gini": 13.6328,
                "PG_wrt_mean_C": -4.22288
            },
            "Watt": "0.00555786",
            "mean_corrected": 64.179,
            "FGT2": 0.185678,
            "polarization": -139.589,
            "median_is_ppp": "(PPP$)",
            "MLD": 0.180641
        },
        "reg": {
            "SSE": 1.455295e-05,
            "SST": 1.348561,
            "R2": 0.9999892,
            "RMSE": 0.001557399,
            "ymean": -1.796048,
            "MSE": 2.425492e-06,
            "params": {
                "A": {
                    "coef": -0.522937,
                    "t": -211.88,
                    "se": 0.0024681
                },
                "B": {
                    "coef": 0.933252,
                    "t": 653.772,
                    "se": 0.0014275
                },
                "C": {
                    "t": 359.513,
                    "coef": 0.513201,
                    "se": 0.0014275
                }
            }
        }
    }
}