{
    "dist": {
        "deciles": [
            3.79777,
            5.42403,
            6.65065,
            7.7053,
            8.70267,
            9.72895,
            10.8842,
            12.3438,
            14.5703,
            20.1924
        ],
        "mean_corrected_is_ppp": "(PPP$)",
        "uses": "GQ",
        "FGT2": 0.294871,
        "mean_poor50_is_ppp": "(PPP$)",
        "PG": 0.295871,
        "HC": 0.617545,
        "poverty_uses": "GQ",
        "median_ppp": 261.724235681867,
        "poverty_uses_commentary": "(Both are valid and normal, but GQ fits better.)",
        "mean_corrected": -0.499871,
        "Gini": 25.4617,
        "elasticity": {
            "HC_wrt_mean_C": -2.24513,
            "FGT2_wrt_mean_C": -0.00678263,
            "HC_wrt_Gini": 8.8021,
            "PG_wrt_Gini": 9.18297,
            "FGT2_wrt_Gini": 9.86764,
            "PG_wrt_mean_C": -1.08721
        },
        "Watt": "0.00159813",
        "median": 130.828,
        "mean_poor50": 91.7707,
        "polarization": 21.6811,
        "median_is_ppp": "(PPP$)",
        "uses_commentary": "(Both are valid, but GQ fits better)",
        "MLD": 0.109594
    },
    "inputs": {
        "line_month_ppp": 57.7917,
        "mean_month_ppp": 284.365
    },
    "quadratic": {
        "summary": {
            "lorenz_validity": "Valid",
            "Z": {
                "high": 652.764,
                "low": 82.4325
            },
            "sse_up_to_hcindex": 1.9918e-07,
            "poverty_normality": "Normal",
            "sse_fitted": 6.8107e-07
        },
        "inputs": {
            "line_month_ppp": 57.7917,
            "mean_month_ppp": 284.365
        },
        "dist": {
            "deciles": [
                3.79777,
                5.42403,
                6.65065,
                7.7053,
                8.70267,
                9.72895,
                10.8842,
                12.3438,
                14.5703,
                20.1924
            ],
            "mean_corrected_is_ppp": "(PPP$)",
            "mean_poor50": 91.7707,
            "mean_poor50_is_ppp": "(PPP$)",
            "PG": 0.0,
            "HC": 0.0,
            "median_ppp": 261.724235681867,
            "median": 130.828,
            "Gini": 25.4617,
            "elasticity": {
                "HC_wrt_mean_C": 0.0,
                "FGT2_wrt_mean_C": 0.0,
                "HC_wrt_Gini": 0.0,
                "PG_wrt_Gini": 0.0,
                "FGT2_wrt_Gini": 0.0,
                "PG_wrt_mean_C": 0.0
            },
            "Watt": "0",
            "mean_corrected": 105.953,
            "FGT2": 0.0,
            "polarization": 21.6811,
            "median_is_ppp": "(PPP$)",
            "MLD": 0.109594
        },
        "reg": {
            "SSE": 2.83789e-07,
            "SST": 0.04414153,
            "R2": 0.9999936,
            "RMSE": 0.0002174814,
            "ymean": 0.1703226,
            "MSE": 4.729817e-08,
            "params": {
                "A": {
                    "coef": 1.06334,
                    "t": 344.641,
                    "se": 0.0030854
                },
                "B": {
                    "coef": -1.67279,
                    "t": -272.136,
                    "se": 0.0061469
                },
                "C": {
                    "t": 26.1106,
                    "coef": 0.146871,
                    "se": 0.005625
                }
            }
        }
    },
    "dataset": {
        "source": "ROU_N1992Y",
        "year": 1992,
        "coverage": "National",
        "timespan": "UnDefined",
        "iso3c": "ROU",
        "format": "Grouped",
        "country": "Romania",
        "measure": "Income"
    },
    "summary": {
        "lorenz_validity": "Valid",
        "Z": {
            "high": 652.764,
            "low": 82.4325
        },
        "sse_up_to_hcindex": 6.33511e-10,
        "poverty_normality": "Normal",
        "sse_fitted": 6.8107e-07
    },
    "lorenz": {
        "L": [
            0.03753144,
            0.09217036,
            0.1589835,
            0.2359326,
            0.3229763,
            0.4197828,
            0.52857,
            0.6526615,
            0.7982893,
            1.0
        ],
        "index": [
            1,
            2,
            3,
            4,
            5,
            6,
            7,
            8,
            9,
            10
        ],
        "p": [
            0.1,
            0.2,
            0.3,
            0.4,
            0.5,
            0.6,
            0.7,
            0.8,
            0.9,
            1.0
        ]
    },
    "beta": {
        "implied": {
            "gamma": 0.8952757,
            "theta": 0.5270368,
            "delta": 0.6715579
        },
        "summary": {
            "lorenz_validity": "Valid",
            "Z": {
                "high": 627.885,
                "low": 12.1617
            },
            "sse_up_to_hcindex": 6.33511e-10,
            "poverty_normality": "Normal",
            "sse_fitted": 3.00263e-06
        },
        "inputs": {
            "line_month_ppp": 57.7917,
            "mean_month_ppp": 284.365
        },
        "dist": {
            "deciles": [
                3.75063,
                5.50974,
                6.62418,
                7.64935,
                8.67605,
                9.76047,
                10.9681,
                12.4168,
                14.4279,
                20.2169
            ],
            "mean_corrected_is_ppp": "(PPP$)",
            "mean_poor50": 91.5703,
            "mean_poor50_is_ppp": "(PPP$)",
            "PG": 0.295871,
            "HC": 0.617545,
            "median_ppp": 261.730076869494,
            "median": 130.831,
            "Gini": 25.5419,
            "elasticity": {
                "HC_wrt_mean_C": -2.24513,
                "FGT2_wrt_mean_C": -0.00678263,
                "HC_wrt_Gini": 8.8021,
                "PG_wrt_Gini": 9.18297,
                "FGT2_wrt_Gini": 9.86764,
                "PG_wrt_mean_C": -1.08721
            },
            "Watt": "0.00159813",
            "mean_corrected": 105.839,
            "FGT2": 0.294871,
            "polarization": -140.746,
            "median_is_ppp": "(PPP$)",
            "MLD": 0.111745
        },
        "reg": {
            "SSE": 0.0001346651,
            "SST": 0.9834407,
            "R2": 0.9998631,
            "RMSE": 0.004737529,
            "ymean": -2.019549,
            "MSE": 2.244418e-05,
            "params": {
                "A": {
                    "coef": -0.640485,
                    "t": -85.3093,
                    "se": 0.0075078
                },
                "B": {
                    "coef": 0.895276,
                    "t": 206.173,
                    "se": 0.0043424
                },
                "C": {
                    "t": 154.653,
                    "coef": 0.671558,
                    "se": 0.0043424
                }
            }
        }
    }
}