{
    "dist": {
        "deciles": [
            2.49881,
            3.62466,
            4.70447,
            5.79515,
            6.95661,
            8.27021,
            9.8751,
            12.0735,
            15.7951,
            30.4064
        ],
        "mean_corrected_is_ppp": "(PPP$)",
        "uses": "GQ",
        "FGT2": 0.098664,
        "mean_poor50_is_ppp": "(PPP$)",
        "PG": 0.252486,
        "HC": 1.23797,
        "poverty_uses": "GQ",
        "median_ppp": 248.879921574351,
        "poverty_uses_commentary": "(Both are valid and normal, but GQ fits better.)",
        "mean_corrected": -0.0596334,
        "Gini": 39.5958,
        "elasticity": {
            "HC_wrt_mean_C": -4.39156,
            "FGT2_wrt_mean_C": -3.1181,
            "HC_wrt_Gini": 20.5609,
            "PG_wrt_Gini": 23.956,
            "FGT2_wrt_Gini": 25.9625,
            "PG_wrt_mean_C": -3.90313
        },
        "Watt": "0.00284987",
        "median": 14.8416,
        "mean_poor50": 9.23458,
        "polarization": 34.9499,
        "median_is_ppp": "(PPP$)",
        "uses_commentary": "(Both are valid, but GQ fits better)",
        "MLD": 0.264471
    },
    "inputs": {
        "line_month_ppp": 57.7917,
        "mean_month_ppp": 328.367
    },
    "quadratic": {
        "summary": {
            "lorenz_validity": "Valid",
            "Z": {
                "high": 1221.35,
                "low": 66.9374
            },
            "sse_up_to_hcindex": 2.83473e-06,
            "poverty_normality": "Normal",
            "sse_fitted": 1.1294e-05
        },
        "inputs": {
            "line_month_ppp": 57.7917,
            "mean_month_ppp": 328.367
        },
        "dist": {
            "deciles": [
                2.49881,
                3.62466,
                4.70447,
                5.79515,
                6.95661,
                8.27021,
                9.8751,
                12.0735,
                15.7951,
                30.4064
            ],
            "mean_corrected_is_ppp": "(PPP$)",
            "mean_poor50": 9.23458,
            "mean_poor50_is_ppp": "(PPP$)",
            "PG": 0.0,
            "HC": 0.0,
            "median_ppp": 248.879921574351,
            "median": 14.8416,
            "Gini": 39.5958,
            "elasticity": {
                "HC_wrt_mean_C": 0.0,
                "FGT2_wrt_mean_C": 0.0,
                "HC_wrt_Gini": 0.0,
                "PG_wrt_Gini": 0.0,
                "FGT2_wrt_Gini": 0.0,
                "PG_wrt_mean_C": 0.0
            },
            "Watt": "0",
            "mean_corrected": 11.8281,
            "FGT2": 0.0,
            "polarization": 34.9499,
            "median_is_ppp": "(PPP$)",
            "MLD": 0.264471
        },
        "reg": {
            "SSE": 1.451197e-05,
            "SST": 0.1201864,
            "R2": 0.9998793,
            "RMSE": 0.0009523646,
            "ymean": 0.1523737,
            "MSE": 9.069984e-07,
            "params": {
                "A": {
                    "coef": 0.889747,
                    "t": 178.382,
                    "se": 0.0049879
                },
                "B": {
                    "coef": -0.898913,
                    "t": -35.4875,
                    "se": 0.02533
                },
                "C": {
                    "t": 21.3786,
                    "coef": 0.233075,
                    "se": 0.010902
                }
            }
        }
    },
    "dataset": {
        "source": "RUS_N2001X",
        "year": 2001,
        "coverage": "National",
        "timespan": "UnDefined",
        "iso3c": "RUS",
        "format": "Grouped",
        "country": "Russian Federation",
        "measure": "Consumption"
    },
    "summary": {
        "lorenz_validity": "Valid",
        "Z": {
            "high": 1221.35,
            "low": 66.9374
        },
        "sse_up_to_hcindex": 2.8841e-07,
        "poverty_normality": "Normal",
        "sse_fitted": 1.1294e-05
    },
    "lorenz": {
        "L": [
            0.009349798,
            0.02365245,
            0.04111842,
            0.06119357,
            0.08386173,
            0.1090202,
            0.1366769,
            0.1668802,
            0.1998735,
            0.2358885,
            0.2751562,
            0.3179428,
            0.3647947,
            0.4163757,
            0.4736888,
            0.5382098,
            0.6114649,
            0.696912,
            0.8049067,
            1.0
        ],
        "index": [
            1,
            2,
            3,
            4,
            5,
            6,
            7,
            8,
            9,
            10,
            11,
            12,
            13,
            14,
            15,
            16,
            17,
            18,
            19,
            20
        ],
        "p": [
            0.05,
            0.1,
            0.1501,
            0.2,
            0.25,
            0.3,
            0.35,
            0.4,
            0.45,
            0.5,
            0.55,
            0.6,
            0.65,
            0.7,
            0.75,
            0.8,
            0.85,
            0.9,
            0.95,
            1.0
        ]
    },
    "beta": {
        "implied": {
            "gamma": 0.9647803,
            "theta": 0.7414606,
            "delta": 0.5204199
        },
        "summary": {
            "lorenz_validity": "Valid",
            "Z": {
                "high": 1104.88,
                "low": 33.0892
            },
            "sse_up_to_hcindex": 2.8841e-07,
            "poverty_normality": "Normal",
            "sse_fitted": 6.47855e-05
        },
        "inputs": {
            "line_month_ppp": 57.7917,
            "mean_month_ppp": 328.367
        },
        "dist": {
            "deciles": [
                2.38807,
                3.63854,
                4.69765,
                5.79515,
                6.99569,
                8.36868,
                10.0279,
                12.2161,
                15.6642,
                30.2079
            ],
            "mean_corrected_is_ppp": "(PPP$)",
            "mean_poor50": 9.20929,
            "mean_poor50_is_ppp": "(PPP$)",
            "PG": 0.252486,
            "HC": 1.23797,
            "median_ppp": 251.077139156215,
            "median": 14.9726,
            "Gini": 39.6528,
            "elasticity": {
                "HC_wrt_mean_C": -4.39156,
                "FGT2_wrt_mean_C": -3.1181,
                "HC_wrt_Gini": 20.5609,
                "PG_wrt_Gini": 23.956,
                "FGT2_wrt_Gini": 25.9625,
                "PG_wrt_mean_C": -3.90313
            },
            "Watt": "0.00284987",
            "mean_corrected": 11.817,
            "FGT2": 0.098664,
            "polarization": -123.812,
            "median_is_ppp": "(PPP$)",
            "MLD": 0.271072
        },
        "reg": {
            "SSE": 0.001632259,
            "SST": 4.860729,
            "R2": 0.9996642,
            "RMSE": 0.01010031,
            "ymean": -1.673228,
            "MSE": 0.0001020162,
            "params": {
                "A": {
                    "coef": -0.299133,
                    "t": -34.69,
                    "se": 0.008623
                },
                "B": {
                    "coef": 0.96478,
                    "t": 203.008,
                    "se": 0.0047524
                },
                "C": {
                    "t": 109.512,
                    "coef": 0.52042,
                    "se": 0.0047522
                }
            }
        }
    }
}