{
    "dist": {
        "deciles": [
            1.36029,
            2.14296,
            3.00137,
            3.9702,
            5.10346,
            6.49342,
            8.3177,
            10.9858,
            15.8095,
            42.8153
        ],
        "mean_corrected_is_ppp": "(PPP$)",
        "uses": "GQ",
        "FGT2": 23.5771,
        "mean_poor50_is_ppp": "(PPP$)",
        "PG": 36.4958,
        "HC": 68.427,
        "poverty_uses": "GQ",
        "median_ppp": 36.6410239808547,
        "poverty_uses_commentary": "(Both are valid and normal, but GQ fits better.)",
        "mean_corrected": -0.00406327,
        "Gini": 54.1374,
        "elasticity": {
            "HC_wrt_mean_C": -0.547246,
            "FGT2_wrt_mean_C": -1.09586,
            "HC_wrt_Gini": 0.0566988,
            "PG_wrt_Gini": 1.19426,
            "FGT2_wrt_Gini": 2.32076,
            "PG_wrt_mean_C": -0.874928
        },
        "Watt": "0.644739",
        "median": 0.148882,
        "mean_poor50": 0.080743,
        "polarization": 51.1964,
        "median_is_ppp": "(PPP$)",
        "uses_commentary": "(Both are valid, but GQ fits better)",
        "MLD": 0.526262
    },
    "inputs": {
        "line_month_ppp": 57.7917,
        "mean_month_ppp": 63.7793
    },
    "quadratic": {
        "summary": {
            "lorenz_validity": "Valid",
            "Z": {
                "high": 304.346,
                "low": 10.3469
            },
            "sse_up_to_hcindex": 3.41374e-06,
            "poverty_normality": "Normal",
            "sse_fitted": 9.07252e-06
        },
        "inputs": {
            "line_month_ppp": 57.7917,
            "mean_month_ppp": 63.7793
        },
        "dist": {
            "deciles": [
                1.36029,
                2.14296,
                3.00137,
                3.9702,
                5.10346,
                6.49342,
                8.3177,
                10.9858,
                15.8095,
                42.8153
            ],
            "mean_corrected_is_ppp": "(PPP$)",
            "mean_poor50": 0.080743,
            "mean_poor50_is_ppp": "(PPP$)",
            "PG": 36.4958,
            "HC": 68.427,
            "median_ppp": 36.6410239808547,
            "median": 0.148882,
            "Gini": 54.1374,
            "elasticity": {
                "HC_wrt_mean_C": -0.547246,
                "FGT2_wrt_mean_C": -1.09586,
                "HC_wrt_Gini": 0.0566988,
                "PG_wrt_Gini": 1.19426,
                "FGT2_wrt_Gini": 2.32076,
                "PG_wrt_mean_C": -0.874928
            },
            "Watt": "0.644739",
            "mean_corrected": 0.118854,
            "FGT2": 23.5771,
            "polarization": 51.1964,
            "median_is_ppp": "(PPP$)",
            "MLD": 0.526262
        },
        "reg": {
            "SSE": 1.724926e-05,
            "SST": 0.0768763,
            "R2": 0.9997756,
            "RMSE": 0.001468386,
            "ymean": 0.148005,
            "MSE": 2.156158e-06,
            "params": {
                "A": {
                    "coef": 0.779406,
                    "t": 94.6834,
                    "se": 0.0082317
                },
                "B": {
                    "coef": 0.225497,
                    "t": 4.12355,
                    "se": 0.054685
                },
                "C": {
                    "t": 15.8421,
                    "coef": 0.219761,
                    "se": 0.013872
                }
            }
        }
    },
    "dataset": {
        "source": "SEN_N1991X",
        "year": 1991,
        "coverage": "National",
        "timespan": "UnDefined",
        "iso3c": "SEN",
        "format": "Grouped",
        "country": "Senegal",
        "measure": "Consumption"
    },
    "summary": {
        "lorenz_validity": "Valid",
        "Z": {
            "high": 304.346,
            "low": 10.3469
        },
        "sse_up_to_hcindex": 3.41374e-06,
        "poverty_normality": "Normal",
        "sse_fitted": 9.07252e-06
    },
    "lorenz": {
        "L": [
            0.004472661,
            0.02611164,
            0.06617772,
            0.1165911,
            0.1621021,
            0.2259747,
            0.2973969,
            0.4200903,
            0.5668981,
            0.6604052,
            0.7229798,
            1.0
        ],
        "index": [
            1,
            2,
            3,
            4,
            5,
            6,
            7,
            8,
            9,
            10,
            11,
            12
        ],
        "p": [
            0.05112245,
            0.1637755,
            0.3022449,
            0.4244898,
            0.5104082,
            0.6072449,
            0.6938776,
            0.8046939,
            0.8981633,
            0.9385714,
            0.9593878,
            1.0
        ]
    },
    "beta": {
        "implied": {
            "gamma": 0.9960697,
            "theta": 0.9092665,
            "delta": 0.4019163
        },
        "summary": {
            "lorenz_validity": "Valid",
            "Z": {
                "high": 284.868,
                "low": 8.47291
            },
            "sse_up_to_hcindex": 3.46985e-05,
            "poverty_normality": "Normal",
            "sse_fitted": 0.000101624
        },
        "inputs": {
            "line_month_ppp": 57.7917,
            "mean_month_ppp": 63.7793
        },
        "dist": {
            "deciles": [
                1.2051,
                2.06402,
                2.98381,
                4.0201,
                5.22408,
                6.67816,
                8.53812,
                11.1594,
                15.6785,
                42.4487
            ],
            "mean_corrected_is_ppp": "(PPP$)",
            "mean_poor50": 0.0803223,
            "mean_poor50_is_ppp": "(PPP$)",
            "PG": 36.1881,
            "HC": 67.4841,
            "median_ppp": 37.6297885801341,
            "median": 0.1529,
            "Gini": 54.1424,
            "elasticity": {
                "HC_wrt_mean_C": -0.578611,
                "FGT2_wrt_mean_C": -1.05171,
                "HC_wrt_Gini": 0.0599485,
                "PG_wrt_Gini": 1.19321,
                "FGT2_wrt_Gini": 2.31618,
                "PG_wrt_mean_C": -0.864817
            },
            "Watt": "0.63901",
            "mean_corrected": 0.118841,
            "FGT2": 23.7166,
            "polarization": -110.38,
            "median_is_ppp": "(PPP$)",
            "MLD": 0.536387
        },
        "reg": {
            "SSE": 0.001392363,
            "SST": 3.999118,
            "R2": 0.9996518,
            "RMSE": 0.01319263,
            "ymean": -1.399619,
            "MSE": 0.0001740454,
            "params": {
                "A": {
                    "coef": -0.0951171,
                    "t": -7.24769,
                    "se": 0.013124
                },
                "B": {
                    "coef": 0.99607,
                    "t": 138.935,
                    "se": 0.0071693
                },
                "C": {
                    "t": 67.095,
                    "coef": 0.401916,
                    "se": 0.0059903
                }
            }
        }
    }
}