{
    "dist": {
        "deciles": [
            3.13492,
            5.57537,
            6.9553,
            7.99434,
            8.90574,
            9.8022,
            10.7869,
            12.0257,
            13.9766,
            20.8429
        ],
        "mean_corrected_is_ppp": "(PPP$)",
        "uses": "GQ",
        "FGT2": 0.0120924,
        "mean_poor50_is_ppp": "(PPP$)",
        "PG": 0.0682487,
        "HC": 0.517633,
        "poverty_uses": "GQ",
        "median_ppp": 429.745896441991,
        "poverty_uses_commentary": "(Beta is invalid.)",
        "mean_corrected": -1.76344,
        "Gini": 25.8059,
        "elasticity": {
            "HC_wrt_mean_C": -3.91101,
            "FGT2_wrt_mean_C": -9.28783,
            "HC_wrt_Gini": 27.1985,
            "PG_wrt_Gini": 53.7453,
            "FGT2_wrt_Gini": 80.4994,
            "PG_wrt_mean_C": -6.58451
        },
        "Watt": "0.000875974",
        "median": 757.83,
        "mean_poor50": 527.982,
        "polarization": 19.3886,
        "median_is_ppp": "(PPP$)",
        "uses_commentary": "(Beta lorenz curves is invalid)",
        "MLD": 0.128637
    },
    "lorenz": {
        "L": [
            0.0309467,
            0.08759458,
            0.1567306,
            0.2363381,
            0.3255059,
            0.4237099,
            0.5317261,
            0.6519212,
            0.7913389,
            1.0
        ],
        "index": [
            1,
            2,
            3,
            4,
            5,
            6,
            7,
            8,
            9,
            10
        ],
        "p": [
            0.1,
            0.2,
            0.3,
            0.4,
            0.5,
            0.6,
            0.7,
            0.8,
            0.9,
            1.0
        ]
    },
    "quadratic": {
        "summary": {
            "lorenz_validity": "Valid",
            "Z": {
                "high": 1108.74,
                "low": 49.4165
            },
            "sse_up_to_hcindex": 1.61982e-07,
            "poverty_normality": "Normal",
            "sse_fitted": 6.00633e-07
        },
        "inputs": {
            "line_month_ppp": 57.7917,
            "mean_month_ppp": 459.694
        },
        "dist": {
            "deciles": [
                3.13492,
                5.57537,
                6.9553,
                7.99434,
                8.90574,
                9.8022,
                10.7869,
                12.0257,
                13.9766,
                20.8429
            ],
            "mean_corrected_is_ppp": "(PPP$)",
            "mean_poor50": 527.982,
            "mean_poor50_is_ppp": "(PPP$)",
            "PG": 0.0682487,
            "HC": 0.517633,
            "median_ppp": 429.745896441991,
            "median": 757.83,
            "Gini": 25.8059,
            "elasticity": {
                "HC_wrt_mean_C": -3.91101,
                "FGT2_wrt_mean_C": -9.28783,
                "HC_wrt_Gini": 27.1985,
                "PG_wrt_Gini": 53.7453,
                "FGT2_wrt_Gini": 80.4994,
                "PG_wrt_mean_C": -6.58451
            },
            "Watt": "0.000875974",
            "mean_corrected": 601.449,
            "FGT2": 0.0120924,
            "polarization": 19.3886,
            "median_is_ppp": "(PPP$)",
            "MLD": 0.128637
        },
        "reg": {
            "SSE": 1.108896e-07,
            "SST": 0.04671933,
            "R2": 0.9999976,
            "RMSE": 0.0001359471,
            "ymean": 0.1697029,
            "MSE": 1.84816e-08,
            "params": {
                "A": {
                    "coef": 1.04443,
                    "t": 585.496,
                    "se": 0.0017838
                },
                "B": {
                    "coef": -1.80835,
                    "t": -701.361,
                    "se": 0.0025783
                },
                "C": {
                    "t": 10.5735,
                    "coef": 0.0239324,
                    "se": 0.0022634
                }
            }
        }
    },
    "dataset": {
        "source": "SVK_N1996Y",
        "year": 1996,
        "coverage": "National",
        "timespan": "UnDefined",
        "iso3c": "SVK",
        "format": "Grouped",
        "country": "Slovak Republic",
        "measure": "Income"
    },
    "summary": {
        "lorenz_validity": "Valid",
        "Z": {
            "high": 1108.74,
            "low": 49.4165
        },
        "sse_up_to_hcindex": 1.61982e-07,
        "poverty_normality": "Normal",
        "sse_fitted": 6.00633e-07
    },
    "inputs": {
        "line_month_ppp": 57.7917,
        "mean_month_ppp": 459.694
    },
    "beta": {
        "implied": {
            "theta": 0.452877,
            "gamma": 0.787656,
            "delta": 0.5852603
        },
        "summary": {
            "lorenz_validity": "Invalid",
            "Z": {
                "high": 1046.47,
                "low": 0.0
            },
            "sse_up_to_hcindex": 1.41549e-07,
            "poverty_normality": "Normal",
            "sse_fitted": 2.98449e-06
        },
        "reg": {
            "SSE": 0.0001568671,
            "SST": 0.7648082,
            "R2": 0.9997949,
            "RMSE": 0.005113171,
            "ymean": -2.00052,
            "MSE": 2.614452e-05,
            "params": {
                "A": {
                    "coef": -0.792135,
                    "t": -97.7571,
                    "se": 0.0081031
                },
                "B": {
                    "coef": 0.787656,
                    "t": 168.063,
                    "se": 0.0046867
                },
                "C": {
                    "t": 124.878,
                    "coef": 0.58526,
                    "se": 0.0046867
                }
            }
        },
        "dist": {
            "PG": 1.34609,
            "HC": 1.34709,
            "elasticity": {
                "HC_wrt_mean_C": -0.62323,
                "FGT2_wrt_mean_C": -0.00148688,
                "HC_wrt_Gini": 4.33415,
                "PG_wrt_Gini": 7.9595,
                "FGT2_wrt_Gini": 15.919,
                "PG_wrt_mean_C": -0.00074289
            },
            "Watt": "Invalid",
            "FGT2": 1.34509
        },
        "inputs": {
            "line_month_ppp": 57.7917,
            "mean_month_ppp": 459.694
        }
    }
}