{
    "dist": {
        "deciles": [
            2.57429,
            3.56733,
            4.55794,
            5.58963,
            6.7157,
            8.01551,
            9.63143,
            11.8794,
            15.7437,
            31.7251
        ],
        "mean_corrected_is_ppp": "(PPP$)",
        "uses": "GQ",
        "FGT2": 6.57548,
        "mean_poor50_is_ppp": "(PPP$)",
        "PG": 14.5442,
        "HC": 42.2568,
        "poverty_uses": "GQ",
        "median_ppp": 66.2984345699423,
        "poverty_uses_commentary": "(Both are valid and normal, but GQ fits better.)",
        "mean_corrected": -0.654611,
        "Gini": 40.7654,
        "elasticity": {
            "HC_wrt_mean_C": -1.31455,
            "FGT2_wrt_mean_C": -2.42377,
            "HC_wrt_Gini": 0.743415,
            "PG_wrt_Gini": 2.64309,
            "FGT2_wrt_Gini": 4.50177,
            "PG_wrt_mean_C": -1.9054
        },
        "Watt": "0.204631",
        "median": 43.3997,
        "mean_poor50": 27.2496,
        "polarization": 36.0948,
        "median_is_ppp": "(PPP$)",
        "uses_commentary": "(Both are valid, but GQ fits better)",
        "MLD": 0.27781
    },
    "inputs": {
        "line_month_ppp": 57.7917,
        "mean_month_ppp": 90.4745
    },
    "quadratic": {
        "summary": {
            "lorenz_validity": "Valid",
            "Z": {
                "high": 348.121,
                "low": 22.7881
            },
            "sse_up_to_hcindex": 5.42778e-06,
            "poverty_normality": "Normal",
            "sse_fitted": 1.2298e-05
        },
        "inputs": {
            "line_month_ppp": 57.7917,
            "mean_month_ppp": 90.4745
        },
        "dist": {
            "deciles": [
                2.57429,
                3.56733,
                4.55794,
                5.58963,
                6.7157,
                8.01551,
                9.63143,
                11.8794,
                15.7437,
                31.7251
            ],
            "mean_corrected_is_ppp": "(PPP$)",
            "mean_poor50": 27.2496,
            "mean_poor50_is_ppp": "(PPP$)",
            "PG": 14.5442,
            "HC": 42.2568,
            "median_ppp": 66.2984345699423,
            "median": 43.3997,
            "Gini": 40.7654,
            "elasticity": {
                "HC_wrt_mean_C": -1.31455,
                "FGT2_wrt_mean_C": -2.42377,
                "HC_wrt_Gini": 0.743415,
                "PG_wrt_Gini": 2.64309,
                "FGT2_wrt_Gini": 4.50177,
                "PG_wrt_mean_C": -1.9054
            },
            "Watt": "0.204631",
            "mean_corrected": 35.0821,
            "FGT2": 6.57548,
            "polarization": 36.0948,
            "median_is_ppp": "(PPP$)",
            "MLD": 0.27781
        },
        "reg": {
            "SSE": 1.578845e-05,
            "SST": 0.05455736,
            "R2": 0.9997106,
            "RMSE": 0.001622161,
            "ymean": 0.156816,
            "MSE": 2.631408e-06,
            "params": {
                "A": {
                    "coef": 0.824368,
                    "t": 67.2138,
                    "se": 0.012265
                },
                "B": {
                    "coef": -0.724868,
                    "t": -9.93643,
                    "se": 0.072951
                },
                "C": {
                    "t": 9.46805,
                    "coef": 0.286355,
                    "se": 0.030244
                }
            }
        }
    },
    "dataset": {
        "source": "TKM_N1998X",
        "year": 1998,
        "coverage": "National",
        "timespan": "UnDefined",
        "iso3c": "TKM",
        "format": "Grouped",
        "country": "Turkmenistan",
        "measure": "Consumption"
    },
    "summary": {
        "lorenz_validity": "Valid",
        "Z": {
            "high": 348.121,
            "low": 22.7881
        },
        "sse_up_to_hcindex": 5.42778e-06,
        "poverty_normality": "Normal",
        "sse_fitted": 1.2298e-05
    },
    "lorenz": {
        "L": [
            0.02403163,
            0.06098935,
            0.1077573,
            0.1640405,
            0.2306953,
            0.3093216,
            0.40506,
            0.5251552,
            0.684734,
            1.0
        ],
        "index": [
            1,
            2,
            3,
            4,
            5,
            6,
            7,
            8,
            9,
            10
        ],
        "p": [
            0.1,
            0.2,
            0.3,
            0.4,
            0.5,
            0.6,
            0.7,
            0.8,
            0.9,
            1.0
        ]
    },
    "beta": {
        "implied": {
            "gamma": 0.9717606,
            "theta": 0.7437486,
            "delta": 0.48948
        },
        "summary": {
            "lorenz_validity": "Valid",
            "Z": {
                "high": 314.801,
                "low": 15.0786
            },
            "sse_up_to_hcindex": 7.15338e-06,
            "poverty_normality": "Normal",
            "sse_fitted": 3.13019e-05
        },
        "inputs": {
            "line_month_ppp": 57.7917,
            "mean_month_ppp": 90.4745
        },
        "dist": {
            "deciles": [
                2.46179,
                3.58227,
                4.56978,
                5.61047,
                6.76418,
                8.10081,
                9.73913,
                11.937,
                15.4835,
                31.7511
            ],
            "mean_corrected_is_ppp": "(PPP$)",
            "mean_poor50": 27.2302,
            "mean_poor50_is_ppp": "(PPP$)",
            "PG": 14.6343,
            "HC": 41.9278,
            "median_ppp": 66.9020689028701,
            "median": 43.7949,
            "Gini": 40.8945,
            "elasticity": {
                "HC_wrt_mean_C": -1.29468,
                "FGT2_wrt_mean_C": -2.31858,
                "HC_wrt_Gini": 0.732177,
                "PG_wrt_Gini": 2.62026,
                "FGT2_wrt_Gini": 4.44228,
                "PG_wrt_mean_C": -1.86503
            },
            "Watt": "0.201484",
            "mean_corrected": 35.0056,
            "FGT2": 6.77738,
            "polarization": -127.343,
            "median_is_ppp": "(PPP$)",
            "MLD": 0.285127
        },
        "reg": {
            "SSE": 0.0005537362,
            "SST": 1.57725,
            "R2": 0.9996489,
            "RMSE": 0.009606735,
            "ymean": -1.582177,
            "MSE": 9.228936e-05,
            "params": {
                "A": {
                    "coef": -0.296052,
                    "t": -19.4461,
                    "se": 0.015224
                },
                "B": {
                    "coef": 0.971761,
                    "t": 110.36,
                    "se": 0.0088054
                },
                "C": {
                    "t": 55.5886,
                    "coef": 0.48948,
                    "se": 0.0088054
                }
            }
        }
    }
}