{
    "dist": {
        "deciles": [
            2.30008,
            3.35653,
            4.40667,
            5.49714,
            6.68424,
            8.05111,
            9.74593,
            12.096,
            16.1129,
            31.7494
        ],
        "mean_corrected_is_ppp": "(PPP$)",
        "uses": "GQ",
        "FGT2": 0.883995,
        "mean_poor50_is_ppp": "(PPP$)",
        "PG": 2.53968,
        "HC": 10.8586,
        "poverty_uses": "GQ",
        "median_ppp": 143.291212150632,
        "poverty_uses_commentary": "(Both are valid and normal, but GQ fits better.)",
        "mean_corrected": -1.43568,
        "Gini": 41.6573,
        "elasticity": {
            "HC_wrt_mean_C": -2.5455,
            "FGT2_wrt_mean_C": -3.74592,
            "HC_wrt_Gini": 6.06661,
            "PG_wrt_Gini": 11.1899,
            "FGT2_wrt_Gini": 15.6941,
            "PG_wrt_mean_C": -3.27559
        },
        "Watt": "0.0312683",
        "median": 205.72,
        "mean_poor50": 124.887,
        "polarization": 37.8066,
        "median_is_ppp": "(PPP$)",
        "uses_commentary": "(Both are valid, but GQ fits better)",
        "MLD": 0.294184
    },
    "inputs": {
        "line_month_ppp": 57.7917,
        "mean_month_ppp": 195.525
    },
    "quadratic": {
        "summary": {
            "lorenz_validity": "Valid",
            "Z": {
                "high": 764.717,
                "low": 38.5924
            },
            "sse_up_to_hcindex": 2.05812e-06,
            "poverty_normality": "Normal",
            "sse_fitted": 3.46025e-06
        },
        "inputs": {
            "line_month_ppp": 57.7917,
            "mean_month_ppp": 195.525
        },
        "dist": {
            "deciles": [
                2.30008,
                3.35653,
                4.40667,
                5.49714,
                6.68424,
                8.05111,
                9.74593,
                12.096,
                16.1129,
                31.7494
            ],
            "mean_corrected_is_ppp": "(PPP$)",
            "mean_poor50": 124.887,
            "mean_poor50_is_ppp": "(PPP$)",
            "PG": 2.24238,
            "HC": 11.1663,
            "median_ppp": 143.291212150632,
            "median": 205.72,
            "Gini": 41.6573,
            "elasticity": {
                "HC_wrt_mean_C": -2.52209,
                "FGT2_wrt_mean_C": -5.4402,
                "HC_wrt_Gini": 6.01083,
                "PG_wrt_Gini": 12.8679,
                "FGT2_wrt_Gini": 19.732,
                "PG_wrt_mean_C": -3.97966
            },
            "Watt": "0.0281879",
            "mean_corrected": 163.775,
            "FGT2": 0.602774,
            "polarization": 37.8066,
            "median_is_ppp": "(PPP$)",
            "MLD": 0.294184
        },
        "reg": {
            "SSE": 6.57054e-06,
            "SST": 0.09346342,
            "R2": 0.9999297,
            "RMSE": 0.0009062657,
            "ymean": 0.1151051,
            "MSE": 8.213175e-07,
            "params": {
                "A": {
                    "coef": 0.891321,
                    "t": 135.476,
                    "se": 0.0065792
                },
                "B": {
                    "coef": -0.70026,
                    "t": -19.2487,
                    "se": 0.03638
                },
                "C": {
                    "t": 18.2104,
                    "coef": 0.254077,
                    "se": 0.013952
                }
            }
        }
    },
    "dataset": {
        "source": "TUN_N1995X",
        "year": 1995,
        "coverage": "National",
        "timespan": "UnDefined",
        "iso3c": "TUN",
        "format": "Grouped",
        "country": "Tunisia",
        "measure": "Consumption"
    },
    "summary": {
        "lorenz_validity": "Valid",
        "Z": {
            "high": 764.717,
            "low": 38.5924
        },
        "sse_up_to_hcindex": 5.39185e-07,
        "poverty_normality": "Normal",
        "sse_fitted": 3.46025e-06
    },
    "lorenz": {
        "L": [
            0.002232506,
            0.004691691,
            0.0164883,
            0.03530696,
            0.0622748,
            0.1216817,
            0.1956141,
            0.2648889,
            0.3644828,
            0.5110886,
            0.6996838,
            1.0
        ],
        "index": [
            1,
            2,
            3,
            4,
            5,
            6,
            7,
            8,
            9,
            10,
            11,
            12
        ],
        "p": [
            0.01610161,
            0.02930293,
            0.0790079,
            0.1406141,
            0.2133213,
            0.339634,
            0.4617462,
            0.5556556,
            0.6658666,
            0.7922792,
            0.9083908,
            1.0
        ]
    },
    "beta": {
        "implied": {
            "gamma": 0.9718969,
            "theta": 0.7700194,
            "delta": 0.5029257
        },
        "summary": {
            "lorenz_validity": "Valid",
            "Z": {
                "high": 690.088,
                "low": 22.0284
            },
            "sse_up_to_hcindex": 5.39185e-07,
            "poverty_normality": "Normal",
            "sse_fitted": 2.22075e-05
        },
        "inputs": {
            "line_month_ppp": 57.7917,
            "mean_month_ppp": 195.525
        },
        "dist": {
            "deciles": [
                2.20902,
                3.38853,
                4.43083,
                5.52766,
                6.74038,
                8.14025,
                9.84778,
                12.1234,
                15.7596,
                31.8325
            ],
            "mean_corrected_is_ppp": "(PPP$)",
            "mean_poor50": 125.177,
            "mean_poor50_is_ppp": "(PPP$)",
            "PG": 2.53968,
            "HC": 10.8586,
            "median_ppp": 144.719021144249,
            "median": 207.77,
            "Gini": 41.7362,
            "elasticity": {
                "HC_wrt_mean_C": -2.5455,
                "FGT2_wrt_mean_C": -3.74592,
                "HC_wrt_Gini": 6.06661,
                "PG_wrt_Gini": 11.1899,
                "FGT2_wrt_Gini": 15.6941,
                "PG_wrt_mean_C": -3.27559
            },
            "Watt": "0.0312683",
            "mean_corrected": 163.553,
            "FGT2": 0.883995,
            "polarization": -121.878,
            "median_is_ppp": "(PPP$)",
            "MLD": 0.30135
        },
        "reg": {
            "SSE": 0.0004213538,
            "SST": 11.30591,
            "R2": 0.9999627,
            "RMSE": 0.007257357,
            "ymean": -2.092123,
            "MSE": 5.266923e-05,
            "params": {
                "A": {
                    "coef": -0.26134,
                    "t": -36.5221,
                    "se": 0.0071557
                },
                "B": {
                    "coef": 0.971897,
                    "t": 370.067,
                    "se": 0.0026263
                },
                "C": {
                    "t": 105.737,
                    "coef": 0.502926,
                    "se": 0.0047564
                }
            }
        }
    }
}