{
    "dist": {
        "deciles": [
            2.44446,
            3.51858,
            4.56499,
            5.6348,
            6.78521,
            8.09701,
            9.71137,
            11.9382,
            15.7401,
            31.5653
        ],
        "mean_corrected_is_ppp": "(PPP$)",
        "uses": "GQ",
        "FGT2": 0.324701,
        "mean_poor50_is_ppp": "(PPP$)",
        "PG": 1.02325,
        "HC": 5.31627,
        "poverty_uses": "GQ",
        "median_ppp": 171.321488490724,
        "poverty_uses_commentary": "(Both are valid and normal, but GQ fits better.)",
        "mean_corrected": -1.43568,
        "Gini": 40.8095,
        "elasticity": {
            "HC_wrt_mean_C": -3.64467,
            "FGT2_wrt_mean_C": -4.3027,
            "HC_wrt_Gini": 10.9453,
            "PG_wrt_Gini": 16.6026,
            "FGT2_wrt_Gini": 20.9277,
            "PG_wrt_mean_C": -4.19549
        },
        "Watt": "0.0122982",
        "median": 245.963,
        "mean_poor50": 152.439,
        "polarization": 35.9046,
        "median_is_ppp": "(PPP$)",
        "uses_commentary": "(Both are valid, but GQ fits better)",
        "MLD": 0.281078
    },
    "inputs": {
        "line_month_ppp": 57.7917,
        "mean_month_ppp": 231.346
    },
    "quadratic": {
        "summary": {
            "lorenz_validity": "Valid",
            "Z": {
                "high": 887.407,
                "low": 47.8628
            },
            "sse_up_to_hcindex": 1.01159e-06,
            "poverty_normality": "Normal",
            "sse_fitted": 2.33363e-06
        },
        "inputs": {
            "line_month_ppp": 57.7917,
            "mean_month_ppp": 231.346
        },
        "dist": {
            "deciles": [
                2.44446,
                3.51858,
                4.56499,
                5.6348,
                6.78521,
                8.09701,
                9.71137,
                11.9382,
                15.7401,
                31.5653
            ],
            "mean_corrected_is_ppp": "(PPP$)",
            "mean_poor50": 152.439,
            "mean_poor50_is_ppp": "(PPP$)",
            "PG": 0.664627,
            "HC": 5.455,
            "median_ppp": 171.321488490724,
            "median": 245.963,
            "Gini": 40.8095,
            "elasticity": {
                "HC_wrt_mean_C": -4.16438,
                "FGT2_wrt_mean_C": -10.2637,
                "HC_wrt_Gini": 12.5061,
                "PG_wrt_Gini": 25.6483,
                "FGT2_wrt_Gini": 38.8293,
                "PG_wrt_mean_C": -7.20761
            },
            "Watt": "0.00817586",
            "mean_corrected": 196.595,
            "FGT2": 0.108389,
            "polarization": 35.9046,
            "median_is_ppp": "(PPP$)",
            "MLD": 0.281078
        },
        "reg": {
            "SSE": 3.15165e-06,
            "SST": 0.05525043,
            "R2": 0.999943,
            "RMSE": 0.0007247586,
            "ymean": 0.1562771,
            "MSE": 5.25275e-07,
            "params": {
                "A": {
                    "coef": 0.858946,
                    "t": 162.093,
                    "se": 0.0052991
                },
                "B": {
                    "coef": -0.817019,
                    "t": -27.0944,
                    "se": 0.030155
                },
                "C": {
                    "t": 19.567,
                    "coef": 0.241938,
                    "se": 0.012365
                }
            }
        }
    },
    "dataset": {
        "source": "TUN_N2000X",
        "year": 2000,
        "coverage": "National",
        "timespan": "UnDefined",
        "iso3c": "TUN",
        "format": "Grouped",
        "country": "Tunisia",
        "measure": "Consumption"
    },
    "summary": {
        "lorenz_validity": "Valid",
        "Z": {
            "high": 887.407,
            "low": 47.8628
        },
        "sse_up_to_hcindex": 8.44886e-08,
        "poverty_normality": "Normal",
        "sse_fitted": 2.33363e-06
    },
    "lorenz": {
        "L": [
            0.02343887,
            0.05955921,
            0.1057373,
            0.1620605,
            0.2296659,
            0.3100402,
            0.4071191,
            0.5268497,
            0.6850621,
            1.0
        ],
        "index": [
            1,
            2,
            3,
            4,
            5,
            6,
            7,
            8,
            9,
            10
        ],
        "p": [
            0.1,
            0.2,
            0.3,
            0.4,
            0.5,
            0.6,
            0.7,
            0.8,
            0.9,
            1.0
        ]
    },
    "beta": {
        "implied": {
            "gamma": 0.9674696,
            "theta": 0.74542,
            "delta": 0.4933621
        },
        "summary": {
            "lorenz_validity": "Valid",
            "Z": {
                "high": 808.6,
                "low": 26.6783
            },
            "sse_up_to_hcindex": 8.44886e-08,
            "poverty_normality": "Normal",
            "sse_fitted": 8.18648e-06
        },
        "inputs": {
            "line_month_ppp": 57.7917,
            "mean_month_ppp": 231.346
        },
        "dist": {
            "deciles": [
                2.37295,
                3.55501,
                4.5687,
                5.62773,
                6.79572,
                8.14375,
                9.79077,
                11.9936,
                15.536,
                31.6157
            ],
            "mean_corrected_is_ppp": "(PPP$)",
            "mean_poor50": 152.253,
            "mean_poor50_is_ppp": "(PPP$)",
            "PG": 1.02325,
            "HC": 5.31627,
            "median_ppp": 171.942143710092,
            "median": 246.854,
            "Gini": 40.9383,
            "elasticity": {
                "HC_wrt_mean_C": -3.64467,
                "FGT2_wrt_mean_C": -4.3027,
                "HC_wrt_Gini": 10.9453,
                "PG_wrt_Gini": 16.6026,
                "FGT2_wrt_Gini": 20.9277,
                "PG_wrt_mean_C": -4.19549
            },
            "Watt": "0.0122982",
            "mean_corrected": 196.167,
            "FGT2": 0.324701,
            "polarization": -124.518,
            "median_is_ppp": "(PPP$)",
            "MLD": 0.287742
        },
        "reg": {
            "SSE": 0.000144858,
            "SST": 1.546627,
            "R2": 0.9999063,
            "RMSE": 0.004913552,
            "ymean": -1.579573,
            "MSE": 2.4143e-05,
            "params": {
                "A": {
                    "coef": -0.293807,
                    "t": -37.7317,
                    "se": 0.0077867
                },
                "B": {
                    "coef": 0.96747,
                    "t": 214.817,
                    "se": 0.0045037
                },
                "C": {
                    "t": 109.546,
                    "coef": 0.493362,
                    "se": 0.0045037
                }
            }
        }
    }
}