{
    "dist": {
        "deciles": [
            2.25757,
            3.28225,
            4.29349,
            5.33805,
            6.47092,
            7.77235,
            9.38505,
            11.6259,
            15.4902,
            34.0843
        ],
        "mean_corrected_is_ppp": "(PPP$)",
        "uses": "GQ",
        "FGT2": 1.28566,
        "mean_poor50_is_ppp": "(PPP$)",
        "PG": 3.47041,
        "HC": 13.9348,
        "poverty_uses": "GQ",
        "median_ppp": 126.400840869877,
        "poverty_uses_commentary": "(Both are valid and normal, but GQ fits better.)",
        "mean_corrected": -1.43568,
        "Gini": 43.4338,
        "elasticity": {
            "HC_wrt_mean_C": -2.37174,
            "FGT2_wrt_mean_C": -3.39866,
            "HC_wrt_Gini": 4.95027,
            "PG_wrt_Gini": 9.38074,
            "FGT2_wrt_Gini": 13.268,
            "PG_wrt_mean_C": -3.01533
        },
        "Watt": "0.0438618",
        "median": 181.471,
        "mean_poor50": 110.871,
        "polarization": 37.4939,
        "median_is_ppp": "(PPP$)",
        "uses_commentary": "(Both are valid, but GQ fits better)",
        "MLD": 0.32182
    },
    "inputs": {
        "line_month_ppp": 57.7917,
        "mean_month_ppp": 178.414
    },
    "quadratic": {
        "summary": {
            "lorenz_validity": "Valid",
            "Z": {
                "high": 709.744,
                "low": 35.0376
            },
            "sse_up_to_hcindex": 1.33588e-06,
            "poverty_normality": "Normal",
            "sse_fitted": 3.02746e-06
        },
        "inputs": {
            "line_month_ppp": 57.7917,
            "mean_month_ppp": 178.414
        },
        "dist": {
            "deciles": [
                2.25757,
                3.28225,
                4.29349,
                5.33805,
                6.47092,
                7.77235,
                9.38505,
                11.6259,
                15.4902,
                34.0843
            ],
            "mean_corrected_is_ppp": "(PPP$)",
            "mean_poor50": 110.871,
            "mean_poor50_is_ppp": "(PPP$)",
            "PG": 3.3564,
            "HC": 14.5678,
            "median_ppp": 126.400840869877,
            "median": 181.471,
            "Gini": 43.4338,
            "elasticity": {
                "HC_wrt_mean_C": -2.20372,
                "FGT2_wrt_mean_C": -4.47733,
                "HC_wrt_Gini": 4.59958,
                "PG_wrt_Gini": 10.059,
                "FGT2_wrt_Gini": 15.5194,
                "PG_wrt_mean_C": -3.3403
            },
            "Watt": "0.0413472",
            "mean_corrected": 144.892,
            "FGT2": 1.03635,
            "polarization": 37.4939,
            "median_is_ppp": "(PPP$)",
            "MLD": 0.32182
        },
        "reg": {
            "SSE": 3.849751e-06,
            "SST": 0.05182512,
            "R2": 0.9999257,
            "RMSE": 0.001132806,
            "ymean": 0.1341336,
            "MSE": 1.28325e-06,
            "params": {
                "A": {
                    "coef": 0.811156,
                    "t": 76.4077,
                    "se": 0.010616
                },
                "B": {
                    "coef": -0.715091,
                    "t": -11.5134,
                    "se": 0.06211
                },
                "C": {
                    "t": 9.82565,
                    "coef": 0.229097,
                    "se": 0.023316
                }
            }
        }
    },
    "dataset": {
        "source": "TUN_N1985X",
        "year": 1985,
        "coverage": "National",
        "timespan": "UnDefined",
        "iso3c": "TUN",
        "format": "Grouped",
        "country": "Tunisia",
        "measure": "Consumption"
    },
    "summary": {
        "lorenz_validity": "Valid",
        "Z": {
            "high": 709.744,
            "low": 35.0376
        },
        "sse_up_to_hcindex": 2.11241e-07,
        "poverty_normality": "Normal",
        "sse_fitted": 3.02746e-06
    },
    "lorenz": {
        "L": [
            0.00678502,
            0.03137796,
            0.1230846,
            0.2407911,
            0.4029767,
            0.6168865,
            1.0
        ],
        "index": [
            1,
            2,
            3,
            4,
            5,
            6,
            7
        ],
        "p": [
            0.03990399,
            0.1310131,
            0.3478348,
            0.5330533,
            0.7151715,
            0.8756876,
            1.0
        ]
    },
    "beta": {
        "implied": {
            "gamma": 0.9667581,
            "theta": 0.7586304,
            "delta": 0.4530871
        },
        "summary": {
            "lorenz_validity": "Valid",
            "Z": {
                "high": 663.078,
                "low": 17.9381
            },
            "sse_up_to_hcindex": 2.11241e-07,
            "poverty_normality": "Normal",
            "sse_fitted": 3.288e-06
        },
        "inputs": {
            "line_month_ppp": 57.7917,
            "mean_month_ppp": 178.414
        },
        "dist": {
            "deciles": [
                2.192,
                3.34073,
                4.31385,
                5.33343,
                6.466,
                7.78686,
                9.4236,
                11.6554,
                15.3498,
                34.1383
            ],
            "mean_corrected_is_ppp": "(PPP$)",
            "mean_poor50": 110.89,
            "mean_poor50_is_ppp": "(PPP$)",
            "PG": 3.47041,
            "HC": 13.9348,
            "median_ppp": 126.443036061495,
            "median": 181.532,
            "Gini": 43.5232,
            "elasticity": {
                "HC_wrt_mean_C": -2.37174,
                "FGT2_wrt_mean_C": -3.39866,
                "HC_wrt_Gini": 4.95027,
                "PG_wrt_Gini": 9.38074,
                "FGT2_wrt_Gini": 13.268,
                "PG_wrt_mean_C": -3.01533
            },
            "Watt": "0.0438618",
            "mean_corrected": 144.662,
            "FGT2": 1.28566,
            "polarization": -123.753,
            "median_is_ppp": "(PPP$)",
            "MLD": 0.327349
        },
        "reg": {
            "SSE": 4.106297e-05,
            "SST": 3.861419,
            "R2": 0.9999894,
            "RMSE": 0.003699684,
            "ymean": -1.82543,
            "MSE": 1.368766e-05,
            "params": {
                "A": {
                    "coef": -0.276241,
                    "t": -46.9473,
                    "se": 0.0058841
                },
                "B": {
                    "coef": 0.966758,
                    "t": 394.592,
                    "se": 0.00245
                },
                "C": {
                    "t": 121.214,
                    "coef": 0.453087,
                    "se": 0.0037379
                }
            }
        }
    }
}