{
    "dist": {
        "deciles": [
            4.37826,
            5.93239,
            6.92104,
            7.83375,
            8.75152,
            9.72556,
            10.8167,
            12.1363,
            13.9898,
            19.5147
        ],
        "mean_corrected_is_ppp": "(PPP$)",
        "uses": "Beta",
        "FGT2": 0.128103,
        "mean_poor50_is_ppp": "(PPP$)",
        "PG": 0.206315,
        "HC": 0.731999,
        "poverty_uses": "Beta",
        "median_ppp": 177.775197999354,
        "poverty_uses_commentary": "(Both are valid and normal, but Beta fits better.)",
        "mean_corrected": -0.302002,
        "Gini": 23.3122,
        "elasticity": {
            "HC_wrt_mean_C": -3.78417,
            "FGT2_wrt_mean_C": -1.22108,
            "HC_wrt_Gini": 8.83455,
            "PG_wrt_Gini": 9.28312,
            "FGT2_wrt_Gini": 9.51996,
            "PG_wrt_mean_C": -2.54797
        },
        "Watt": "0.00215294",
        "median": 53.6885,
        "mean_poor50": 39.3627,
        "polarization": -147.759,
        "median_is_ppp": "(PPP$)",
        "uses_commentary": "(Both are valid, but Beta fits better)",
        "MLD": 0.0927371
    },
    "inputs": {
        "line_month_ppp": 57.7917,
        "mean_month_ppp": 192.713
    },
    "quadratic": {
        "summary": {
            "lorenz_validity": "Valid",
            "Z": {
                "high": 423.481,
                "low": 72.0443
            },
            "sse_up_to_hcindex": 6.47002e-07,
            "poverty_normality": "Normal",
            "sse_fitted": 1.20612e-06
        },
        "inputs": {
            "line_month_ppp": 57.7917,
            "mean_month_ppp": 192.713
        },
        "dist": {
            "deciles": [
                4.42549,
                5.84619,
                6.93478,
                7.87948,
                8.77859,
                9.70834,
                10.7595,
                12.0937,
                14.1422,
                19.4318
            ],
            "mean_corrected_is_ppp": "(PPP$)",
            "mean_poor50": 39.4181,
            "mean_poor50_is_ppp": "(PPP$)",
            "PG": 0.0,
            "HC": 0.0,
            "median_ppp": 177.910268209324,
            "median": 53.7293,
            "Gini": 23.2209,
            "elasticity": {
                "HC_wrt_mean_C": 0.0,
                "FGT2_wrt_mean_C": 0.0,
                "HC_wrt_Gini": 0.0,
                "PG_wrt_Gini": 0.0,
                "FGT2_wrt_Gini": 0.0,
                "PG_wrt_mean_C": 0.0
            },
            "Watt": "0",
            "mean_corrected": 44.6852,
            "FGT2": 0.0,
            "polarization": 19.606,
            "median_is_ppp": "(PPP$)",
            "MLD": 0.0887357
        },
        "reg": {
            "SSE": 4.187608e-07,
            "SST": 0.02629622,
            "R2": 0.9999841,
            "RMSE": 0.0006471173,
            "ymean": 0.1475333,
            "MSE": 4.187608e-07,
            "params": {
                "A": {
                    "coef": 1.00867,
                    "t": 76.4699,
                    "se": 0.01319
                },
                "B": {
                    "coef": -1.68296,
                    "t": -57.8612,
                    "se": 0.029086
                },
                "C": {
                    "t": 6.03728,
                    "coef": 0.176107,
                    "se": 0.02917
                }
            }
        }
    },
    "dataset": {
        "source": "UKR_N1988Y",
        "year": 1988,
        "coverage": "National",
        "timespan": "UnDefined",
        "iso3c": "UKR",
        "format": "Grouped",
        "country": "Ukraine",
        "measure": "Income"
    },
    "summary": {
        "lorenz_validity": "Valid",
        "Z": {
            "high": 408.251,
            "low": 29.6576
        },
        "sse_up_to_hcindex": 7.03561e-10,
        "poverty_normality": "Normal",
        "sse_fitted": 7.91777e-08
    },
    "lorenz": {
        "L": [
            0.03379577,
            0.1360175,
            0.4706721,
            0.7432634,
            1.0
        ],
        "index": [
            1,
            2,
            3,
            4,
            5
        ],
        "p": [
            0.081,
            0.249,
            0.634,
            0.858,
            1.0
        ]
    },
    "beta": {
        "implied": {
            "gamma": 0.8971333,
            "theta": 0.4754413,
            "delta": 0.6576507
        },
        "summary": {
            "lorenz_validity": "Valid",
            "Z": {
                "high": 408.251,
                "low": 29.6576
            },
            "sse_up_to_hcindex": 7.03561e-10,
            "poverty_normality": "Normal",
            "sse_fitted": 7.91777e-08
        },
        "inputs": {
            "line_month_ppp": 57.7917,
            "mean_month_ppp": 192.713
        },
        "dist": {
            "deciles": [
                4.37826,
                5.93239,
                6.92104,
                7.83375,
                8.75152,
                9.72556,
                10.8167,
                12.1363,
                13.9898,
                19.5147
            ],
            "mean_corrected_is_ppp": "(PPP$)",
            "mean_poor50": 39.3627,
            "mean_poor50_is_ppp": "(PPP$)",
            "PG": 0.206315,
            "HC": 0.731999,
            "median_ppp": 177.775197999354,
            "median": 53.6885,
            "Gini": 23.3122,
            "elasticity": {
                "HC_wrt_mean_C": -3.78417,
                "FGT2_wrt_mean_C": -1.22108,
                "HC_wrt_Gini": 8.83455,
                "PG_wrt_Gini": 9.28312,
                "FGT2_wrt_Gini": 9.51996,
                "PG_wrt_mean_C": -2.54797
            },
            "Watt": "0.00215294",
            "mean_corrected": 44.632,
            "FGT2": 0.128103,
            "polarization": -147.759,
            "median_is_ppp": "(PPP$)",
            "MLD": 0.0927371
        },
        "reg": {
            "SSE": 4.427234e-06,
            "SST": 0.8380054,
            "R2": 0.9999947,
            "RMSE": 0.002104099,
            "ymean": -2.302727,
            "MSE": 4.427234e-06,
            "params": {
                "A": {
                    "coef": -0.743512,
                    "t": -140.002,
                    "se": 0.0053107
                },
                "B": {
                    "coef": 0.897133,
                    "t": 364.038,
                    "se": 0.0024644
                },
                "C": {
                    "t": 212.059,
                    "coef": 0.657651,
                    "se": 0.0031013
                }
            }
        }
    }
}