{
    "dist": {
        "deciles": [
            3.65481,
            5.14844,
            6.16755,
            7.14229,
            8.15282,
            9.25888,
            10.5416,
            12.1605,
            14.5753,
            23.1979
        ],
        "mean_corrected_is_ppp": "(PPP$)",
        "uses": "Beta",
        "FGT2": 0.589617,
        "mean_poor50_is_ppp": "(PPP$)",
        "PG": 1.65466,
        "HC": 8.25999,
        "poverty_uses": "Beta",
        "median_ppp": 115.233308332355,
        "poverty_uses_commentary": "(Both are valid and normal, but Beta fits better.)",
        "mean_corrected": -0.302002,
        "Gini": 28.9614,
        "elasticity": {
            "HC_wrt_mean_C": -3.8537,
            "FGT2_wrt_mean_C": -3.61267,
            "HC_wrt_Gini": 4.99434,
            "PG_wrt_Gini": 7.46948,
            "FGT2_wrt_Gini": 9.27393,
            "PG_wrt_mean_C": -3.99195
        },
        "Watt": "0.0200187",
        "median": 34.8007,
        "mean_poor50": 24.2565,
        "polarization": -141.138,
        "median_is_ppp": "(PPP$)",
        "uses_commentary": "(Both are valid, but Beta fits better)",
        "MLD": 0.14317
    },
    "inputs": {
        "line_month_ppp": 57.7917,
        "mean_month_ppp": 132.689
    },
    "quadratic": {
        "summary": {
            "lorenz_validity": "Valid",
            "Z": {
                "high": 362.051,
                "low": 43.4157
            },
            "sse_up_to_hcindex": 1.01031e-06,
            "poverty_normality": "Normal",
            "sse_fitted": 2.38634e-06
        },
        "inputs": {
            "line_month_ppp": 57.7917,
            "mean_month_ppp": 132.689
        },
        "dist": {
            "deciles": [
                3.73855,
                5.05855,
                6.16085,
                7.17085,
                8.17046,
                9.23728,
                10.4788,
                12.1059,
                14.7289,
                23.1499
            ],
            "mean_corrected_is_ppp": "(PPP$)",
            "mean_poor50": 24.2832,
            "mean_poor50_is_ppp": "(PPP$)",
            "PG": 1.42413,
            "HC": 9.28215,
            "median_ppp": 115.245774876211,
            "median": 34.8045,
            "Gini": 28.8594,
            "elasticity": {
                "HC_wrt_mean_C": -3.5481,
                "FGT2_wrt_mean_C": -7.55064,
                "HC_wrt_Gini": 4.59828,
                "PG_wrt_Gini": 9.44695,
                "FGT2_wrt_Gini": 14.3775,
                "PG_wrt_mean_C": -5.51779
            },
            "Watt": "0.0171565",
            "mean_corrected": 28.5077,
            "FGT2": 0.298226,
            "polarization": 24.2753,
            "median_is_ppp": "(PPP$)",
            "MLD": 0.137226
        },
        "reg": {
            "SSE": 1.301383e-06,
            "SST": 0.04518559,
            "R2": 0.9999712,
            "RMSE": 0.0004657221,
            "ymean": 0.1698547,
            "MSE": 2.168971e-07,
            "params": {
                "A": {
                    "coef": 0.942144,
                    "t": 198.407,
                    "se": 0.0047486
                },
                "B": {
                    "coef": -1.46183,
                    "t": -87.5334,
                    "se": 0.0167
                },
                "C": {
                    "t": 16.9266,
                    "coef": 0.201275,
                    "se": 0.011891
                }
            }
        }
    },
    "dataset": {
        "source": "UKR_N1999Y",
        "year": 1999,
        "coverage": "National",
        "timespan": "UnDefined",
        "iso3c": "UKR",
        "format": "Grouped",
        "country": "Ukraine",
        "measure": "Income"
    },
    "summary": {
        "lorenz_validity": "Valid",
        "Z": {
            "high": 337.828,
            "low": 17.2632
        },
        "sse_up_to_hcindex": 2.81392e-08,
        "poverty_normality": "Normal",
        "sse_fitted": 1.52145e-06
    },
    "lorenz": {
        "L": [
            0.03638037,
            0.08819144,
            0.1501781,
            0.221551,
            0.3027436,
            0.3949063,
            0.4998387,
            0.6219341,
            0.7684145,
            1.0
        ],
        "index": [
            1,
            2,
            3,
            4,
            5,
            6,
            7,
            8,
            9,
            10
        ],
        "p": [
            0.1,
            0.2,
            0.3,
            0.4,
            0.5,
            0.6,
            0.7,
            0.8,
            0.9,
            1.0
        ]
    },
    "beta": {
        "implied": {
            "gamma": 0.9188414,
            "theta": 0.5598585,
            "delta": 0.5855306
        },
        "summary": {
            "lorenz_validity": "Valid",
            "Z": {
                "high": 337.828,
                "low": 17.2632
            },
            "sse_up_to_hcindex": 2.81392e-08,
            "poverty_normality": "Normal",
            "sse_fitted": 1.52145e-06
        },
        "inputs": {
            "line_month_ppp": 57.7917,
            "mean_month_ppp": 132.689
        },
        "dist": {
            "deciles": [
                3.65481,
                5.14844,
                6.16755,
                7.14229,
                8.15282,
                9.25888,
                10.5416,
                12.1605,
                14.5753,
                23.1979
            ],
            "mean_corrected_is_ppp": "(PPP$)",
            "mean_poor50": 24.2565,
            "mean_poor50_is_ppp": "(PPP$)",
            "PG": 1.65466,
            "HC": 8.25999,
            "median_ppp": 115.233308332355,
            "median": 34.8007,
            "Gini": 28.9614,
            "elasticity": {
                "HC_wrt_mean_C": -3.8537,
                "FGT2_wrt_mean_C": -3.61267,
                "HC_wrt_Gini": 4.99434,
                "PG_wrt_Gini": 7.46948,
                "FGT2_wrt_Gini": 9.27393,
                "PG_wrt_mean_C": -3.99195
            },
            "Watt": "0.0200187",
            "mean_corrected": 28.4668,
            "FGT2": 0.589617,
            "polarization": -141.138,
            "median_is_ppp": "(PPP$)",
            "MLD": 0.14317
        },
        "reg": {
            "SSE": 5.677691e-05,
            "SST": 1.154401,
            "R2": 0.9999508,
            "RMSE": 0.003076169,
            "ymean": -1.904159,
            "MSE": 9.462819e-06,
            "params": {
                "A": {
                    "coef": -0.580071,
                    "t": -118.99,
                    "se": 0.004875
                },
                "B": {
                    "coef": 0.918841,
                    "t": 325.88,
                    "se": 0.0028196
                },
                "C": {
                    "t": 207.666,
                    "coef": 0.585531,
                    "se": 0.0028196
                }
            }
        }
    }
}