{
    "dist": {
        "deciles": [
            1.88905,
            3.09374,
            4.23923,
            5.38907,
            6.60805,
            7.9825,
            9.65908,
            11.9567,
            15.8666,
            33.316
        ],
        "mean_corrected_is_ppp": "(PPP$)",
        "uses": "GQ",
        "FGT2": 0.0,
        "mean_poor50_is_ppp": "(PPP$)",
        "PG": 0.0,
        "HC": 0.0,
        "poverty_uses": "GQ",
        "median_ppp": 389.200876743012,
        "poverty_uses_commentary": "(Beta is invalid.)",
        "mean_corrected": -0.0608871,
        "Gini": 43.6454,
        "elasticity": {
            "HC_wrt_mean_C": 0.0,
            "FGT2_wrt_mean_C": 0.0,
            "HC_wrt_Gini": 0.0,
            "PG_wrt_Gini": 0.0,
            "FGT2_wrt_Gini": 0.0,
            "PG_wrt_mean_C": 0.0
        },
        "Watt": "0",
        "median": 23.6973,
        "mean_poor50": 13.852,
        "polarization": 38.3361,
        "median_is_ppp": "(PPP$)",
        "uses_commentary": "(Beta lorenz curves is invalid)",
        "MLD": 0.334191
    },
    "lorenz": {
        "L": [
            0.01749694,
            0.04945379,
            0.09278818,
            0.1470015,
            0.212683,
            0.2914646,
            0.3876071,
            0.5077286,
            0.6684647,
            1.0
        ],
        "index": [
            1,
            2,
            3,
            4,
            5,
            6,
            7,
            8,
            9,
            10
        ],
        "p": [
            0.1,
            0.2,
            0.3,
            0.4,
            0.5,
            0.6,
            0.7,
            0.8,
            0.9,
            1.0
        ]
    },
    "quadratic": {
        "summary": {
            "lorenz_validity": "Valid",
            "Z": {
                "high": 2136.88,
                "low": 71.6358
            },
            "sse_up_to_hcindex": 1.94211e-06,
            "poverty_normality": "Normal",
            "sse_fitted": 7.58095e-06
        },
        "inputs": {
            "line_month_ppp": 57.7917,
            "mean_month_ppp": 536.079
        },
        "dist": {
            "deciles": [
                1.88905,
                3.09374,
                4.23923,
                5.38907,
                6.60805,
                7.9825,
                9.65908,
                11.9567,
                15.8666,
                33.316
            ],
            "mean_corrected_is_ppp": "(PPP$)",
            "mean_poor50": 13.852,
            "mean_poor50_is_ppp": "(PPP$)",
            "PG": 0.0,
            "HC": 0.0,
            "median_ppp": 389.200876743012,
            "median": 23.6973,
            "Gini": 43.6454,
            "elasticity": {
                "HC_wrt_mean_C": 0.0,
                "FGT2_wrt_mean_C": 0.0,
                "HC_wrt_Gini": 0.0,
                "PG_wrt_Gini": 0.0,
                "FGT2_wrt_Gini": 0.0,
                "PG_wrt_mean_C": 0.0
            },
            "Watt": "0",
            "mean_corrected": 18.3943,
            "FGT2": 0.0,
            "polarization": 38.3361,
            "median_is_ppp": "(PPP$)",
            "MLD": 0.334191
        },
        "reg": {
            "SSE": 8.387219e-06,
            "SST": 0.05942745,
            "R2": 0.9998589,
            "RMSE": 0.001182315,
            "ymean": 0.1507399,
            "MSE": 1.39787e-06,
            "params": {
                "A": {
                    "coef": 0.913208,
                    "t": 111.552,
                    "se": 0.0081864
                },
                "B": {
                    "coef": -0.831705,
                    "t": -19.3153,
                    "se": 0.043059
                },
                "C": {
                    "t": 10.2051,
                    "coef": 0.154265,
                    "se": 0.015116
                }
            }
        }
    },
    "dataset": {
        "source": "URY_N1981Y",
        "year": 1981,
        "coverage": "National",
        "timespan": "UnDefined",
        "iso3c": "URY",
        "format": "Grouped",
        "country": "Uruguay",
        "measure": "Income"
    },
    "summary": {
        "lorenz_validity": "Valid",
        "Z": {
            "high": 2136.88,
            "low": 71.6358
        },
        "sse_up_to_hcindex": 1.94211e-06,
        "poverty_normality": "Normal",
        "sse_fitted": 7.58095e-06
    },
    "inputs": {
        "line_month_ppp": 57.7917,
        "mean_month_ppp": 536.079
    },
    "beta": {
        "implied": {
            "theta": 0.7787348,
            "gamma": 0.9542549,
            "delta": 0.4805482
        },
        "summary": {
            "lorenz_validity": "Invalid",
            "Z": {
                "high": 1972.7,
                "low": 0.0
            },
            "sse_up_to_hcindex": 6.30772e-08,
            "poverty_normality": "Normal",
            "sse_fitted": 1.10612e-05
        },
        "reg": {
            "SSE": 0.0001582433,
            "SST": 1.520866,
            "R2": 0.999896,
            "RMSE": 0.005135552,
            "ymean": -1.512941,
            "MSE": 2.637389e-05,
            "params": {
                "A": {
                    "coef": -0.250085,
                    "t": -30.7284,
                    "se": 0.0081386
                },
                "B": {
                    "coef": 0.954255,
                    "t": 202.724,
                    "se": 0.0047072
                },
                "C": {
                    "t": 102.088,
                    "coef": 0.480548,
                    "se": 0.0047072
                }
            }
        },
        "dist": {
            "PG": 0.624542,
            "HC": 1.36483,
            "elasticity": {
                "HC_wrt_mean_C": -2.03047,
                "FGT2_wrt_mean_C": -0.222556,
                "HC_wrt_Gini": 16.8043,
                "PG_wrt_Gini": 19.086,
                "FGT2_wrt_Gini": 20.394,
                "PG_wrt_mean_C": -1.18534
            },
            "Watt": "0.00327431",
            "FGT2": 0.562003
        },
        "inputs": {
            "line_month_ppp": 57.7917,
            "mean_month_ppp": 536.079
        }
    }
}