{
    "dataset": {
        "source": "USA_N2007Y",
        "timespan": "UnDefined",
        "coverage": "National",
        "year": 2007,
        "iso3c": "USA",
        "format": "Unit record",
        "country": "United States",
        "measure": "Income"
    },
    "lorenz": {
        "L": [
            0.0012723,
            0.013531,
            0.029061,
            0.047877,
            0.069817,
            0.094713,
            0.12264,
            0.1535,
            0.18516,
            0.22487,
            0.26565,
            0.30713,
            0.35552,
            0.40869,
            0.46729,
            0.53268,
            0.60662,
            0.69272,
            0.79922,
            1.0
        ],
        "index": [
            0,
            1,
            2,
            3,
            4,
            5,
            6,
            7,
            8,
            9,
            10,
            11,
            12,
            13,
            14,
            15,
            16,
            17,
            18,
            19
        ],
        "p": [
            0.050029,
            0.10337,
            0.15336,
            0.20334,
            0.25342,
            0.3033,
            0.3533,
            0.40332,
            0.45,
            0.50333,
            0.55333,
            0.60002,
            0.65001,
            0.70005,
            0.75001,
            0.80002,
            0.85001,
            0.90002,
            0.95003,
            1.0
        ]
    },
    "dist": {
        "deciles": [
            1.2757,
            3.3865,
            4.6442,
            5.8385,
            7.0943,
            8.4727,
            10.153,
            12.401,
            16.003,
            30.732
        ],
        "Gini": 0.417492,
        "Watt": 0.00529491,
        "MLD": 0.366249,
        "FGT2": 3.71154,
        "PG": 0.120986,
        "HC": 0.0133397,
        "median_ppp": 1529.33
    },
    "sample": {
        "mean_month_lcu": 1813.09,
        "effective_pop_wealth": 181313.0,
        "month_min": -1717.6,
        "mean_month_ppp": 1966.96,
        "month_max": 22681.5,
        "month_max_is_ppp": "",
        "month_min_is_ppp": "",
        "N": 300,
        "effective_pop_wealth_is_ppp": "",
        "effective_pop_N": 100.002
    },
    "inputs": {
        "line_month_lcu": 53.2707,
        "line_day_ppp": 1.9,
        "ppp": 1.0,
        "line_month_ppp": 57.7917
    }
}