{
    "dataset": {
        "source": "USA_N2010Y",
        "timespan": "UnDefined",
        "coverage": "National",
        "year": 2010,
        "iso3c": "USA",
        "format": "Unit record",
        "country": "United States",
        "measure": "Income"
    },
    "lorenz": {
        "L": [
            0.0052025,
            0.016201,
            0.03307,
            0.052205,
            0.074229,
            0.099128,
            0.12699,
            0.15787,
            0.19197,
            0.22946,
            0.27063,
            0.31582,
            0.36532,
            0.41589,
            0.47977,
            0.5469,
            0.62326,
            0.70569,
            0.81312,
            1.0
        ],
        "index": [
            0,
            1,
            2,
            3,
            4,
            5,
            6,
            7,
            8,
            9,
            10,
            11,
            12,
            13,
            14,
            15,
            16,
            17,
            18,
            19
        ],
        "p": [
            0.053339,
            0.10002,
            0.15332,
            0.20334,
            0.25333,
            0.30332,
            0.35331,
            0.40331,
            0.45333,
            0.50332,
            0.5533,
            0.6033,
            0.65331,
            0.7,
            0.7533,
            0.80332,
            0.85331,
            0.90001,
            0.95,
            1.0
        ]
    },
    "dist": {
        "deciles": [
            1.6196,
            3.4731,
            4.6548,
            5.8356,
            7.1143,
            8.5864,
            10.305,
            12.656,
            16.323,
            29.433
        ],
        "Gini": 0.40463,
        "Watt": 0.00494902,
        "MLD": 0.342527,
        "FGT2": 0.0217788,
        "PG": 0.0142576,
        "HC": 0.0133299,
        "median_ppp": 1486.31
    },
    "sample": {
        "mean_month_lcu": 1839.34,
        "effective_pop_wealth": 183936.0,
        "month_min": -38.675,
        "mean_month_ppp": 1897.4,
        "month_max": 18003.6,
        "month_max_is_ppp": "",
        "month_min_is_ppp": "",
        "N": 299,
        "effective_pop_wealth_is_ppp": "",
        "effective_pop_N": 100.001
    },
    "inputs": {
        "line_month_lcu": 56.0231,
        "line_day_ppp": 1.9,
        "ppp": 1.0,
        "line_month_ppp": 57.7917
    }
}