{
    "dataset": {
        "source": "USA_N2000Y",
        "timespan": "UnDefined",
        "coverage": "National",
        "year": 2000,
        "iso3c": "USA",
        "format": "Unit record",
        "country": "United States",
        "measure": "Income"
    },
    "lorenz": {
        "L": [
            0.0057073,
            0.018114,
            0.034366,
            0.053709,
            0.07595,
            0.10109,
            0.12908,
            0.1601,
            0.19413,
            0.23128,
            0.27184,
            0.31893,
            0.36391,
            0.41663,
            0.4747,
            0.53913,
            0.61688,
            0.69574,
            0.807,
            1.0
        ],
        "index": [
            0,
            1,
            2,
            3,
            4,
            5,
            6,
            7,
            8,
            9,
            10,
            11,
            12,
            13,
            14,
            15,
            16,
            17,
            18,
            19
        ],
        "p": [
            0.050012,
            0.1,
            0.15001,
            0.20002,
            0.25002,
            0.30003,
            0.35,
            0.40002,
            0.45,
            0.50001,
            0.55004,
            0.60334,
            0.65001,
            0.70004,
            0.75003,
            0.80001,
            0.85332,
            0.90001,
            0.95334,
            1.0
        ]
    },
    "dist": {
        "deciles": [
            1.8113,
            3.559,
            4.7377,
            5.901,
            7.1189,
            8.47,
            10.061,
            12.252,
            15.662,
            30.427
        ],
        "Gini": 0.404589,
        "Watt": 0.00419413,
        "MLD": 0.325086,
        "FGT2": 0.0188123,
        "PG": 0.010978,
        "HC": 0.0100103,
        "median_ppp": 1469.04
    },
    "sample": {
        "mean_month_lcu": 1453.15,
        "effective_pop_wealth": 145311.0,
        "month_min": -41.51,
        "mean_month_ppp": 1898.2,
        "month_max": 20989.4,
        "month_max_is_ppp": "",
        "month_min_is_ppp": "",
        "N": 300,
        "effective_pop_wealth_is_ppp": "",
        "effective_pop_N": 99.997
    },
    "inputs": {
        "line_month_lcu": 44.2419,
        "line_day_ppp": 1.9,
        "ppp": 1.0,
        "line_month_ppp": 57.7917
    }
}