{
    "dataset": {
        "source": "USA_N1991Y",
        "timespan": "UnDefined",
        "coverage": "National",
        "year": 1991,
        "iso3c": "USA",
        "format": "Unit record",
        "country": "United States",
        "measure": "Income"
    },
    "lorenz": {
        "L": [
            0.0061156,
            0.018365,
            0.034472,
            0.05399,
            0.076688,
            0.10264,
            0.13379,
            0.16631,
            0.20208,
            0.2413,
            0.28417,
            0.33071,
            0.38138,
            0.43668,
            0.4977,
            0.56536,
            0.64199,
            0.72361,
            0.82908,
            1.0
        ],
        "index": [
            0,
            1,
            2,
            3,
            4,
            5,
            6,
            7,
            8,
            9,
            10,
            11,
            12,
            13,
            14,
            15,
            16,
            17,
            18,
            19
        ],
        "p": [
            0.050044,
            0.10002,
            0.15001,
            0.2,
            0.25001,
            0.30007,
            0.35331,
            0.40331,
            0.45332,
            0.50331,
            0.55331,
            0.60332,
            0.65333,
            0.70331,
            0.75331,
            0.80332,
            0.85342,
            0.9,
            0.95001,
            1.0
        ]
    },
    "dist": {
        "deciles": [
            1.8361,
            3.5627,
            4.8618,
            6.1554,
            7.4546,
            8.8908,
            10.541,
            12.785,
            16.273,
            27.64
        ],
        "Gini": 0.38356,
        "Watt": 0.00198255,
        "MLD": 0.285041,
        "FGT2": 0.0318802,
        "PG": 0.0116916,
        "HC": 0.00668047,
        "median_ppp": 1325.92
    },
    "sample": {
        "mean_month_lcu": 981.506,
        "effective_pop_wealth": 98143.7,
        "month_min": -72.13,
        "mean_month_ppp": 1621.09,
        "month_max": 7142.35,
        "month_max_is_ppp": "",
        "month_min_is_ppp": "",
        "N": 300,
        "effective_pop_wealth_is_ppp": "",
        "effective_pop_N": 99.993
    },
    "inputs": {
        "line_month_lcu": 34.9905,
        "line_day_ppp": 1.9,
        "ppp": 1.0,
        "line_month_ppp": 57.7917
    }
}