{
    "dataset": {
        "source": "USA_N2004Y",
        "timespan": "UnDefined",
        "coverage": "National",
        "year": 2004,
        "iso3c": "USA",
        "format": "Unit record",
        "country": "United States",
        "measure": "Income"
    },
    "lorenz": {
        "L": [
            0.0053991,
            0.016568,
            0.032415,
            0.051518,
            0.073662,
            0.098804,
            0.12889,
            0.16012,
            0.19443,
            0.23202,
            0.27023,
            0.31778,
            0.36665,
            0.42014,
            0.47484,
            0.54425,
            0.61796,
            0.7034,
            0.80891,
            1.0
        ],
        "index": [
            0,
            1,
            2,
            3,
            4,
            5,
            6,
            7,
            8,
            9,
            10,
            11,
            12,
            13,
            14,
            15,
            16,
            17,
            18,
            19
        ],
        "p": [
            0.05336,
            0.1,
            0.15001,
            0.20002,
            0.25,
            0.3,
            0.3533,
            0.4033,
            0.4533,
            0.50332,
            0.55006,
            0.60333,
            0.65332,
            0.70333,
            0.75001,
            0.80331,
            0.85332,
            0.90333,
            0.95332,
            1.0
        ]
    },
    "dist": {
        "deciles": [
            1.6568,
            3.4942,
            4.7294,
            5.9258,
            7.1467,
            8.5279,
            10.177,
            12.337,
            15.777,
            30.229
        ],
        "Gini": 0.406195,
        "Watt": 0.0072284,
        "MLD": 0.345103,
        "FGT2": 0.0203727,
        "PG": 0.0138092,
        "HC": 0.01333,
        "median_ppp": 1501.04
    },
    "sample": {
        "mean_month_lcu": 1612.05,
        "effective_pop_wealth": 161205.0,
        "month_min": -31.897,
        "mean_month_ppp": 1919.78,
        "month_max": 21397.3,
        "month_max_is_ppp": "",
        "month_min_is_ppp": "",
        "N": 300,
        "effective_pop_wealth_is_ppp": "",
        "effective_pop_N": 100.0
    },
    "inputs": {
        "line_month_lcu": 48.5282,
        "line_day_ppp": 1.9,
        "ppp": 1.0,
        "line_month_ppp": 57.7917
    }
}