{
    "dataset": {
        "source": "USA_N1997Y",
        "timespan": "UnDefined",
        "coverage": "National",
        "year": 1997,
        "iso3c": "USA",
        "format": "Unit record",
        "country": "United States",
        "measure": "Income"
    },
    "lorenz": {
        "L": [
            0.0054423,
            0.017525,
            0.034651,
            0.052495,
            0.074439,
            0.10094,
            0.12683,
            0.15746,
            0.19354,
            0.22819,
            0.2684,
            0.31238,
            0.36042,
            0.41689,
            0.47142,
            0.53615,
            0.60944,
            0.69466,
            0.80715,
            1.0
        ],
        "index": [
            0,
            1,
            2,
            3,
            4,
            5,
            6,
            7,
            8,
            9,
            10,
            11,
            12,
            13,
            14,
            15,
            16,
            17,
            18,
            19
        ],
        "p": [
            0.050003,
            0.10001,
            0.15338,
            0.20001,
            0.25002,
            0.30332,
            0.35,
            0.40004,
            0.45337,
            0.5001,
            0.55001,
            0.60001,
            0.65004,
            0.70331,
            0.75001,
            0.80001,
            0.85004,
            0.90001,
            0.95332,
            1.0
        ]
    },
    "dist": {
        "deciles": [
            1.7524,
            3.4967,
            4.6803,
            5.8141,
            7.0684,
            8.4261,
            10.1,
            12.277,
            15.849,
            30.537
        ],
        "Gini": 0.408606,
        "Watt": 0.00453343,
        "MLD": 0.329448,
        "FGT2": 0.0333858,
        "PG": 0.0141997,
        "HC": 0.0099906,
        "median_ppp": 1372.05
    },
    "sample": {
        "mean_month_lcu": 1272.09,
        "effective_pop_wealth": 127201.0,
        "month_min": -68.338,
        "mean_month_ppp": 1782.63,
        "month_max": 18172.9,
        "month_max_is_ppp": "",
        "month_min_is_ppp": "",
        "N": 300,
        "effective_pop_wealth_is_ppp": "",
        "effective_pop_N": 99.994
    },
    "inputs": {
        "line_month_lcu": 41.2402,
        "line_day_ppp": 1.9,
        "ppp": 1.0,
        "line_month_ppp": 57.7917
    }
}