{
    "dataset": {
        "source": "USA_N2013Y",
        "timespan": "UnDefined",
        "coverage": "National",
        "year": 2013,
        "iso3c": "USA",
        "format": "Unit record",
        "country": "United States",
        "measure": "Income"
    },
    "lorenz": {
        "L": [
            0.00498,
            0.017854,
            0.032527,
            0.05109,
            0.072435,
            0.096755,
            0.1239,
            0.15407,
            0.18752,
            0.22408,
            0.26434,
            0.30854,
            0.357,
            0.41041,
            0.46958,
            0.53557,
            0.61072,
            0.69814,
            0.80638,
            1.0
        ],
        "index": [
            0,
            1,
            2,
            3,
            4,
            5,
            6,
            7,
            8,
            9,
            10,
            11,
            12,
            13,
            14,
            15,
            16,
            17,
            18,
            19
        ],
        "p": [
            0.050005,
            0.10334,
            0.15006,
            0.20009,
            0.25002,
            0.30013,
            0.35005,
            0.40006,
            0.4501,
            0.50003,
            0.55003,
            0.60003,
            0.65002,
            0.70002,
            0.75001,
            0.80001,
            0.85002,
            0.90003,
            0.95003,
            1.0
        ]
    },
    "dist": {
        "deciles": [
            1.7048,
            3.4009,
            4.5636,
            5.7346,
            7.0025,
            8.4441,
            10.188,
            12.517,
            16.253,
            30.192
        ],
        "Gini": 0.410642,
        "Watt": 0.00671801,
        "MLD": 0.345994,
        "FGT2": 0.0116008,
        "PG": 0.0104254,
        "HC": 0.0100189,
        "median_ppp": 1465.7
    },
    "sample": {
        "mean_month_lcu": 1985.74,
        "effective_pop_wealth": 198596.0,
        "month_min": -15.243,
        "mean_month_ppp": 1917.39,
        "month_max": 19459.8,
        "month_max_is_ppp": "",
        "month_min_is_ppp": "",
        "N": 300,
        "effective_pop_wealth_is_ppp": "",
        "effective_pop_N": 100.011
    },
    "inputs": {
        "line_month_lcu": 59.8516,
        "line_day_ppp": 1.9,
        "ppp": 1.0,
        "line_month_ppp": 57.7917
    }
}