{
    "dataset": {
        "source": "USA_N1986Y",
        "timespan": "UnDefined",
        "coverage": "National",
        "year": 1986,
        "iso3c": "USA",
        "format": "Unit record",
        "country": "United States",
        "measure": "Income"
    },
    "lorenz": {
        "L": [
            0.0057066,
            0.018948,
            0.035354,
            0.054022,
            0.079048,
            0.10584,
            0.13358,
            0.16856,
            0.20475,
            0.24146,
            0.28421,
            0.33094,
            0.38197,
            0.43783,
            0.49934,
            0.5674,
            0.64392,
            0.73138,
            0.84435,
            1.0
        ],
        "index": [
            0,
            1,
            2,
            3,
            4,
            5,
            6,
            7,
            8,
            9,
            10,
            11,
            12,
            13,
            14,
            15,
            16,
            17,
            18,
            19
        ],
        "p": [
            0.05002,
            0.10336,
            0.15332,
            0.20001,
            0.25332,
            0.30334,
            0.35002,
            0.40333,
            0.45334,
            0.50001,
            0.55,
            0.60002,
            0.65002,
            0.70002,
            0.75003,
            0.8,
            0.85002,
            0.9,
            0.95333,
            1.0
        ]
    },
    "dist": {
        "deciles": [
            1.8114,
            3.5905,
            5.0036,
            6.2327,
            7.507,
            8.9466,
            10.688,
            12.96,
            16.398,
            26.862
        ],
        "Gini": 0.377271,
        "Watt": 0.00293249,
        "MLD": 0.281291,
        "FGT2": 0.072105,
        "PG": 0.0189947,
        "HC": 0.00667993,
        "median_ppp": 1289.17
    },
    "sample": {
        "mean_month_lcu": 770.729,
        "effective_pop_wealth": 77073.6,
        "month_min": -87.408,
        "mean_month_ppp": 1581.82,
        "month_max": 5145.93,
        "month_max_is_ppp": "",
        "month_min_is_ppp": "",
        "N": 300,
        "effective_pop_wealth_is_ppp": "",
        "effective_pop_N": 100.001
    },
    "inputs": {
        "line_month_lcu": 28.1586,
        "line_day_ppp": 1.9,
        "ppp": 1.0,
        "line_month_ppp": 57.7917
    }
}