{
    "dist": {
        "deciles": [
            1.28168,
            1.78276,
            2.40398,
            3.19338,
            4.22924,
            5.64941,
            7.7246,
            11.0844,
            17.72,
            44.9305
        ],
        "mean_corrected_is_ppp": "(PPP$)",
        "uses": "GQ",
        "FGT2": 5.31444,
        "mean_poor50_is_ppp": "(PPP$)",
        "PG": 11.7147,
        "HC": 32.5948,
        "poverty_uses": "GQ",
        "median_ppp": 94.3747756401061,
        "poverty_uses_commentary": "(Beta is invalid.)",
        "mean_corrected": -0.197335,
        "Gini": 57.7697,
        "elasticity": {
            "HC_wrt_mean_C": -1.09067,
            "FGT2_wrt_mean_C": -2.40863,
            "HC_wrt_Gini": 2.57478,
            "PG_wrt_Gini": 7.56846,
            "FGT2_wrt_Gini": 12.4076,
            "PG_wrt_mean_C": -1.78238
        },
        "Watt": "0.162325",
        "median": 18.6234,
        "mean_poor50": 9.88145,
        "polarization": 67.7006,
        "median_is_ppp": "(PPP$)",
        "uses_commentary": "(Beta lorenz curves is invalid)",
        "MLD": 0.604699
    },
    "lorenz": {
        "L": [
            0.004388374,
            0.01110337,
            0.01958489,
            0.02978051,
            0.04163949,
            0.05520254,
            0.07058969,
            0.08804276,
            0.1078642,
            0.130417,
            0.1561079,
            0.1855854,
            0.2198087,
            0.2603357,
            0.3091786,
            0.369955,
            0.4487192,
            0.5552224,
            0.7095477,
            1.0
        ],
        "index": [
            1,
            2,
            3,
            4,
            5,
            6,
            7,
            8,
            9,
            10,
            11,
            12,
            13,
            14,
            15,
            16,
            17,
            18,
            19,
            20
        ],
        "p": [
            0.05,
            0.1,
            0.15,
            0.2,
            0.25,
            0.3,
            0.35,
            0.4,
            0.45,
            0.5,
            0.55,
            0.6,
            0.65,
            0.7,
            0.75,
            0.8,
            0.85,
            0.9,
            0.95,
            1.0
        ]
    },
    "quadratic": {
        "summary": {
            "lorenz_validity": "Valid",
            "Z": {
                "high": 1154.76,
                "low": 24.7218
            },
            "sse_up_to_hcindex": 9.31996e-06,
            "poverty_normality": "Normal",
            "sse_fitted": 0.000218801
        },
        "inputs": {
            "line_month_ppp": 57.7917,
            "mean_month_ppp": 194.222
        },
        "dist": {
            "deciles": [
                1.28168,
                1.78276,
                2.40398,
                3.19338,
                4.22924,
                5.64941,
                7.7246,
                11.0844,
                17.72,
                44.9305
            ],
            "mean_corrected_is_ppp": "(PPP$)",
            "mean_poor50": 9.88145,
            "mean_poor50_is_ppp": "(PPP$)",
            "PG": 11.7147,
            "HC": 32.5948,
            "median_ppp": 94.3747756401061,
            "median": 18.6234,
            "Gini": 57.7697,
            "elasticity": {
                "HC_wrt_mean_C": -1.09067,
                "FGT2_wrt_mean_C": -2.40863,
                "HC_wrt_Gini": 2.57478,
                "PG_wrt_Gini": 7.56846,
                "FGT2_wrt_Gini": 12.4076,
                "PG_wrt_mean_C": -1.78238
            },
            "Watt": "0.162325",
            "mean_corrected": 16.1855,
            "FGT2": 5.31444,
            "polarization": 67.7006,
            "median_is_ppp": "(PPP$)",
            "MLD": 0.604699
        },
        "reg": {
            "SSE": 0.0009253889,
            "SST": 0.1301683,
            "R2": 0.9928908,
            "RMSE": 0.007605052,
            "ymean": 0.1213191,
            "MSE": 5.783681e-05,
            "params": {
                "A": {
                    "coef": 0.84101,
                    "t": 29.43,
                    "se": 0.028577
                },
                "B": {
                    "coef": 3.48272,
                    "t": 6.78457,
                    "se": 0.51333
                },
                "C": {
                    "t": 7.32743,
                    "coef": 0.633094,
                    "se": 0.086401
                }
            }
        }
    },
    "dataset": {
        "source": "ZAF_N2000X",
        "year": 2000,
        "coverage": "National",
        "timespan": "UnDefined",
        "iso3c": "ZAF",
        "format": "Grouped",
        "country": "South Africa",
        "measure": "Consumption"
    },
    "summary": {
        "lorenz_validity": "Valid",
        "Z": {
            "high": 1154.76,
            "low": 24.7218
        },
        "sse_up_to_hcindex": 9.31996e-06,
        "poverty_normality": "Normal",
        "sse_fitted": 0.000218801
    },
    "inputs": {
        "line_month_ppp": 57.7917,
        "mean_month_ppp": 194.222
    },
    "beta": {
        "implied": {
            "theta": 1.066021,
            "gamma": 1.061901,
            "delta": 0.4488764
        },
        "summary": {
            "lorenz_validity": "Invalid",
            "Z": {
                "high": 937.92,
                "low": 54.9812
            },
            "sse_up_to_hcindex": 0.000214368,
            "poverty_normality": "Normal",
            "sse_fitted": 0.00238527
        },
        "reg": {
            "SSE": 0.0248293,
            "SST": 6.848885,
            "R2": 0.9963747,
            "RMSE": 0.03939329,
            "ymean": -1.333856,
            "MSE": 0.001551831,
            "params": {
                "A": {
                    "coef": 0.0639328,
                    "t": 1.90098,
                    "se": 0.033631
                },
                "B": {
                    "coef": 1.0619,
                    "t": 57.2931,
                    "se": 0.018535
                },
                "C": {
                    "t": 24.2184,
                    "coef": 0.448876,
                    "se": 0.018535
                }
            }
        },
        "dist": {
            "PG": 14.3202,
            "HC": 32.7198,
            "elasticity": {
                "HC_wrt_mean_C": -0.782975,
                "FGT2_wrt_mean_C": -1.77529,
                "HC_wrt_Gini": 1.84839,
                "PG_wrt_Gini": 6.39397,
                "FGT2_wrt_Gini": 10.9125,
                "PG_wrt_mean_C": -1.28487
            },
            "Watt": "0.209589",
            "FGT2": 7.58625
        },
        "inputs": {
            "line_month_ppp": 57.7917,
            "mean_month_ppp": 194.222
        }
    }
}